lr-Adam,step,train_loss,L_comp,L_IC,L_phys,L_obs,L_ae,N_steps,epoch,val_loss
2.4597549999999995e-06,49,,,,,,,,,
2.4597549999999995e-06,49,,,,,,,,,
2.4597549999999995e-06,49,,,,,,,,,
,49,2.607755661010742,0.4285399913787842,0.7991552352905273,0.17936617136001587,0.19440758228302002,1.00628662109375,6.0,0,
,70,,,,,,,,0,0.8808668255805969
4.959504999999999e-06,99,,,,,,,,,
4.959504999999999e-06,99,,,,,,,,,
4.959504999999999e-06,99,,,,,,,,,
,99,1.509297490119934,0.2356838881969452,0.28263556957244873,0.06244106963276863,0.07923581451177597,0.8493011593818665,6.0,1,
,141,,,,,,,,1,0.3401361107826233
7.459254999999993e-06,149,,,,,,,,,
7.459254999999993e-06,149,,,,,,,,,
7.459254999999993e-06,149,,,,,,,,,
,149,1.99043869972229,0.22876454889774323,0.46101540327072144,0.06673268228769302,0.0668802559375763,1.1670458316802979,6.0,2,
9.959004999999994e-06,199,,,,,,,,,
9.959004999999994e-06,199,,,,,,,,,
9.959004999999994e-06,199,,,,,,,,,
,199,1.4545912742614746,0.16354888677597046,0.27216237783432007,0.046469852328300476,0.05206502974033356,0.92034512758255,6.0,2,
,212,,,,,,,,2,0.26580438017845154
1.2458755000000009e-05,249,,,,,,,,,
1.2458755000000009e-05,249,,,,,,,,,
1.2458755000000009e-05,249,,,,,,,,,
,249,1.0520176887512207,0.14107972383499146,0.13994422554969788,0.04697590321302414,0.04014861583709717,0.6838691830635071,6.0,3,
,283,,,,,,,,3,0.26601922512054443
1.4958504999999994e-05,299,,,,,,,,,
1.4958504999999994e-05,299,,,,,,,,,
1.4958504999999994e-05,299,,,,,,,,,
,299,1.0882649421691895,0.1361786276102066,0.2684788107872009,0.03994164615869522,0.03928461670875549,0.6043812036514282,6.0,4,
1.7458254999999992e-05,349,,,,,,,,,
1.7458254999999992e-05,349,,,,,,,,,
1.7458254999999992e-05,349,,,,,,,,,
,349,0.5701053738594055,0.17076125741004944,0.11738111823797226,0.038899991661310196,0.032262172549963,0.21080084145069122,6.0,4,
,354,,,,,,,,4,0.2504279315471649
1.9958005000000005e-05,399,,,,,,,,,
1.9958005000000005e-05,399,,,,,,,,,
1.9958005000000005e-05,399,,,,,,,,,
,399,0.48186618089675903,0.12536685168743134,0.24666692316532135,0.03667251765727997,0.034144725650548935,0.03901512920856476,6.0,5,
,425,,,,,,,,5,0.14944595098495483
2.2457754999999994e-05,449,,,,,,,,,
2.2457754999999994e-05,449,,,,,,,,,
2.2457754999999994e-05,449,,,,,,,,,
,449,0.41090837121009827,0.09123785048723221,0.24789899587631226,0.027676595374941826,0.0252532996237278,0.01884164847433567,6.0,6,
,496,,,,,,,,6,0.0961780995130539
2.4957504999999976e-05,499,,,,,,,,,
2.4957504999999976e-05,499,,,,,,,,,
2.4957504999999976e-05,499,,,,,,,,,
,499,0.43826642632484436,0.1412360966205597,0.19986592233181,0.040091466158628464,0.03819100931286812,0.01888195239007473,6.0,7,
2.745725499999997e-05,549,,,,,,,,,
2.745725499999997e-05,549,,,,,,,,,
2.745725499999997e-05,549,,,,,,,,,
,549,0.34007343649864197,0.09258443117141724,0.17415279150009155,0.029997002333402634,0.026189729571342468,0.01714947260916233,6.0,7,
,567,,,,,,,,7,0.12524154782295227
2.9957004999999947e-05,599,,,,,,,,,
2.9957004999999947e-05,599,,,,,,,,,
2.9957004999999947e-05,599,,,,,,,,,
,599,0.3434295654296875,0.12501467764377594,0.13364163041114807,0.031404346227645874,0.03955851495265961,0.013810382224619389,6.0,8,
,638,,,,,,,,8,0.1353977918624878
3.245675499999995e-05,649,,,,,,,,,
3.245675499999995e-05,649,,,,,,,,,
3.245675499999995e-05,649,,,,,,,,,
,649,0.31078797578811646,0.11188852787017822,0.10714109241962433,0.03779197484254837,0.03843457251787186,0.015531820245087147,7.0,9,
3.495650499999994e-05,699,,,,,,,,,
3.495650499999994e-05,699,,,,,,,,,
3.495650499999994e-05,699,,,,,,,,,
,699,0.31284916400909424,0.09355218708515167,0.1497652530670166,0.027228614315390587,0.025530047714710236,0.01677306741476059,7.0,9,
,709,,,,,,,,9,0.11331202834844589
3.745625499999992e-05,749,,,,,,,,,
3.745625499999992e-05,749,,,,,,,,,
3.745625499999992e-05,749,,,,,,,,,
,749,0.29682523012161255,0.07497180998325348,0.15775232017040253,0.0282250065356493,0.02226337417960167,0.013612720184028149,7.0,10,
,780,,,,,,,,10,0.1443866640329361
3.9956004999999894e-05,799,,,,,,,,,
3.9956004999999894e-05,799,,,,,,,,,
3.9956004999999894e-05,799,,,,,,,,,
,799,0.23317788541316986,0.06766434758901596,0.10457632690668106,0.02538786083459854,0.02276807278394699,0.012781270779669285,7.0,11,
4.245575499999985e-05,849,,,,,,,,,
4.245575499999985e-05,849,,,,,,,,,
4.245575499999985e-05,849,,,,,,,,,
,849,0.2890637218952179,0.07107049971818924,0.1557885855436325,0.026941586285829544,0.022539503872394562,0.012723539024591446,7.0,11,
,851,,,,,,,,11,0.12686794996261597
4.495550499999983e-05,899,,,,,,,,,
4.495550499999983e-05,899,,,,,,,,,
4.495550499999983e-05,899,,,,,,,,,
,899,0.21846112608909607,0.07919521629810333,0.07962499558925629,0.024073056876659393,0.022169362753629684,0.01339847780764103,7.0,12,
,922,,,,,,,,12,0.14775815606117249
4.7455254999999786e-05,949,,,,,,,,,
4.7455254999999786e-05,949,,,,,,,,,
4.7455254999999786e-05,949,,,,,,,,,
,949,0.28809037804603577,0.07241767644882202,0.13623389601707458,0.03609349578619003,0.03130757063627243,0.012037714943289757,7.0,13,
,993,,,,,,,,13,0.1691882610321045
4.9955004999999796e-05,999,,,,,,,,,
4.9955004999999796e-05,999,,,,,,,,,
4.9955004999999796e-05,999,,,,,,,,,
,999,0.26838549971580505,0.09267611801624298,0.11310706287622452,0.028111012652516365,0.023888127878308296,0.0106031633913517,7.0,14,
5.245475499999979e-05,1049,,,,,,,,,
5.245475499999979e-05,1049,,,,,,,,,
5.245475499999979e-05,1049,,,,,,,,,
,1049,0.21577252447605133,0.08850996196269989,0.07385063916444778,0.02290096879005432,0.019711781293153763,0.01079916674643755,7.0,14,
,1064,,,,,,,,14,0.1692875325679779
5.4954504999999814e-05,1099,,,,,,,,,
5.4954504999999814e-05,1099,,,,,,,,,
5.4954504999999814e-05,1099,,,,,,,,,
,1099,0.17378155887126923,0.046199411153793335,0.07880949974060059,0.019697662442922592,0.01913410611450672,0.009940877556800842,7.0,15,
,1135,,,,,,,,15,0.17328450083732605
5.745425499999982e-05,1149,,,,,,,,,
5.745425499999982e-05,1149,,,,,,,,,
5.745425499999982e-05,1149,,,,,,,,,
,1149,0.1932496726512909,0.08138352632522583,0.06234603375196457,0.020651940256357193,0.01930716447532177,0.009561002254486084,7.0,16,
5.995400499999984e-05,1199,,,,,,,,,
5.995400499999984e-05,1199,,,,,,,,,
5.995400499999984e-05,1199,,,,,,,,,
,1199,0.18901172280311584,0.058993082493543625,0.08481332659721375,0.017493784427642822,0.01713704690337181,0.010574471205472946,7.0,16,
,1206,,,,,,,,16,0.1126885712146759
6.245375499999984e-05,1249,,,,,,,,,
6.245375499999984e-05,1249,,,,,,,,,
6.245375499999984e-05,1249,,,,,,,,,
,1249,0.24430963397026062,0.05045376718044281,0.135575532913208,0.025326354429125786,0.022688644006848335,0.01026533730328083,7.0,17,
,1277,,,,,,,,17,0.12122824043035507
6.495350499999981e-05,1299,,,,,,,,,
6.495350499999981e-05,1299,,,,,,,,,
6.495350499999981e-05,1299,,,,,,,,,
,1299,0.18371517956256866,0.05351702868938446,0.0847141295671463,0.01869194209575653,0.017254792153835297,0.009537292644381523,7.0,18,
,1348,,,,,,,,18,0.12425337731838226
6.745325499999981e-05,1349,,,,,,,,,
6.745325499999981e-05,1349,,,,,,,,,
6.745325499999981e-05,1349,,,,,,,,,
,1349,0.20260289311408997,0.05089370906352997,0.0976460874080658,0.02209578827023506,0.020112263038754463,0.011855052784085274,8.0,19,
6.995300499999984e-05,1399,,,,,,,,,
6.995300499999984e-05,1399,,,,,,,,,
6.995300499999984e-05,1399,,,,,,,,,
,1399,0.14100244641304016,0.040558189153671265,0.05920791253447533,0.016088811680674553,0.015731284394860268,0.009416237473487854,8.0,19,
,1419,,,,,,,,19,0.07952913641929626
7.245275499999987e-05,1449,,,,,,,,,
7.245275499999987e-05,1449,,,,,,,,,
7.245275499999987e-05,1449,,,,,,,,,
,1449,0.14357569813728333,0.030559618026018143,0.0690813958644867,0.017478808760643005,0.016952339559793472,0.009503540582954884,8.0,20,
,1490,,,,,,,,20,0.07982731610536575
7.495250499999989e-05,1499,,,,,,,,,
7.495250499999989e-05,1499,,,,,,,,,
7.495250499999989e-05,1499,,,,,,,,,
,1499,0.24519355595111847,0.06495999544858932,0.11490917205810547,0.028101906180381775,0.02700956165790558,0.010212913155555725,8.0,21,
7.74522549999999e-05,1549,,,,,,,,,
7.74522549999999e-05,1549,,,,,,,,,
7.74522549999999e-05,1549,,,,,,,,,
,1549,0.12217003852128983,0.03810657933354378,0.041317619383335114,0.016752345487475395,0.016201645135879517,0.00979184452444315,8.0,21,
,1561,,,,,,,,21,0.05770927667617798
7.995200499999991e-05,1599,,,,,,,,,
7.995200499999991e-05,1599,,,,,,,,,
7.995200499999991e-05,1599,,,,,,,,,
,1599,0.14221471548080444,0.0321938619017601,0.07530686259269714,0.01398780383169651,0.013072440400719643,0.007653737906366587,8.0,22,
,1632,,,,,,,,22,0.0872967541217804
8.245175499999988e-05,1649,,,,,,,,,
8.245175499999988e-05,1649,,,,,,,,,
8.245175499999988e-05,1649,,,,,,,,,
,1649,0.1744670271873474,0.035429149866104126,0.09443528950214386,0.018241673707962036,0.01748267374932766,0.008878241293132305,8.0,23,
8.495150499999989e-05,1699,,,,,,,,,
8.495150499999989e-05,1699,,,,,,,,,
8.495150499999989e-05,1699,,,,,,,,,
,1699,0.17418840527534485,0.04331270977854729,0.09149928390979767,0.014798210933804512,0.014762651175260544,0.009815539233386517,8.0,23,
,1703,,,,,,,,23,0.08326666802167892
8.745125499999985e-05,1749,,,,,,,,,
8.745125499999985e-05,1749,,,,,,,,,
8.745125499999985e-05,1749,,,,,,,,,
,1749,0.15157237648963928,0.0458788201212883,0.07026354968547821,0.01527029275894165,0.014392209239304066,0.005767501890659332,8.0,24,
,1774,,,,,,,,24,0.06322939693927765
8.995100499999985e-05,1799,,,,,,,,,
8.995100499999985e-05,1799,,,,,,,,,
8.995100499999985e-05,1799,,,,,,,,,
,1799,0.10280366986989975,0.04848284274339676,0.022166632115840912,0.013350963592529297,0.013084040954709053,0.005719190929085016,8.0,25,
,1845,,,,,,,,25,0.0614016056060791
9.245075499999987e-05,1849,,,,,,,,,
9.245075499999987e-05,1849,,,,,,,,,
9.245075499999987e-05,1849,,,,,,,,,
,1849,0.10553819686174393,0.03536432981491089,0.03595013543963432,0.015441341325640678,0.013720077462494373,0.005062304902821779,8.0,26,
9.49505049999999e-05,1899,,,,,,,,,
9.49505049999999e-05,1899,,,,,,,,,
9.49505049999999e-05,1899,,,,,,,,,
,1899,0.11767011880874634,0.053747620433568954,0.027314551174640656,0.01508532278239727,0.015104507096111774,0.0064181131310760975,8.0,26,
,1916,,,,,,,,26,0.07995937019586563
9.745025499999994e-05,1949,,,,,,,,,
9.745025499999994e-05,1949,,,,,,,,,
9.745025499999994e-05,1949,,,,,,,,,
,1949,0.15862514078617096,0.03891988471150398,0.08847977966070175,0.013399360701441765,0.012248262763023376,0.005577852483838797,8.0,27,
,1987,,,,,,,,27,0.0639791339635849
9.995000499999993e-05,1999,,,,,,,,,
9.995000499999993e-05,1999,,,,,,,,,
9.995000499999993e-05,1999,,,,,,,,,
,1999,0.07346435636281967,0.02979803830385208,0.0173508170992136,0.012054410763084888,0.01042624656111002,0.003834843635559082,8.0,28,
9.999999999999994e-05,2049,,,,,,,,,
9.999999999999994e-05,2049,,,,,,,,,
9.999999999999994e-05,2049,,,,,,,,,
,2049,0.11340637505054474,0.05767117440700531,0.01803598925471306,0.016892241314053535,0.01643684133887291,0.004370126407593489,8.0,28,
,2058,,,,,,,,28,0.07143343240022659
9.999999999999994e-05,2099,,,,,,,,,
9.999999999999994e-05,2099,,,,,,,,,
9.999999999999994e-05,2099,,,,,,,,,
,2099,0.10223394632339478,0.05179988220334053,0.01900639757514,0.015944287180900574,0.012714626267552376,0.0027687540277838707,8.0,29,
,2129,,,,,,,,29,0.05931662395596504
9.999999999999994e-05,2149,,,,,,,,,
9.999999999999994e-05,2149,,,,,,,,,
9.999999999999994e-05,2149,,,,,,,,,
,2149,0.2122357189655304,0.06240157037973404,0.10568994283676147,0.021328914910554886,0.018294956535100937,0.00452034268528223,8.0,30,
9.999999999999994e-05,2199,,,,,,,,,
9.999999999999994e-05,2199,,,,,,,,,
9.999999999999994e-05,2199,,,,,,,,,
,2199,0.18333092331886292,0.045167095959186554,0.1038370430469513,0.01687808893620968,0.013949346728622913,0.0034993605222553015,9.0,30,
,2200,,,,,,,,30,0.06259643286466599
9.999999999999994e-05,2249,,,,,,,,,
9.999999999999994e-05,2249,,,,,,,,,
9.999999999999994e-05,2249,,,,,,,,,
,2249,0.14074963331222534,0.039214640855789185,0.07475341111421585,0.012821395881474018,0.010832329280674458,0.003127864794805646,9.0,31,
,2271,,,,,,,,31,0.05771298334002495
9.999999999999994e-05,2299,,,,,,,,,
9.999999999999994e-05,2299,,,,,,,,,
9.999999999999994e-05,2299,,,,,,,,,
,2299,0.1781972050666809,0.05777445062994957,0.0957503691315651,0.011676639318466187,0.010970097035169601,0.0020256564021110535,9.0,32,
,2342,,,,,,,,32,0.054815441370010376
9.999999999999994e-05,2349,,,,,,,,,
9.999999999999994e-05,2349,,,,,,,,,
9.999999999999994e-05,2349,,,,,,,,,
,2349,0.09679990261793137,0.01733868569135666,0.04976122826337814,0.015274937264621258,0.012819977477192879,0.0016050757840275764,9.0,33,
9.999999999999994e-05,2399,,,,,,,,,
9.999999999999994e-05,2399,,,,,,,,,
9.999999999999994e-05,2399,,,,,,,,,
,2399,0.13522428274154663,0.037946917116642,0.07082369923591614,0.012677807360887527,0.012142207473516464,0.0016336508560925722,9.0,33,
,2413,,,,,,,,33,0.05851971358060837
9.999999999999994e-05,2449,,,,,,,,,
9.999999999999994e-05,2449,,,,,,,,,
9.999999999999994e-05,2449,,,,,,,,,
,2449,0.11721508204936981,0.047224774956703186,0.03820689767599106,0.016849858686327934,0.013452021405100822,0.0014815253671258688,9.0,34,
,2484,,,,,,,,34,0.04671564698219299
9.999999999999994e-05,2499,,,,,,,,,
9.999999999999994e-05,2499,,,,,,,,,
9.999999999999994e-05,2499,,,,,,,,,
,2499,0.1381225287914276,0.03683730959892273,0.07863380014896393,0.011330902576446533,0.009958922863006592,0.0013615895295515656,9.0,35,
9.999999999999994e-05,2549,,,,,,,,,
9.999999999999994e-05,2549,,,,,,,,,
9.999999999999994e-05,2549,,,,,,,,,
,2549,0.11146676540374756,0.031142961233854294,0.055861156433820724,0.01275103073567152,0.010334189049899578,0.0013774324906989932,9.0,35,
,2555,,,,,,,,35,0.07738868147134781
9.999999999999994e-05,2599,,,,,,,,,
9.999999999999994e-05,2599,,,,,,,,,
9.999999999999994e-05,2599,,,,,,,,,
,2599,0.10213041305541992,0.02244413085281849,0.05757996439933777,0.011088984087109566,0.009978733956813812,0.0010386001085862517,9.0,36,
,2626,,,,,,,,36,0.05416841432452202
9.999999999999994e-05,2649,,,,,,,,,
9.999999999999994e-05,2649,,,,,,,,,
9.999999999999994e-05,2649,,,,,,,,,
,2649,0.15533947944641113,0.03545752167701721,0.09395866096019745,0.012910683639347553,0.011884498409926891,0.0011281170882284641,9.0,37,
,2697,,,,,,,,37,0.0380704440176487
9.999999999999994e-05,2699,,,,,,,,,
9.999999999999994e-05,2699,,,,,,,,,
9.999999999999994e-05,2699,,,,,,,,,
,2699,0.1312769204378128,0.04972059279680252,0.05240341275930405,0.013580302707850933,0.014541702345013618,0.00103090051561594,9.0,38,
9.999999999999994e-05,2749,,,,,,,,,
9.999999999999994e-05,2749,,,,,,,,,
9.999999999999994e-05,2749,,,,,,,,,
,2749,0.09642187505960464,0.025990240275859833,0.04953022301197052,0.010957342572510242,0.009076574817299843,0.0008674960699863732,9.0,38,
,2768,,,,,,,,38,0.056306902319192886
9.999999999999994e-05,2799,,,,,,,,,
9.999999999999994e-05,2799,,,,,,,,,
9.999999999999994e-05,2799,,,,,,,,,
,2799,0.11305372416973114,0.027162792161107063,0.06593862175941467,0.010561848990619183,0.008495468646287918,0.0008949954062700272,9.0,39,
,2839,,,,,,,,39,0.045561887323856354
9.999999999999994e-05,2849,,,,,,,,,
9.999999999999994e-05,2849,,,,,,,,,
9.999999999999994e-05,2849,,,,,,,,,
,2849,0.11429636925458908,0.03339047729969025,0.05496946722269058,0.012387840077280998,0.01261887140572071,0.0009297140641137958,9.0,40,
9.999999999999994e-05,2899,,,,,,,,,
9.999999999999994e-05,2899,,,,,,,,,
9.999999999999994e-05,2899,,,,,,,,,
,2899,0.11373027414083481,0.02572973445057869,0.06475290656089783,0.013025617226958275,0.009452322497963905,0.0007697005639784038,9.0,40,
,2910,,,,,,,,40,0.03733963891863823
9.999999999999994e-05,2949,,,,,,,,,
9.999999999999994e-05,2949,,,,,,,,,
9.999999999999994e-05,2949,,,,,,,,,
,2949,0.11959651112556458,0.03410305827856064,0.062245920300483704,0.011535115540027618,0.010885022580623627,0.0008273973362520337,9.0,41,
,2981,,,,,,,,41,0.04625902697443962
9.999999999999994e-05,2999,,,,,,,,,
9.999999999999994e-05,2999,,,,,,,,,
9.999999999999994e-05,2999,,,,,,,,,
,2999,0.09656894207000732,0.03677745163440704,0.03598375618457794,0.012810513377189636,0.010213525965809822,0.000783695955760777,9.0,42,
9.999999999999994e-05,3049,,,,,,,,,
9.999999999999994e-05,3049,,,,,,,,,
9.999999999999994e-05,3049,,,,,,,,,
,3049,0.13619229197502136,0.037617385387420654,0.0754958987236023,0.012744635343551636,0.009623526595532894,0.000710846739821136,9.0,42,
,3052,,,,,,,,42,0.055476196110248566
9.999999999999994e-05,3099,,,,,,,,,
9.999999999999994e-05,3099,,,,,,,,,
9.999999999999994e-05,3099,,,,,,,,,
,3099,0.09279748797416687,0.013603173196315765,0.051281534135341644,0.015390999615192413,0.011879553087055683,0.0006422220612876117,10.0,43,
,3123,,,,,,,,43,0.0449177548289299
9.999999999999994e-05,3149,,,,,,,,,
9.999999999999994e-05,3149,,,,,,,,,
9.999999999999994e-05,3149,,,,,,,,,
,3149,0.08497145771980286,0.029831217601895332,0.03443171828985214,0.010357297025620937,0.009775659069418907,0.0005755629390478134,10.0,44,
,3194,,,,,,,,44,0.044316548854112625
9.999999999999994e-05,3199,,,,,,,,,
9.999999999999994e-05,3199,,,,,,,,,
9.999999999999994e-05,3199,,,,,,,,,
,3199,0.08976643532514572,0.02064078114926815,0.04777156189084053,0.011372342705726624,0.009009324945509434,0.0009724292904138565,10.0,45,
9.999999999999994e-05,3249,,,,,,,,,
9.999999999999994e-05,3249,,,,,,,,,
9.999999999999994e-05,3249,,,,,,,,,
,3249,0.10046841949224472,0.03259759023785591,0.0439852699637413,0.011975042521953583,0.011293809860944748,0.0006167100509628654,10.0,45,
,3265,,,,,,,,45,0.04394007474184036
9.999999999999994e-05,3299,,,,,,,,,
9.999999999999994e-05,3299,,,,,,,,,
9.999999999999994e-05,3299,,,,,,,,,
,3299,0.07206299901008606,0.012675369158387184,0.03999693691730499,0.009956808760762215,0.008850024081766605,0.000583863293286413,10.0,46,
,3336,,,,,,,,46,0.044621482491493225
9.999999999999994e-05,3349,,,,,,,,,
9.999999999999994e-05,3349,,,,,,,,,
9.999999999999994e-05,3349,,,,,,,,,
,3349,0.07284051179885864,0.018155567348003387,0.03629337251186371,0.0094810351729393,0.008491071872413158,0.00041946620331145823,10.0,47,
9.999999999999994e-05,3399,,,,,,,,,
9.999999999999994e-05,3399,,,,,,,,,
9.999999999999994e-05,3399,,,,,,,,,
,3399,0.07398350536823273,0.009941420517861843,0.04099854826927185,0.010967345908284187,0.011630542576313019,0.0004456458264030516,10.0,47,
,3407,,,,,,,,47,0.03967038914561272
9.999999999999994e-05,3449,,,,,,,,,
9.999999999999994e-05,3449,,,,,,,,,
9.999999999999994e-05,3449,,,,,,,,,
,3449,0.0989917665719986,0.03051000088453293,0.046946294605731964,0.010936322622001171,0.010179885663092136,0.00041926538688130677,10.0,48,
,3478,,,,,,,,48,0.04514239728450775
9.999999999999994e-05,3499,,,,,,,,,
9.999999999999994e-05,3499,,,,,,,,,
9.999999999999994e-05,3499,,,,,,,,,
,3499,0.09755568206310272,0.03402218967676163,0.042754728347063065,0.011812545359134674,0.008563674986362457,0.00040253737824968994,10.0,49,
9.999999999999994e-05,3549,,,,,,,,,
,3549,0.07105188816785812,0.013656798750162125,0.043706752359867096,0.007240806706249714,0.006079391576349735,0.0003681402886286378,10.0,49,
,3549,,,,,,,,49,0.0418052114546299
9.999999999999994e-05,3599,,,,,,,,,
9.999999999999994e-05,3599,,,,,,,,,
9.999999999999994e-05,3599,,,,,,,,,
,3599,0.07637722045183182,0.026236582547426224,0.029012169688940048,0.010574044659733772,0.010012340731918812,0.0005420799134299159,10.0,50,
,3620,,,,,,,,50,0.04307372123003006
9.999999999999994e-05,3649,,,,,,,,,
9.999999999999994e-05,3649,,,,,,,,,
9.999999999999994e-05,3649,,,,,,,,,
,3649,0.07431366294622421,0.028569087386131287,0.028439421206712723,0.00903488788753748,0.007919495925307274,0.00035076928907074034,10.0,51,
,3691,,,,,,,,51,0.046002376824617386
9.999999999999994e-05,3699,,,,,,,,,
9.999999999999994e-05,3699,,,,,,,,,
9.999999999999994e-05,3699,,,,,,,,,
,3699,0.08951304107904434,0.027714118361473083,0.04491150379180908,0.008722367696464062,0.007846894674003124,0.0003181626962032169,10.0,52,
9.999999999999994e-05,3749,,,,,,,,,
9.999999999999994e-05,3749,,,,,,,,,
9.999999999999994e-05,3749,,,,,,,,,
,3749,0.058750052005052567,0.014327457174658775,0.030565965920686722,0.00723996851593256,0.00631584320217371,0.00030082088778726757,10.0,52,
,3762,,,,,,,,52,0.04330197721719742
9.999999999999994e-05,3799,,,,,,,,,
9.999999999999994e-05,3799,,,,,,,,,
9.999999999999994e-05,3799,,,,,,,,,
,3799,0.05737685784697533,0.015360292978584766,0.02525913715362549,0.008855143561959267,0.0075547583401203156,0.00034752325154840946,10.0,53,
,3833,,,,,,,,53,0.03935866057872772
9.999999999999994e-05,3849,,,,,,,,,
9.999999999999994e-05,3849,,,,,,,,,
9.999999999999994e-05,3849,,,,,,,,,
,3849,0.06367333233356476,0.019014321267604828,0.02956026792526245,0.008086463436484337,0.006754962727427483,0.0002573122037574649,10.0,54,
9.999999999999994e-05,3899,,,,,,,,,
9.999999999999994e-05,3899,,,,,,,,,
9.999999999999994e-05,3899,,,,,,,,,
,3899,0.06532671302556992,0.019657699391245842,0.03059476800262928,0.008219561539590359,0.006572496611624956,0.00028218686929903924,10.0,54,
,3904,,,,,,,,54,0.03941201791167259
9.999999999999994e-05,3949,,,,,,,,,
9.999999999999994e-05,3949,,,,,,,,,
9.999999999999994e-05,3949,,,,,,,,,
,3949,0.08061715960502625,0.023161303251981735,0.044570956379175186,0.006923110689967871,0.005727590527385473,0.0002342009829590097,10.0,55,
,3975,,,,,,,,55,0.03888909891247749
9.999999999999994e-05,3999,,,,,,,,,
9.999999999999994e-05,3999,,,,,,,,,
9.999999999999994e-05,3999,,,,,,,,,
,3999,0.07515937089920044,0.022214684635400772,0.03362782299518585,0.01032486092299223,0.008730551227927208,0.0002614505065139383,10.0,56,
,4046,,,,,,,,56,0.03865068033337593
9.999999999999994e-05,4049,,,,,,,,,
9.999999999999994e-05,4049,,,,,,,,,
9.999999999999994e-05,4049,,,,,,,,,
,4049,0.0576847679913044,0.016906563192605972,0.02906372956931591,0.0066312928684055805,0.004852741025388241,0.0002304432273376733,10.0,57,
9.999999999999994e-05,4099,,,,,,,,,
9.999999999999994e-05,4099,,,,,,,,,
9.999999999999994e-05,4099,,,,,,,,,
,4099,0.060750119388103485,0.014790748246014118,0.02948446199297905,0.00863514095544815,0.007589233573526144,0.0002505377633497119,10.0,57,
,4117,,,,,,,,57,0.0337270088493824
9.999999999999994e-05,4149,,,,,,,,,
9.999999999999994e-05,4149,,,,,,,,,
9.999999999999994e-05,4149,,,,,,,,,
,4149,0.07525500655174255,0.022093966603279114,0.038209185004234314,0.007794980891048908,0.006936086341738701,0.00022078533947933465,11.0,58,
,4188,,,,,,,,58,0.033433422446250916
9.999999999999994e-05,4199,,,,,,,,,
9.999999999999994e-05,4199,,,,,,,,,
9.999999999999994e-05,4199,,,,,,,,,
,4199,0.06109624728560448,0.016090169548988342,0.030429664999246597,0.008074816316366196,0.006268366705626249,0.00023322878405451775,11.0,59,
9.999999999999994e-05,4249,,,,,,,,,
9.999999999999994e-05,4249,,,,,,,,,
9.999999999999994e-05,4249,,,,,,,,,
,4249,0.0627584457397461,0.015776779502630234,0.03622985631227493,0.005770158022642136,0.004783883225172758,0.0001977696956600994,11.0,59,
,4259,,,,,,,,59,0.038601648062467575
9.999999999999994e-05,4299,,,,,,,,,
9.999999999999994e-05,4299,,,,,,,,,
9.999999999999994e-05,4299,,,,,,,,,
,4299,0.07333150506019592,0.023395933210849762,0.03468705713748932,0.008019248954951763,0.00701212277635932,0.00021714433387387544,11.0,60,
,4330,,,,,,,,60,0.03753605857491493
9.999999999999994e-05,4349,,,,,,,,,
9.999999999999994e-05,4349,,,,,,,,,
9.999999999999994e-05,4349,,,,,,,,,
,4349,0.0672551691532135,0.01813453435897827,0.033206500113010406,0.008594529703259468,0.007112945429980755,0.00020666317141149193,11.0,61,
9.999999999999994e-05,4399,,,,,,,,,
9.999999999999994e-05,4399,,,,,,,,,
9.999999999999994e-05,4399,,,,,,,,,
,4399,0.059938814491033554,0.016324231401085854,0.031128793954849243,0.006887335330247879,0.005391895305365324,0.00020655986736528575,11.0,61,
,4401,,,,,,,,61,0.036070115864276886
9.999999999999994e-05,4449,,,,,,,,,
9.999999999999994e-05,4449,,,,,,,,,
9.999999999999994e-05,4449,,,,,,,,,
,4449,0.04369078576564789,0.00607752799987793,0.027304120361804962,0.005516053643077612,0.004611276090145111,0.0001818073506001383,11.0,62,
,4472,,,,,,,,62,0.038237616419792175
9.999999999999994e-05,4499,,,,,,,,,
9.999999999999994e-05,4499,,,,,,,,,
9.999999999999994e-05,4499,,,,,,,,,
,4499,0.05080977454781532,0.011739091947674751,0.025339893996715546,0.0075344243086874485,0.006019221618771553,0.00017714239947963506,11.0,63,
,4543,,,,,,,,63,0.03606005012989044
9.999999999999994e-05,4549,,,,,,,,,
9.999999999999994e-05,4549,,,,,,,,,
9.999999999999994e-05,4549,,,,,,,,,
,4549,0.07272526621818542,0.021145224571228027,0.03915484622120857,0.006884930655360222,0.005363574251532555,0.0001766880159266293,11.0,64,
9.999999999999994e-05,4599,,,,,,,,,
9.999999999999994e-05,4599,,,,,,,,,
9.999999999999994e-05,4599,,,,,,,,,
,4599,0.05906148999929428,0.016408449038863182,0.02986084669828415,0.006795650348067284,0.005841932725161314,0.00015460795839317143,11.0,64,
,4614,,,,,,,,64,0.03404255583882332
9.999999999999994e-05,4649,,,,,,,,,
9.999999999999994e-05,4649,,,,,,,,,
9.999999999999994e-05,4649,,,,,,,,,
,4649,0.056080397218465805,0.01661810092628002,0.027094673365354538,0.006506222300231457,0.00568220391869545,0.00017919849778991193,11.0,65,
,4685,,,,,,,,65,0.033826664090156555
9.999999999999994e-05,4699,,,,,,,,,
9.999999999999994e-05,4699,,,,,,,,,
9.999999999999994e-05,4699,,,,,,,,,
,4699,0.04201047867536545,0.005660272669047117,0.023581035435199738,0.006357986479997635,0.005722228903323412,0.0006889543146826327,11.0,66,
9.999999999999994e-05,4749,,,,,,,,,
9.999999999999994e-05,4749,,,,,,,,,
9.999999999999994e-05,4749,,,,,,,,,
,4749,0.05939759686589241,0.016536254435777664,0.032624274492263794,0.005773608107119799,0.0042833732441067696,0.00018008853658102453,11.0,66,
,4756,,,,,,,,66,0.0352475568652153
9.999999999999994e-05,4799,,,,,,,,,
9.999999999999994e-05,4799,,,,,,,,,
9.999999999999994e-05,4799,,,,,,,,,
,4799,0.06370119750499725,0.018343951553106308,0.032614566385746,0.007138380780816078,0.005437458865344524,0.00016683795547578484,11.0,67,
,4827,,,,,,,,67,0.034537509083747864
9.999999999999994e-05,4849,,,,,,,,,
9.999999999999994e-05,4849,,,,,,,,,
9.999999999999994e-05,4849,,,,,,,,,
,4849,0.04564548283815384,0.013852321542799473,0.01951976865530014,0.006416224408894777,0.005724033806473017,0.00013313398812897503,11.0,68,
,4898,,,,,,,,68,0.037484146654605865
9.999999999999994e-05,4899,,,,,,,,,
9.999999999999994e-05,4899,,,,,,,,,
9.999999999999994e-05,4899,,,,,,,,,
,4899,0.0611991286277771,0.01513582095503807,0.032078973948955536,0.007621073629707098,0.006227107252925634,0.00013615682837553322,11.0,69,
9.999999999999994e-05,4949,,,,,,,,,
9.999999999999994e-05,4949,,,,,,,,,
9.999999999999994e-05,4949,,,,,,,,,
,4949,0.058812130242586136,0.017805563285946846,0.02803059108555317,0.006931800860911608,0.005893053486943245,0.00015112559776753187,11.0,69,
,4969,,,,,,,,69,0.03292560949921608
9.999999999999994e-05,4999,,,,,,,,,
9.999999999999994e-05,4999,,,,,,,,,
9.999999999999994e-05,4999,,,,,,,,,
,4999,0.05107392370700836,0.015034658834338188,0.024610895663499832,0.006597313564270735,0.004706960171461105,0.00012409868941176683,11.0,70,
,5040,,,,,,,,70,0.03613046929240227
9.999999999999994e-05,5049,,,,,,,,,
9.999999999999994e-05,5049,,,,,,,,,
9.999999999999994e-05,5049,,,,,,,,,
,5049,0.049917690455913544,0.013374114409089088,0.02394409105181694,0.007043540012091398,0.005417833104729652,0.00013811029202770442,11.0,71,
9.999999999999994e-05,5099,,,,,,,,,
9.999999999999994e-05,5099,,,,,,,,,
9.999999999999994e-05,5099,,,,,,,,,
,5099,0.0596478208899498,0.014364712871611118,0.033640168607234955,0.006120417267084122,0.005388949997723103,0.00013357328134588897,11.0,71,
,5111,,,,,,,,71,0.03213036432862282
9.999999999999994e-05,5149,,,,,,,,,
9.999999999999994e-05,5149,,,,,,,,,
9.999999999999994e-05,5149,,,,,,,,,
,5149,0.05977022275328636,0.02349257655441761,0.025740768760442734,0.006006891839206219,0.004385873209685087,0.00014410946459975094,11.0,72,
,5182,,,,,,,,72,0.03593435510993004
9.999999999999994e-05,5199,,,,,,,,,
9.999999999999994e-05,5199,,,,,,,,,
9.999999999999994e-05,5199,,,,,,,,,
,5199,0.04910537973046303,0.018835896626114845,0.019453955814242363,0.00629121158272028,0.004384592175483704,0.000139723633765243,11.0,73,
9.999999999999994e-05,5249,,,,,,,,,
9.999999999999994e-05,5249,,,,,,,,,
9.999999999999994e-05,5249,,,,,,,,,
,5249,0.054013025015592575,0.01548074185848236,0.022979101166129112,0.008462107740342617,0.006962083280086517,0.00012898941349703819,11.0,73,
,5253,,,,,,,,73,0.03528168797492981
9.999999999999994e-05,5299,,,,,,,,,
9.999999999999994e-05,5299,,,,,,,,,
9.999999999999994e-05,5299,,,,,,,,,
,5299,0.05197583884000778,0.01426111813634634,0.02363407239317894,0.007495471276342869,0.006469187326729298,0.00011599053686950356,12.0,74,
,5324,,,,,,,,74,0.031206587329506874
9.999999999999994e-05,5349,,,,,,,,,
9.999999999999994e-05,5349,,,,,,,,,
9.999999999999994e-05,5349,,,,,,,,,
,5349,0.05018996819853783,0.014090253971517086,0.022569403052330017,0.006842297967523336,0.006563644390553236,0.00012436792894732207,12.0,75,
,5395,,,,,,,,75,0.03286408632993698
9.999999999999994e-05,5399,,,,,,,,,
9.999999999999994e-05,5399,,,,,,,,,
9.999999999999994e-05,5399,,,,,,,,,
,5399,0.03584449365735054,0.009853336960077286,0.016413051635026932,0.005254375748336315,0.004198845475912094,0.00012488420179579407,12.0,76,
9.999999999999994e-05,5449,,,,,,,,,
9.999999999999994e-05,5449,,,,,,,,,
9.999999999999994e-05,5449,,,,,,,,,
,5449,0.04270660877227783,0.01624698005616665,0.014107505790889263,0.007106590084731579,0.005123384762555361,0.00012214673915877938,12.0,76,
,5466,,,,,,,,76,0.033712614327669144
9.999999999999994e-05,5499,,,,,,,,,
9.999999999999994e-05,5499,,,,,,,,,
9.999999999999994e-05,5499,,,,,,,,,
,5499,0.029722848907113075,0.004975341260433197,0.015516772866249084,0.005025622434914112,0.004096364602446556,0.00010874850704567507,12.0,77,
,5537,,,,,,,,77,0.0361805222928524
9.999999999999994e-05,5549,,,,,,,,,
9.999999999999994e-05,5549,,,,,,,,,
9.999999999999994e-05,5549,,,,,,,,,
,5549,0.04025883600115776,0.0103228110820055,0.02004079893231392,0.005425481591373682,0.004355409182608128,0.00011433627514634281,12.0,78,
9.999999999999994e-05,5599,,,,,,,,,
9.999999999999994e-05,5599,,,,,,,,,
9.999999999999994e-05,5599,,,,,,,,,
,5599,0.04344872385263443,0.0075842468068003654,0.026184532791376114,0.005117049906402826,0.004448860418051481,0.00011403299868106842,12.0,78,
,5608,,,,,,,,78,0.03227543830871582
9.999999999999994e-05,5649,,,,,,,,,
9.999999999999994e-05,5649,,,,,,,,,
9.999999999999994e-05,5649,,,,,,,,,
,5649,0.04003981128334999,0.010519558563828468,0.017827775329351425,0.006792094558477402,0.004785946104675531,0.00011443539551692083,12.0,79,
,5679,,,,,,,,79,0.03391285985708237
9.999999999999994e-05,5699,,,,,,,,,
9.999999999999994e-05,5699,,,,,,,,,
9.999999999999994e-05,5699,,,,,,,,,
,5699,0.03574109449982643,0.008115667849779129,0.020042244344949722,0.004066376015543938,0.003356024157255888,0.00016077964392025024,12.0,80,
9.999999999999994e-05,5749,,,,,,,,,
9.999999999999994e-05,5749,,,,,,,,,
9.999999999999994e-05,5749,,,,,,,,,
,5749,0.03326015919446945,0.008080689236521721,0.017760545015335083,0.0040652137249708176,0.0030534276738762856,0.0003002846206072718,12.0,80,
,5750,,,,,,,,80,0.032304417341947556
9.999999999999994e-05,5799,,,,,,,,,
9.999999999999994e-05,5799,,,,,,,,,
9.999999999999994e-05,5799,,,,,,,,,
,5799,0.04364854469895363,0.009485924616456032,0.024250224232673645,0.0054233442060649395,0.0043912045657634735,9.784974827198312e-05,12.0,81,
,5821,,,,,,,,81,0.030290931463241577
9.999999999999994e-05,5849,,,,,,,,,
9.999999999999994e-05,5849,,,,,,,,,
9.999999999999994e-05,5849,,,,,,,,,
,5849,0.04366493597626686,0.007842466235160828,0.026511292904615402,0.005111550912261009,0.004109079483896494,9.054523980012164e-05,12.0,82,
,5892,,,,,,,,82,0.031606968492269516
9.999999999999994e-05,5899,,,,,,,,,
9.999999999999994e-05,5899,,,,,,,,,
9.999999999999994e-05,5899,,,,,,,,,
,5899,0.034909334033727646,0.0089784637093544,0.018503297120332718,0.004166049417108297,0.0031649384181946516,9.658739145379514e-05,12.0,83,
9.999999999999994e-05,5949,,,,,,,,,
9.999999999999994e-05,5949,,,,,,,,,
9.999999999999994e-05,5949,,,,,,,,,
,5949,0.031676944345235825,0.0046507068909704685,0.018266571685671806,0.004604725167155266,0.004046660847961903,0.00010828069935087115,12.0,83,
,5963,,,,,,,,83,0.03272503986954689
9.999999999999994e-05,5999,,,,,,,,,
9.999999999999994e-05,5999,,,,,,,,,
9.999999999999994e-05,5999,,,,,,,,,
,5999,0.04096970334649086,0.008894164115190506,0.021595826372504234,0.005508679896593094,0.004875781945884228,9.525004861643538e-05,12.0,84,
,6034,,,,,,,,84,0.031018588691949844
9.999999999999994e-05,6049,,,,,,,,,
9.999999999999994e-05,6049,,,,,,,,,
9.999999999999994e-05,6049,,,,,,,,,
,6049,0.045514337718486786,0.012095042504370213,0.022617993876338005,0.006105137523263693,0.004584349226206541,0.00011181543959537521,12.0,85,
9.999999999999994e-05,6099,,,,,,,,,
9.999999999999994e-05,6099,,,,,,,,,
9.999999999999994e-05,6099,,,,,,,,,
,6099,0.030441610142588615,0.0042635113932192326,0.018859989941120148,0.004147229716181755,0.0030873287469148636,8.355126192327589e-05,12.0,85,
,6105,,,,,,,,85,0.034410424530506134
9.999999999999994e-05,6149,,,,,,,,,
9.999999999999994e-05,6149,,,,,,,,,
9.999999999999994e-05,6149,,,,,,,,,
,6149,0.045740753412246704,0.011379917152225971,0.023616986349225044,0.005716877989470959,0.004923651926219463,0.00010331594967283309,12.0,86,
,6176,,,,,,,,86,0.03183160349726677
9.999999999999994e-05,6199,,,,,,,,,
9.999999999999994e-05,6199,,,,,,,,,
9.999999999999994e-05,6199,,,,,,,,,
,6199,0.030788302421569824,0.007184993475675583,0.016702264547348022,0.0038944908883422613,0.0029308407101780176,7.571211608592421e-05,12.0,87,
,6247,,,,,,,,87,0.03374161943793297
9.999999999999994e-05,6249,,,,,,,,,
9.999999999999994e-05,6249,,,,,,,,,
9.999999999999994e-05,6249,,,,,,,,,
,6249,0.0353483185172081,0.008329827338457108,0.01518213376402855,0.006317225284874439,0.00542925950139761,8.987297769635916e-05,12.0,88,
9.999999999999994e-05,6299,,,,,,,,,
9.999999999999994e-05,6299,,,,,,,,,
9.999999999999994e-05,6299,,,,,,,,,
,6299,0.03470774367451668,0.008764340542256832,0.016569163650274277,0.005252658389508724,0.0040399315766990185,8.164834434865043e-05,12.0,88,
,6318,,,,,,,,88,0.03234133869409561
9.999999999999994e-05,6349,,,,,,,,,
9.999999999999994e-05,6349,,,,,,,,,
9.999999999999994e-05,6349,,,,,,,,,
,6349,0.028826331719756126,0.0039727650582790375,0.015383405610918999,0.005479701329022646,0.0038843804504722357,0.00010607896547298878,12.0,89,
,6389,,,,,,,,89,0.03283786028623581
9.999999999999994e-05,6399,,,,,,,,,
9.999999999999994e-05,6399,,,,,,,,,
9.999999999999994e-05,6399,,,,,,,,,
,6399,0.03596573323011398,0.00760496873408556,0.02054544724524021,0.004215708002448082,0.003507104702293873,9.250265429727733e-05,12.0,90,
9.999999999999994e-05,6449,,,,,,,,,
9.999999999999994e-05,6449,,,,,,,,,
9.999999999999994e-05,6449,,,,,,,,,
,6449,0.03392927721142769,0.00827082246541977,0.017433185130357742,0.004351932555437088,0.0037758233956992626,9.751190373208374e-05,12.0,90,
,6460,,,,,,,,90,0.031772151589393616
9.999999999999994e-05,6499,,,,,,,,,
9.999999999999994e-05,6499,,,,,,,,,
9.999999999999994e-05,6499,,,,,,,,,
,6499,0.03578562289476395,0.007545392960309982,0.021836519241333008,0.003702163230627775,0.002565402537584305,0.00013614508497994393,12.0,91,
,6531,,,,,,,,91,0.03165211156010628
9.999999999999994e-05,6549,,,,,,,,,
9.999999999999994e-05,6549,,,,,,,,,
9.999999999999994e-05,6549,,,,,,,,,
,6549,0.045576173812150955,0.010105643421411514,0.028429029509425163,0.004081400576978922,0.0028650746680796146,9.502636385150254e-05,12.0,92,
9.999999999999994e-05,6599,,,,,,,,,
9.999999999999994e-05,6599,,,,,,,,,
9.999999999999994e-05,6599,,,,,,,,,
,6599,0.031210599467158318,0.0032247588969767094,0.016930535435676575,0.006366741843521595,0.004592453129589558,9.611144196242094e-05,13.0,92,
,6602,,,,,,,,92,0.028898032382130623
9.999999999999994e-05,6649,,,,,,,,,
9.999999999999994e-05,6649,,,,,,,,,
9.999999999999994e-05,6649,,,,,,,,,
,6649,0.03369312733411789,0.009115943685173988,0.016173910349607468,0.00484002660959959,0.0034621430095285177,0.00010110493894899264,13.0,93,
,6673,,,,,,,,93,0.03426379710435867
9.999999999999994e-05,6699,,,,,,,,,
9.999999999999994e-05,6699,,,,,,,,,
9.999999999999994e-05,6699,,,,,,,,,
,6699,0.026688292622566223,0.0037043290212750435,0.01576859876513481,0.004220098722726107,0.0029052523896098137,9.001460421131924e-05,13.0,94,
,6744,,,,,,,,94,0.03382466360926628
9.999999999999994e-05,6749,,,,,,,,,
9.999999999999994e-05,6749,,,,,,,,,
9.999999999999994e-05,6749,,,,,,,,,
,6749,0.04112483188509941,0.013056445866823196,0.017940670251846313,0.005720761604607105,0.004325258079916239,8.169379725586623e-05,13.0,95,
9.999999999999994e-05,6799,,,,,,,,,
9.999999999999994e-05,6799,,,,,,,,,
9.999999999999994e-05,6799,,,,,,,,,
,6799,0.025565626099705696,0.007168262731283903,0.012219199910759926,0.0034040259197354317,0.0026923338882625103,8.180118311429396e-05,13.0,95,
,6815,,,,,,,,95,0.034368474036455154
9.999999999999994e-05,6849,,,,,,,,,
9.999999999999994e-05,6849,,,,,,,,,
9.999999999999994e-05,6849,,,,,,,,,
,6849,0.03145052492618561,0.008843768388032913,0.01548219658434391,0.003974048886448145,0.0030743738170713186,7.613823254359886e-05,13.0,96,
,6886,,,,,,,,96,0.031381525099277496
9.999999999999994e-05,6899,,,,,,,,,
9.999999999999994e-05,6899,,,,,,,,,
9.999999999999994e-05,6899,,,,,,,,,
,6899,0.03835095092654228,0.012493325397372246,0.016070347279310226,0.00570013839751482,0.004002251662313938,8.488893217872828e-05,13.0,97,
9.999999999999994e-05,6949,,,,,,,,,
9.999999999999994e-05,6949,,,,,,,,,
9.999999999999994e-05,6949,,,,,,,,,
,6949,0.03286871686577797,0.0076982369646430016,0.01932395249605179,0.00335521949455142,0.002350966213271022,0.00014034016930963844,13.0,97,
,6957,,,,,,,,97,0.028872093185782433
9.999999999999994e-05,6999,,,,,,,,,
9.999999999999994e-05,6999,,,,,,,,,
9.999999999999994e-05,6999,,,,,,,,,
,6999,0.028806578367948532,0.0030609890818595886,0.019383516162633896,0.0040236059576272964,0.0022531687282025814,8.52975863381289e-05,13.0,98,
,7028,,,,,,,,98,0.02970394678413868
9.999999999999994e-05,7049,,,,,,,,,
9.999999999999994e-05,7049,,,,,,,,,
9.999999999999994e-05,7049,,,,,,,,,
,7049,0.02695954218506813,0.005984683521091938,0.01562894508242607,0.00335098197683692,0.0019297044491395354,6.522847979795188e-05,13.0,99,
9.999999999999994e-05,7099,,,,,,,,,
,7099,0.026162002235651016,0.006279275752604008,0.013012366369366646,0.003862527199089527,0.0029358030296862125,7.203013228718191e-05,13.0,99,
,7099,,,,,,,,99,0.03150341659784317
9.999999999999994e-05,7149,,,,,,,,,
9.999999999999994e-05,7149,,,,,,,,,
9.999999999999994e-05,7149,,,,,,,,,
,7149,0.03406793996691704,0.006945975124835968,0.02020081877708435,0.003764305030927062,0.0030230279080569744,0.00013381354801822454,13.0,100,
,7170,,,,,,,,100,0.029380854219198227
9.999999999999994e-05,7199,,,,,,,,,
9.999999999999994e-05,7199,,,,,,,,,
9.999999999999994e-05,7199,,,,,,,,,
,7199,0.04286562278866768,0.009324135258793831,0.028013132512569427,0.004031775519251823,0.0014409355353564024,5.564563980442472e-05,13.0,101,
,7241,,,,,,,,101,0.03254300728440285
9.999999999999994e-05,7249,,,,,,,,,
9.999999999999994e-05,7249,,,,,,,,,
9.999999999999994e-05,7249,,,,,,,,,
,7249,0.03215125948190689,0.007897889241576195,0.017065320163965225,0.0038408166728913784,0.0032695280387997627,7.770498632453382e-05,13.0,102,
9.999999999999994e-05,7299,,,,,,,,,
9.999999999999994e-05,7299,,,,,,,,,
9.999999999999994e-05,7299,,,,,,,,,
,7299,0.031427785754203796,0.006267063319683075,0.018522653728723526,0.0036796864587813616,0.002887412440031767,7.096942863427103e-05,13.0,102,
,7312,,,,,,,,102,0.03159463405609131
9.999999999999994e-05,7349,,,,,,,,,
9.999999999999994e-05,7349,,,,,,,,,
9.999999999999994e-05,7349,,,,,,,,,
,7349,0.02699234150350094,0.007979641668498516,0.012089967727661133,0.004053985700011253,0.0027912824880331755,7.746346818748862e-05,13.0,103,
,7383,,,,,,,,103,0.031012751162052155
9.999999999999994e-05,7399,,,,,,,,,
9.999999999999994e-05,7399,,,,,,,,,
9.999999999999994e-05,7399,,,,,,,,,
,7399,0.020553402602672577,0.0027008794713765383,0.0123152369633317,0.0030951574444770813,0.0023606896866112947,8.143903687596321e-05,13.0,104,
9.999999999999994e-05,7449,,,,,,,,,
9.999999999999994e-05,7449,,,,,,,,,
9.999999999999994e-05,7449,,,,,,,,,
,7449,0.03854895383119583,0.010277782566845417,0.020026512444019318,0.004044988192617893,0.004125053994357586,7.46164660085924e-05,13.0,104,
,7454,,,,,,,,104,0.02926631085574627
9.999999999999994e-05,7499,,,,,,,,,
9.999999999999994e-05,7499,,,,,,,,,
9.999999999999994e-05,7499,,,,,,,,,
,7499,0.04283855855464935,0.0074873692356050014,0.02790183015167713,0.004381271079182625,0.0030083274468779564,5.9761321608675644e-05,13.0,105,
,7525,,,,,,,,105,0.02859126776456833
9.999999999999994e-05,7549,,,,,,,,,
9.999999999999994e-05,7549,,,,,,,,,
9.999999999999994e-05,7549,,,,,,,,,
,7549,0.03344561532139778,0.0075514595955610275,0.01938474178314209,0.0041351644322276115,0.002323255641385913,5.099371264805086e-05,13.0,106,
,7596,,,,,,,,106,0.03399931639432907
9.999999999999994e-05,7599,,,,,,,,,
9.999999999999994e-05,7599,,,,,,,,,
9.999999999999994e-05,7599,,,,,,,,,
,7599,0.030592700466513634,0.006568982265889645,0.017691034823656082,0.003473172429949045,0.002785518066957593,7.399257447104901e-05,13.0,107,
9.999999999999994e-05,7649,,,,,,,,,
9.999999999999994e-05,7649,,,,,,,,,
9.999999999999994e-05,7649,,,,,,,,,
,7649,0.022107301279902458,0.0023800914641469717,0.014201577752828598,0.0034620121587067842,0.0020053363405168056,5.828287248732522e-05,13.0,107,
,7667,,,,,,,,107,0.03169221058487892
9.999999999999994e-05,7699,,,,,,,,,
9.999999999999994e-05,7699,,,,,,,,,
9.999999999999994e-05,7699,,,,,,,,,
,7699,0.05612222105264664,0.00822464283555746,0.04025382176041603,0.004672354087233543,0.0029222010634839535,4.9203015805687755e-05,13.0,108,
,7738,,,,,,,,108,0.02938436158001423
9.999999999999994e-05,7749,,,,,,,,,
9.999999999999994e-05,7749,,,,,,,,,
9.999999999999994e-05,7749,,,,,,,,,
,7749,0.033125996589660645,0.007963251322507858,0.01605493575334549,0.005147497169673443,0.0038847222458571196,7.55910441512242e-05,13.0,109,
9.999999999999994e-05,7799,,,,,,,,,
9.999999999999994e-05,7799,,,,,,,,,
9.999999999999994e-05,7799,,,,,,,,,
,7799,0.024530079215765,0.0037871196400374174,0.013516519218683243,0.00398932583630085,0.0031782176811248064,5.889682870474644e-05,13.0,109,
,7809,,,,,,,,109,0.033252958208322525
9.999999999999994e-05,7849,,,,,,,,,
9.999999999999994e-05,7849,,,,,,,,,
9.999999999999994e-05,7849,,,,,,,,,
,7849,0.024839336052536964,0.004491288214921951,0.014739584177732468,0.003356906119734049,0.0021915542893111706,6.0003007092745975e-05,13.0,110,
,7880,,,,,,,,110,0.03378923982381821
9.999999999999994e-05,7899,,,,,,,,,
9.999999999999994e-05,7899,,,,,,,,,
9.999999999999994e-05,7899,,,,,,,,,
,7899,0.035958170890808105,0.011280693113803864,0.01497599296271801,0.005543661303818226,0.004078289959579706,7.953263411764055e-05,13.0,111,
9.999999999999994e-05,7949,,,,,,,,,
9.999999999999994e-05,7949,,,,,,,,,
9.999999999999994e-05,7949,,,,,,,,,
,7949,0.04234110936522484,0.019345775246620178,0.01358356885612011,0.005427375435829163,0.003928200341761112,5.61882698093541e-05,14.0,111,
,7951,,,,,,,,111,0.03433329239487648
9.999999999999994e-05,7999,,,,,,,,,
9.999999999999994e-05,7999,,,,,,,,,
9.999999999999994e-05,7999,,,,,,,,,
,7999,0.02466074377298355,0.006980684585869312,0.011624172329902649,0.003643663367256522,0.0023429072462022305,6.931640382390469e-05,14.0,112,
,8022,,,,,,,,112,0.03275768831372261
9.999999999999994e-05,8049,,,,,,,,,
9.999999999999994e-05,8049,,,,,,,,,
9.999999999999994e-05,8049,,,,,,,,,
,8049,0.023548133671283722,0.0037739891558885574,0.013227410614490509,0.003461898770183325,0.0029709218069911003,0.0001139114610850811,14.0,113,
,8093,,,,,,,,113,0.029386717826128006
9.999999999999994e-05,8099,,,,,,,,,
9.999999999999994e-05,8099,,,,,,,,,
9.999999999999994e-05,8099,,,,,,,,,
,8099,0.02762342244386673,0.0034143049269914627,0.015536483377218246,0.0045488071627914906,0.004047810100018978,7.601796096423641e-05,14.0,114,
9.999999999999994e-05,8149,,,,,,,,,
9.999999999999994e-05,8149,,,,,,,,,
9.999999999999994e-05,8149,,,,,,,,,
,8149,0.0201946459710598,0.0033834201749414206,0.0102109769359231,0.003556708339601755,0.002700123004615307,0.00034341582795605063,14.0,114,
,8164,,,,,,,,114,0.03237297385931015
9.999999999999994e-05,8199,,,,,,,,,
9.999999999999994e-05,8199,,,,,,,,,
9.999999999999994e-05,8199,,,,,,,,,
,8199,0.01635149121284485,0.0015218979679048061,0.009601587429642677,0.002943092491477728,0.0021894462406635284,9.546661749482155e-05,14.0,115,
,8235,,,,,,,,115,0.030653342604637146
9.999999999999994e-05,8249,,,,,,,,,
9.999999999999994e-05,8249,,,,,,,,,
9.999999999999994e-05,8249,,,,,,,,,
,8249,0.03165989741683006,0.008210954256355762,0.01782088540494442,0.0031793126836419106,0.002388428431004286,6.031543671269901e-05,14.0,116,
9.999999999999994e-05,8299,,,,,,,,,
9.999999999999994e-05,8299,,,,,,,,,
9.999999999999994e-05,8299,,,,,,,,,
,8299,0.022322852164506912,0.003651533741503954,0.011883423663675785,0.0037708310410380363,0.002952226437628269,6.483932520495728e-05,14.0,116,
,8306,,,,,,,,116,0.031691860407590866
9.999999999999994e-05,8349,,,,,,,,,
9.999999999999994e-05,8349,,,,,,,,,
9.999999999999994e-05,8349,,,,,,,,,
,8349,0.03463488072156906,0.008133411407470703,0.017894897609949112,0.004722032230347395,0.0038143678102642298,7.016974996076897e-05,14.0,117,
,8377,,,,,,,,117,0.029392650350928307
9.999999999999994e-05,8399,,,,,,,,,
9.999999999999994e-05,8399,,,,,,,,,
9.999999999999994e-05,8399,,,,,,,,,
,8399,0.02336905337870121,0.0028607649728655815,0.014632892794907093,0.00313592329621315,0.0026715260464698076,6.794476939830929e-05,14.0,118,
,8448,,,,,,,,118,0.028777174651622772
9.999999999999994e-05,8449,,,,,,,,,
9.999999999999994e-05,8449,,,,,,,,,
9.999999999999994e-05,8449,,,,,,,,,
,8449,0.02612462267279625,0.00559343583881855,0.015128983184695244,0.002950491150841117,0.0021696474868804216,0.00028206422575749457,14.0,119,
9.999999999999994e-05,8499,,,,,,,,,
9.999999999999994e-05,8499,,,,,,,,,
9.999999999999994e-05,8499,,,,,,,,,
,8499,0.02784569002687931,0.005786358378827572,0.016266733407974243,0.0031117238104343414,0.0025860683526843786,9.480465814704075e-05,14.0,119,
,8519,,,,,,,,119,0.031197456642985344
9.999999999999994e-05,8549,,,,,,,,,
9.999999999999994e-05,8549,,,,,,,,,
9.999999999999994e-05,8549,,,,,,,,,
,8549,0.02429855801165104,0.0037786809261888266,0.014771886169910431,0.003483549691736698,0.002191042760387063,7.339940930251032e-05,14.0,120,
,8590,,,,,,,,120,0.03039187751710415
9.999999999999994e-05,8599,,,,,,,,,
9.999999999999994e-05,8599,,,,,,,,,
9.999999999999994e-05,8599,,,,,,,,,
,8599,0.023914258927106857,0.005515212658792734,0.01321418210864067,0.002757525071501732,0.0023667882196605206,6.055068297428079e-05,14.0,121,
9.999999999999994e-05,8649,,,,,,,,,
9.999999999999994e-05,8649,,,,,,,,,
9.999999999999994e-05,8649,,,,,,,,,
,8649,0.0212927907705307,0.0016317730769515038,0.01435144804418087,0.0030178686138242483,0.00222791638225317,6.378517718985677e-05,14.0,121,
,8661,,,,,,,,121,0.031948521733284
9.999999999999994e-05,8699,,,,,,,,,
9.999999999999994e-05,8699,,,,,,,,,
9.999999999999994e-05,8699,,,,,,,,,
,8699,0.02254842035472393,0.005046737380325794,0.012923261150717735,0.0025633880868554115,0.0019434988498687744,7.15350397513248e-05,14.0,122,
,8732,,,,,,,,122,0.03120643086731434
9.999999999999994e-05,8749,,,,,,,,,
9.999999999999994e-05,8749,,,,,,,,,
9.999999999999994e-05,8749,,,,,,,,,
,8749,0.026569806039333344,0.005073573440313339,0.011567535810172558,0.005233132746070623,0.004626785404980183,6.877640407765284e-05,14.0,123,
9.999999999999994e-05,8799,,,,,,,,,
9.999999999999994e-05,8799,,,,,,,,,
9.999999999999994e-05,8799,,,,,,,,,
,8799,0.01911962777376175,0.0023966277949512005,0.012477712705731392,0.00249828165397048,0.0016884696669876575,5.8535213611321524e-05,14.0,123,
,8803,,,,,,,,123,0.032901786267757416
9.999999999999994e-05,8849,,,,,,,,,
9.999999999999994e-05,8849,,,,,,,,,
9.999999999999994e-05,8849,,,,,,,,,
,8849,0.02001294493675232,0.002529354300349951,0.01281023770570755,0.0027018911205232143,0.0019160632509738207,5.5397238611476496e-05,14.0,124,
,8874,,,,,,,,124,0.03179864585399628
9.999999999999994e-05,8899,,,,,,,,,
9.999999999999994e-05,8899,,,,,,,,,
9.999999999999994e-05,8899,,,,,,,,,
,8899,0.026202287524938583,0.009023327380418777,0.011798241175711155,0.0030726983677595854,0.0022447905503213406,6.323139677988365e-05,14.0,125,
,8945,,,,,,,,125,0.028938429430127144
9.999999999999994e-05,8949,,,,,,,,,
9.999999999999994e-05,8949,,,,,,,,,
9.999999999999994e-05,8949,,,,,,,,,
,8949,0.027016866952180862,0.006538200192153454,0.013681096956133842,0.0038954415358603,0.0028423841577023268,5.974696250632405e-05,14.0,126,
9.999999999999994e-05,8999,,,,,,,,,
9.999999999999994e-05,8999,,,,,,,,,
9.999999999999994e-05,8999,,,,,,,,,
,8999,0.03270798176527023,0.011288432404398918,0.013641510158777237,0.0041265226900577545,0.0035885267425328493,6.299225060502067e-05,14.0,126,
,9016,,,,,,,,126,0.03238315135240555
9.999999999999994e-05,9049,,,,,,,,,
9.999999999999994e-05,9049,,,,,,,,,
9.999999999999994e-05,9049,,,,,,,,,
,9049,0.02410152554512024,0.00618131784722209,0.012618404813110828,0.002890917006880045,0.0023454762995243073,6.541048787767068e-05,14.0,127,
,9087,,,,,,,,127,0.029392709955573082
9.999999999999994e-05,9099,,,,,,,,,
9.999999999999994e-05,9099,,,,,,,,,
9.999999999999994e-05,9099,,,,,,,,,
,9099,0.02639160491526127,0.007544699124991894,0.014533968642354012,0.002799262758344412,0.0014668990625068545,4.67767495138105e-05,14.0,128,
9.999999999999994e-05,9149,,,,,,,,,
9.999999999999994e-05,9149,,,,,,,,,
9.999999999999994e-05,9149,,,,,,,,,
,9149,0.02734125591814518,0.010003476403653622,0.012787194922566414,0.0025963387452065945,0.001896448666229844,5.779843559139408e-05,14.0,128,
,9158,,,,,,,,128,0.036068521440029144
9.999999999999994e-05,9199,,,,,,,,,
9.999999999999994e-05,9199,,,,,,,,,
9.999999999999994e-05,9199,,,,,,,,,
,9199,0.023088913410902023,0.005732503719627857,0.012570783495903015,0.0025724186562001705,0.0021472913213074207,6.591743294848129e-05,14.0,129,
,9229,,,,,,,,129,0.03118007257580757
9.999999999999994e-05,9249,,,,,,,,,
9.999999999999994e-05,9249,,,,,,,,,
9.999999999999994e-05,9249,,,,,,,,,
,9249,0.028800735250115395,0.007485345937311649,0.01507426518946886,0.0033094193786382675,0.002866660011932254,6.504461634904146e-05,14.0,130,
9.999999999999994e-05,9299,,,,,,,,,
9.999999999999994e-05,9299,,,,,,,,,
9.999999999999994e-05,9299,,,,,,,,,
,9299,0.022020233795046806,0.004838036373257637,0.013267690315842628,0.002496670465916395,0.0013696886599063873,4.81468960060738e-05,14.0,130,
,9300,,,,,,,,130,0.03195667639374733
9.999999999999994e-05,9349,,,,,,,,,
9.999999999999994e-05,9349,,,,,,,,,
9.999999999999994e-05,9349,,,,,,,,,
,9349,0.03111695498228073,0.009982038289308548,0.012816429138183594,0.004569174721837044,0.0036798077635467052,6.950435636099428e-05,14.0,131,
,9371,,,,,,,,131,0.03576197475194931
9.999999999999994e-05,9399,,,,,,,,,
9.999999999999994e-05,9399,,,,,,,,,
9.999999999999994e-05,9399,,,,,,,,,
,9399,0.03081628680229187,0.009970569983124733,0.014131700620055199,0.004064609296619892,0.0025971434079110622,5.2263119869166985e-05,14.0,132,
,9442,,,,,,,,132,0.031462300568819046
9.999999999999994e-05,9449,,,,,,,,,
9.999999999999994e-05,9449,,,,,,,,,
9.999999999999994e-05,9449,,,,,,,,,
,9449,0.02795853279531002,0.012219926342368126,0.009201244451105595,0.0034256773069500923,0.0030485892202705145,6.309449236141518e-05,15.0,133,
9.999999999999994e-05,9499,,,,,,,,,
9.999999999999994e-05,9499,,,,,,,,,
9.999999999999994e-05,9499,,,,,,,,,
,9499,0.023125290870666504,0.007621482014656067,0.010006323456764221,0.0031301211565732956,0.002310699550434947,5.6665339798200876e-05,15.0,133,
,9513,,,,,,,,133,0.031627193093299866
9.999999999999994e-05,9549,,,,,,,,,
9.999999999999994e-05,9549,,,,,,,,,
9.999999999999994e-05,9549,,,,,,,,,
,9549,0.022342056035995483,0.006829378195106983,0.01155744306743145,0.0026411092840135098,0.0012696441262960434,4.447979881661013e-05,15.0,134,
,9584,,,,,,,,134,0.03051094338297844
9.999999999999994e-05,9599,,,,,,,,,
9.999999999999994e-05,9599,,,,,,,,,
9.999999999999994e-05,9599,,,,,,,,,
,9599,0.01869998686015606,0.0051978472620248795,0.009610110893845558,0.0023267106153070927,0.0015124151250347495,5.290323679219e-05,15.0,135,
9.999999999999994e-05,9649,,,,,,,,,
9.999999999999994e-05,9649,,,,,,,,,
9.999999999999994e-05,9649,,,,,,,,,
,9649,0.015397853218019009,0.001235191710293293,0.00987076573073864,0.002658048179000616,0.0015802838606759906,5.3563657274935395e-05,15.0,135,
,9655,,,,,,,,135,0.0320279635488987
9.999999999999994e-05,9699,,,,,,,,,
9.999999999999994e-05,9699,,,,,,,,,
9.999999999999994e-05,9699,,,,,,,,,
,9699,0.016779733821749687,0.0030021939892321825,0.008926404640078545,0.0027737668715417385,0.00202529807575047,5.2070470701437443e-05,15.0,136,
,9726,,,,,,,,136,0.029943551868200302
9.999999999999994e-05,9749,,,,,,,,,
9.999999999999994e-05,9749,,,,,,,,,
9.999999999999994e-05,9749,,,,,,,,,
,9749,0.022258630022406578,0.0058255684562027454,0.01138279028236866,0.0026636335533112288,0.002325549954548478,6.10889183008112e-05,15.0,137,
,9797,,,,,,,,137,0.03129735216498375
9.999999999999994e-05,9799,,,,,,,,,
9.999999999999994e-05,9799,,,,,,,,,
9.999999999999994e-05,9799,,,,,,,,,
,9799,0.028312694281339645,0.0068447170779109,0.015628010034561157,0.0032769297249615192,0.002511798869818449,5.1237308070994914e-05,15.0,138,
9.999999999999994e-05,9849,,,,,,,,,
9.999999999999994e-05,9849,,,,,,,,,
9.999999999999994e-05,9849,,,,,,,,,
,9849,0.017681682482361794,0.0031424779444932938,0.010490698739886284,0.0023223087191581726,0.0016675615916028619,5.8635770983528346e-05,15.0,138,
,9868,,,,,,,,138,0.03157340735197067
9.999999999999994e-05,9899,,,,,,,,,
9.999999999999994e-05,9899,,,,,,,,,
9.999999999999994e-05,9899,,,,,,,,,
,9899,0.017903489992022514,0.0016270955093204975,0.010594110935926437,0.0030912389047443867,0.0025261982809752226,6.48487766738981e-05,15.0,139,
,9939,,,,,,,,139,0.03308049216866493
9.999999999999994e-05,9949,,,,,,,,,
9.999999999999994e-05,9949,,,,,,,,,
9.999999999999994e-05,9949,,,,,,,,,
,9949,0.012798751704394817,0.0012322700349614024,0.007694610860198736,0.002272458979859948,0.001553995069116354,4.541820817394182e-05,15.0,140,
9.999999999999994e-05,9999,,,,,,,,,
9.999999999999994e-05,9999,,,,,,,,,
9.999999999999994e-05,9999,,,,,,,,,
,9999,0.016785496845841408,0.0021116745192557573,0.010483602061867714,0.002233182080090046,0.001896958681754768,6.007988486089744e-05,15.0,140,
,10010,,,,,,,,140,0.030354954302310944
9.999999999999994e-05,10049,,,,,,,,,
9.999999999999994e-05,10049,,,,,,,,,
9.999999999999994e-05,10049,,,,,,,,,
,10049,0.02123541571199894,0.005028963088989258,0.010683257132768631,0.0029834380839020014,0.002427520463243127,0.00011223753972444683,15.0,141,
,10081,,,,,,,,141,0.03165450692176819
9.999999999999994e-05,10099,,,,,,,,,
9.999999999999994e-05,10099,,,,,,,,,
9.999999999999994e-05,10099,,,,,,,,,
,10099,0.017443079501390457,0.0011974149383604527,0.01019473746418953,0.0031569981947541237,0.0028402628377079964,5.366637196857482e-05,15.0,142,
9.999999999999994e-05,10149,,,,,,,,,
9.999999999999994e-05,10149,,,,,,,,,
9.999999999999994e-05,10149,,,,,,,,,
,10149,0.017071254551410675,0.001683447160758078,0.010216252878308296,0.0024836016818881035,0.0018520548474043608,0.0008358967606909573,15.0,142,
,10152,,,,,,,,142,0.028994088992476463
9.999999999999994e-05,10199,,,,,,,,,
9.999999999999994e-05,10199,,,,,,,,,
9.999999999999994e-05,10199,,,,,,,,,
,10199,0.015601225197315216,0.002274185884743929,0.009318603202700615,0.002331816591322422,0.0015884321182966232,8.818742935545743e-05,15.0,143,
,10223,,,,,,,,143,0.028672069311141968
9.999999999999994e-05,10249,,,,,,,,,
9.999999999999994e-05,10249,,,,,,,,,
9.999999999999994e-05,10249,,,,,,,,,
,10249,0.016788041219115257,0.0031438791193068027,0.008110104128718376,0.003056200221180916,0.002418643794953823,5.921514457440935e-05,15.0,144,
,10294,,,,,,,,144,0.032173674553632736
9.999999999999994e-05,10299,,,,,,,,,
9.999999999999994e-05,10299,,,,,,,,,
9.999999999999994e-05,10299,,,,,,,,,
,10299,0.01591012254357338,0.0017142195720225573,0.01082322932779789,0.001966825919225812,0.0013556788908317685,5.016849172534421e-05,15.0,145,
9.999999999999994e-05,10349,,,,,,,,,
9.999999999999994e-05,10349,,,,,,,,,
9.999999999999994e-05,10349,,,,,,,,,
,10349,0.017646774649620056,0.0022120976354926825,0.011429542675614357,0.0024316092021763325,0.00152678438462317,4.6740344259887934e-05,15.0,145,
,10365,,,,,,,,145,0.03177554905414581
9.999999999999994e-05,10399,,,,,,,,,
9.999999999999994e-05,10399,,,,,,,,,
9.999999999999994e-05,10399,,,,,,,,,
,10399,0.016531439498066902,0.005378072615712881,0.007108722347766161,0.00233850278891623,0.001650414546020329,5.5727250583004206e-05,15.0,146,
,10436,,,,,,,,146,0.03000883013010025
9.999999999999994e-05,10449,,,,,,,,,
9.999999999999994e-05,10449,,,,,,,,,
9.999999999999994e-05,10449,,,,,,,,,
,10449,0.016467761248350143,0.0025228727608919144,0.009093519300222397,0.0028249018359929323,0.0019644408021122217,6.202644726727158e-05,15.0,147,
9.999999999999994e-05,10499,,,,,,,,,
9.999999999999994e-05,10499,,,,,,,,,
9.999999999999994e-05,10499,,,,,,,,,
,10499,0.018712911754846573,0.004348961636424065,0.01055905781686306,0.0022679923567920923,0.0014318975154310465,0.00010500309144845232,15.0,147,
,10507,,,,,,,,147,0.031664397567510605
9.999999999999994e-05,10549,,,,,,,,,
9.999999999999994e-05,10549,,,,,,,,,
9.999999999999994e-05,10549,,,,,,,,,
,10549,0.015245464630424976,0.001767671899870038,0.010064704343676567,0.0018329019658267498,0.0013258591061457992,0.00025432847905904055,15.0,148,
,10578,,,,,,,,148,0.03229175880551338
9.999999999999994e-05,10599,,,,,,,,,
9.999999999999994e-05,10599,,,,,,,,,
9.999999999999994e-05,10599,,,,,,,,,
,10599,0.020895063877105713,0.0061540501192212105,0.010316177271306515,0.002732704859226942,0.0015054353279992938,0.00018669755081646144,15.0,149,
9.999999999999994e-05,10649,,,,,,,,,
,10649,0.01790311187505722,0.0028586736880242825,0.010795670561492443,0.002367932815104723,0.001706358976662159,0.0001744769251672551,15.0,149,
,10649,,,,,,,,149,0.031011948361992836
9.999999999999994e-05,10699,,,,,,,,,
9.999999999999994e-05,10699,,,,,,,,,
9.999999999999994e-05,10699,,,,,,,,,
,10699,0.01937868446111679,0.005060623865574598,0.010595318861305714,0.0020507180597633123,0.0016244370490312576,4.758599607157521e-05,15.0,150,
,10720,,,,,,,,150,0.029475027695298195
9.999999999999994e-05,10749,,,,,,,,,
9.999999999999994e-05,10749,,,,,,,,,
9.999999999999994e-05,10749,,,,,,,,,
,10749,0.024603642523288727,0.005834007635712624,0.013048709370195866,0.003084832336753607,0.0025852490216493607,5.084362055640668e-05,15.0,151,
,10791,,,,,,,,151,0.02952743135392666
9.999999999999994e-05,10799,,,,,,,,,
9.999999999999994e-05,10799,,,,,,,,,
9.999999999999994e-05,10799,,,,,,,,,
,10799,0.015390200540423393,0.003961550071835518,0.008467823266983032,0.0017074201023206115,0.0012090145610272884,4.439241092768498e-05,15.0,152,
9.999999999999994e-05,10849,,,,,,,,,
9.999999999999994e-05,10849,,,,,,,,,
9.999999999999994e-05,10849,,,,,,,,,
,10849,0.0215041134506464,0.006419414654374123,0.011403625831007957,0.0020893134642392397,0.001550915651023388,4.084295505890623e-05,15.0,152,
,10862,,,,,,,,152,0.02933664061129093
9.999999999999994e-05,10899,,,,,,,,,
9.999999999999994e-05,10899,,,,,,,,,
9.999999999999994e-05,10899,,,,,,,,,
,10899,0.015315055847167969,0.0034798989072442055,0.006619498133659363,0.0030487424228340387,0.0021090940572321415,5.782215885119513e-05,15.0,153,
,10933,,,,,,,,153,0.03143307566642761
9.999999999999994e-05,10949,,,,,,,,,
9.999999999999994e-05,10949,,,,,,,,,
9.999999999999994e-05,10949,,,,,,,,,
,10949,0.03881252184510231,0.011426422744989395,0.021149497479200363,0.003485896158963442,0.0026962340343743563,5.4471234761876985e-05,15.0,154,
9.999999999999994e-05,10999,,,,,,,,,
9.999999999999994e-05,10999,,,,,,,,,
9.999999999999994e-05,10999,,,,,,,,,
,10999,0.010341105982661247,0.0005092730280011892,0.0062958477064967155,0.0019628810696303844,0.0015180498594418168,5.505403532879427e-05,15.0,154,
,11004,,,,,,,,154,0.028624482452869415
9.999999999999994e-05,11049,,,,,,,,,
9.999999999999994e-05,11049,,,,,,,,,
9.999999999999994e-05,11049,,,,,,,,,
,11049,0.018329234793782234,0.002770473714917898,0.01166747510433197,0.002276261802762747,0.0015684167155995965,4.660748163587414e-05,16.0,155,
,11075,,,,,,,,155,0.030066851526498795
9.999999999999994e-05,11099,,,,,,,,,
9.999999999999994e-05,11099,,,,,,,,,
9.999999999999994e-05,11099,,,,,,,,,
,11099,0.0150418970733881,0.002441815799102187,0.008043459616601467,0.0025249524042010307,0.001980582717806101,5.108716504764743e-05,16.0,156,
,11146,,,,,,,,156,0.033941805362701416
9.999999999999994e-05,11149,,,,,,,,,
9.999999999999994e-05,11149,,,,,,,,,
9.999999999999994e-05,11149,,,,,,,,,
,11149,0.023738984018564224,0.006220636889338493,0.011950863525271416,0.0032317794393748045,0.0022915294393897057,4.417467425810173e-05,16.0,157,
9.999999999999994e-05,11199,,,,,,,,,
9.999999999999994e-05,11199,,,,,,,,,
9.999999999999994e-05,11199,,,,,,,,,
,11199,0.016591306775808334,0.0021014423109591007,0.010290784761309624,0.00253139971755445,0.0016207161825150251,4.696562245953828e-05,16.0,157,
,11217,,,,,,,,157,0.03479769825935364
9.999999999999994e-05,11249,,,,,,,,,
9.999999999999994e-05,11249,,,,,,,,,
9.999999999999994e-05,11249,,,,,,,,,
,11249,0.014686860144138336,0.0019643737468868494,0.008955158293247223,0.0022830369416624308,0.0014360251370817423,4.8266880185110494e-05,16.0,158,
,11288,,,,,,,,158,0.03210125491023064
9.999999999999994e-05,11299,,,,,,,,,
9.999999999999994e-05,11299,,,,,,,,,
9.999999999999994e-05,11299,,,,,,,,,
,11299,0.025868138298392296,0.0027330759912729263,0.016460133716464043,0.0035591996274888515,0.0030638480093330145,5.18804881721735e-05,16.0,159,
9.999999999999994e-05,11349,,,,,,,,,
9.999999999999994e-05,11349,,,,,,,,,
9.999999999999994e-05,11349,,,,,,,,,
,11349,0.018327059224247932,0.006244179327040911,0.008246148936450481,0.0022515440359711647,0.0015388827305287123,4.630449620890431e-05,16.0,159,
,11359,,,,,,,,159,0.02985772304236889
9.999999999999994e-05,11399,,,,,,,,,
9.999999999999994e-05,11399,,,,,,,,,
9.999999999999994e-05,11399,,,,,,,,,
,11399,0.01376386545598507,0.0010134426411241293,0.009139550849795341,0.002171487081795931,0.0013956795446574688,4.370508759166114e-05,16.0,160,
,11430,,,,,,,,160,0.031158776953816414
9.999999999999994e-05,11449,,,,,,,,,
9.999999999999994e-05,11449,,,,,,,,,
9.999999999999994e-05,11449,,,,,,,,,
,11449,0.018559526652097702,0.0024684774689376354,0.01191004365682602,0.002443216275423765,0.0016928024124354124,4.498708585742861e-05,16.0,161,
9.999999999999994e-05,11499,,,,,,,,,
9.999999999999994e-05,11499,,,,,,,,,
9.999999999999994e-05,11499,,,,,,,,,
,11499,0.019480928778648376,0.005480994004756212,0.008441983722150326,0.00305392243899405,0.002443545963615179,6.04824090260081e-05,16.0,161,
,11501,,,,,,,,161,0.03231557458639145
9.999999999999994e-05,11549,,,,,,,,,
9.999999999999994e-05,11549,,,,,,,,,
9.999999999999994e-05,11549,,,,,,,,,
,11549,0.014503566548228264,0.0037992727011442184,0.0076128216460347176,0.001794550335034728,0.001230990164913237,6.593075522687286e-05,16.0,162,
,11572,,,,,,,,162,0.030549876391887665
9.999999999999994e-05,11599,,,,,,,,,
9.999999999999994e-05,11599,,,,,,,,,
9.999999999999994e-05,11599,,,,,,,,,
,11599,0.013691695407032967,0.0016875178553164005,0.008454184047877789,0.0019596165511757135,0.0015470990911126137,4.3277424992993474e-05,16.0,163,
,11643,,,,,,,,163,0.031213579699397087
9.999999999999994e-05,11649,,,,,,,,,
9.999999999999994e-05,11649,,,,,,,,,
9.999999999999994e-05,11649,,,,,,,,,
,11649,0.019592026248574257,0.003903113305568695,0.009344194084405899,0.0036295417230576277,0.002660095924511552,5.5082698963815346e-05,16.0,164,
9.999999999999994e-05,11699,,,,,,,,,
9.999999999999994e-05,11699,,,,,,,,,
9.999999999999994e-05,11699,,,,,,,,,
,11699,0.014438952319324017,0.0017783974763005972,0.00937381200492382,0.0017920824466273189,0.0014536255039274693,4.1034822061192244e-05,16.0,164,
,11714,,,,,,,,164,0.031758006662130356
9.999999999999994e-05,11749,,,,,,,,,
9.999999999999994e-05,11749,,,,,,,,,
9.999999999999994e-05,11749,,,,,,,,,
,11749,0.024614930152893066,0.00779074989259243,0.0121702766045928,0.0025766282342374325,0.0020325263030827045,4.475065725273453e-05,16.0,165,
,11785,,,,,,,,165,0.03054628148674965
9.999999999999994e-05,11799,,,,,,,,,
9.999999999999994e-05,11799,,,,,,,,,
9.999999999999994e-05,11799,,,,,,,,,
,11799,0.020857930183410645,0.004526609554886818,0.012486564926803112,0.002111826092004776,0.0016812558751553297,5.1676284783752635e-05,16.0,166,
9.999999999999994e-05,11849,,,,,,,,,
9.999999999999994e-05,11849,,,,,,,,,
9.999999999999994e-05,11849,,,,,,,,,
,11849,0.031373195350170135,0.0045072296634316444,0.02302885428071022,0.002379057230427861,0.0014251999091356993,3.2853993616299704e-05,16.0,166,
,11856,,,,,,,,166,0.03037155792117119
9.999999999999994e-05,11899,,,,,,,,,
9.999999999999994e-05,11899,,,,,,,,,
9.999999999999994e-05,11899,,,,,,,,,
,11899,0.011871086433529854,0.001582619035616517,0.007559242192655802,0.0015530044911429286,0.0011393568711355329,3.686373383970931e-05,16.0,167,
,11927,,,,,,,,167,0.030582742765545845
9.999999999999994e-05,11949,,,,,,,,,
9.999999999999994e-05,11949,,,,,,,,,
9.999999999999994e-05,11949,,,,,,,,,
,11949,0.016138896346092224,0.0051421248354017735,0.0067681740038096905,0.0023242749739438295,0.0017986559541895986,0.00010566656419541687,16.0,168,
,11998,,,,,,,,168,0.033146679401397705
9.999999999999994e-05,11999,,,,,,,,,
9.999999999999994e-05,11999,,,,,,,,,
9.999999999999994e-05,11999,,,,,,,,,
,11999,0.019417472183704376,0.006776686757802963,0.007699934765696526,0.0021283808164298534,0.0016002595657482743,0.0012122087646275759,16.0,169,
9.999999999999994e-05,12049,,,,,,,,,
9.999999999999994e-05,12049,,,,,,,,,
9.999999999999994e-05,12049,,,,,,,,,
,12049,0.023509027436375618,0.005329567473381758,0.013267384842038155,0.002576264087110758,0.0022916877642273903,4.412396083353087e-05,16.0,169,
,12069,,,,,,,,169,0.031880419701337814
9.999999999999994e-05,12099,,,,,,,,,
9.999999999999994e-05,12099,,,,,,,,,
9.999999999999994e-05,12099,,,,,,,,,
,12099,0.013851220719516277,0.001144567271694541,0.008285803720355034,0.002574948128312826,0.001792742172256112,5.315880480338819e-05,16.0,170,
,12140,,,,,,,,170,0.03078507073223591
9.999999999999994e-05,12149,,,,,,,,,
9.999999999999994e-05,12149,,,,,,,,,
9.999999999999994e-05,12149,,,,,,,,,
,12149,0.017661822959780693,0.005782414227724075,0.007589092943817377,0.002339503262192011,0.0019048152025789022,4.5998156565474346e-05,16.0,171,
9.999999999999994e-05,12199,,,,,,,,,
9.999999999999994e-05,12199,,,,,,,,,
9.999999999999994e-05,12199,,,,,,,,,
,12199,0.021601732820272446,0.004280990920960903,0.013080008327960968,0.0023385374806821346,0.0018629403784871101,3.925309283658862e-05,16.0,171,
,12211,,,,,,,,171,0.033747944980859756
9.999999999999994e-05,12249,,,,,,,,,
9.999999999999994e-05,12249,,,,,,,,,
9.999999999999994e-05,12249,,,,,,,,,
,12249,0.011908343061804771,0.001188721158541739,0.008366070687770844,0.0013203666312620044,0.0009950988460332155,3.8085458072600886e-05,16.0,172,
,12282,,,,,,,,172,0.030078062787652016
9.999999999999994e-05,12299,,,,,,,,,
9.999999999999994e-05,12299,,,,,,,,,
9.999999999999994e-05,12299,,,,,,,,,
,12299,0.01747778430581093,0.0017352032009512186,0.011982915922999382,0.002375312615185976,0.0013419209280982614,4.2432202462805435e-05,16.0,173,
9.999999999999994e-05,12349,,,,,,,,,
9.999999999999994e-05,12349,,,,,,,,,
9.999999999999994e-05,12349,,,,,,,,,
,12349,0.021209416911005974,0.003437118139117956,0.013640480116009712,0.0024844384752213955,0.001602576463483274,4.480262941797264e-05,16.0,173,
,12353,,,,,,,,173,0.02946896106004715
9.999999999999994e-05,12399,,,,,,,,,
9.999999999999994e-05,12399,,,,,,,,,
9.999999999999994e-05,12399,,,,,,,,,
,12399,0.026089172810316086,0.005713057704269886,0.015519602224230766,0.0027209590189158916,0.002094027353450656,4.152592009631917e-05,16.0,174,
,12424,,,,,,,,174,0.03156924620270729
9.999999999999994e-05,12449,,,,,,,,,
9.999999999999994e-05,12449,,,,,,,,,
9.999999999999994e-05,12449,,,,,,,,,
,12449,0.013385042548179626,0.004952834919095039,0.0052329422906041145,0.0019105192041024566,0.0012450632639229298,4.3683005060302094e-05,16.0,175,
,12495,,,,,,,,175,0.0310974158346653
9.999999999999994e-05,12499,,,,,,,,,
9.999999999999994e-05,12499,,,,,,,,,
9.999999999999994e-05,12499,,,,,,,,,
,12499,0.017136232927441597,0.00209200382232666,0.010412913747131824,0.0024538396392017603,0.0021341913379728794,4.3284260755172e-05,16.0,176,
9.999999999999994e-05,12549,,,,,,,,,
9.999999999999994e-05,12549,,,,,,,,,
9.999999999999994e-05,12549,,,,,,,,,
,12549,0.015908468514680862,0.004977645352482796,0.007491275668144226,0.0019582207314670086,0.0014393010642379522,4.202545460429974e-05,16.0,176,
,12566,,,,,,,,176,0.029717760160565376
9.999999999999994e-05,12599,,,,,,,,,
9.999999999999994e-05,12599,,,,,,,,,
9.999999999999994e-05,12599,,,,,,,,,
,12599,0.014938324689865112,0.004783365875482559,0.006885298062115908,0.0019160693045705557,0.0013080175267532468,4.5574004616355523e-05,16.0,177,
,12637,,,,,,,,177,0.030859097838401794
9.999999999999994e-05,12649,,,,,,,,,
9.999999999999994e-05,12649,,,,,,,,,
9.999999999999994e-05,12649,,,,,,,,,
,12649,0.013763650320470333,0.0012734383344650269,0.008899204432964325,0.002121834782883525,0.0014250809326767921,4.409144094097428e-05,16.0,178,
9.999999999999994e-05,12699,,,,,,,,,
9.999999999999994e-05,12699,,,,,,,,,
9.999999999999994e-05,12699,,,,,,,,,
,12699,0.01750173047184944,0.004555360414087772,0.008263837546110153,0.0027675959281623363,0.0018691645236685872,4.577319123200141e-05,16.0,178,
,12708,,,,,,,,178,0.02896036207675934
9.999999999999994e-05,12749,,,,,,,,,
9.999999999999994e-05,12749,,,,,,,,,
9.999999999999994e-05,12749,,,,,,,,,
,12749,0.02497808076441288,0.011980123817920685,0.006889731157571077,0.0034858686849474907,0.002572608646005392,4.974681723979302e-05,17.0,179,
,12779,,,,,,,,179,0.031675633043050766
9.999999999999994e-05,12799,,,,,,,,,
9.999999999999994e-05,12799,,,,,,,,,
9.999999999999994e-05,12799,,,,,,,,,
,12799,0.02005402371287346,0.004933126270771027,0.012060927227139473,0.001768209389410913,0.0012297721114009619,6.198909977683797e-05,17.0,180,
9.999999999999994e-05,12849,,,,,,,,,
9.999999999999994e-05,12849,,,,,,,,,
9.999999999999994e-05,12849,,,,,,,,,
,12849,0.010436703450977802,0.001992578385397792,0.005847087129950523,0.0015087916981428862,0.001049363985657692,3.8882197259226814e-05,17.0,180,
,12850,,,,,,,,180,0.02885458804666996
9.999999999999994e-05,12899,,,,,,,,,
9.999999999999994e-05,12899,,,,,,,,,
9.999999999999994e-05,12899,,,,,,,,,
,12899,0.01815236732363701,0.005208943970501423,0.008590773679316044,0.0024007190950214863,0.0019047291716560721,4.7200897824950516e-05,17.0,181,
,12921,,,,,,,,181,0.03240009769797325
9.999999999999994e-05,12949,,,,,,,,,
9.999999999999994e-05,12949,,,,,,,,,
9.999999999999994e-05,12949,,,,,,,,,
,12949,0.01946283131837845,0.00469792727380991,0.01158439926803112,0.001798100769519806,0.0013423071941360831,4.009529948234558e-05,17.0,182,
,12992,,,,,,,,182,0.032861292362213135
9.999999999999994e-05,12999,,,,,,,,,
9.999999999999994e-05,12999,,,,,,,,,
9.999999999999994e-05,12999,,,,,,,,,
,12999,0.0196530781686306,0.001462800893932581,0.014646674506366253,0.0019347222987562418,0.001572450390085578,3.6429293686524034e-05,17.0,183,
9.999999999999994e-05,13049,,,,,,,,,
9.999999999999994e-05,13049,,,,,,,,,
9.999999999999994e-05,13049,,,,,,,,,
,13049,0.017723865807056427,0.0022709378972649574,0.011466549709439278,0.0021534673869609833,0.0017868359573185444,4.6074826968833804e-05,17.0,183,
,13063,,,,,,,,183,0.030618345364928246
9.999999999999994e-05,13099,,,,,,,,,
9.999999999999994e-05,13099,,,,,,,,,
9.999999999999994e-05,13099,,,,,,,,,
,13099,0.014851069077849388,0.003628038801252842,0.00761562492698431,0.001980616245418787,0.0015936866402626038,3.310259853606112e-05,17.0,184,
,13134,,,,,,,,184,0.029727675020694733
9.999999999999994e-05,13149,,,,,,,,,
9.999999999999994e-05,13149,,,,,,,,,
9.999999999999994e-05,13149,,,,,,,,,
,13149,0.02682601287961006,0.00772501016035676,0.012708067893981934,0.003451834199950099,0.0029117194935679436,2.9381390049820766e-05,17.0,185,
9.999999999999994e-05,13199,,,,,,,,,
9.999999999999994e-05,13199,,,,,,,,,
9.999999999999994e-05,13199,,,,,,,,,
,13199,0.01587732881307602,0.004392495844513178,0.007441224996000528,0.002222315175458789,0.0017481220420449972,7.316951086977497e-05,17.0,185,
,13205,,,,,,,,185,0.029796406626701355
9.999999999999994e-05,13249,,,,,,,,,
9.999999999999994e-05,13249,,,,,,,,,
9.999999999999994e-05,13249,,,,,,,,,
,13249,0.01687062717974186,0.0019308726768940687,0.010103752836585045,0.002239068504422903,0.0017417464405298233,0.0008551866631023586,17.0,186,
,13276,,,,,,,,186,0.0325462780892849
9.999999999999994e-05,13299,,,,,,,,,
9.999999999999994e-05,13299,,,,,,,,,
9.999999999999994e-05,13299,,,,,,,,,
,13299,0.016164764761924744,0.004393902141600847,0.007595442235469818,0.002254344057291746,0.0017933130729943514,0.0001277618866879493,17.0,187,
,13347,,,,,,,,187,0.030633505433797836
9.999999999999994e-05,13349,,,,,,,,,
9.999999999999994e-05,13349,,,,,,,,,
9.999999999999994e-05,13349,,,,,,,,,
,13349,0.023323247209191322,0.005501925013959408,0.01442886982113123,0.0019894647412002087,0.0013601218815892935,4.286578769097105e-05,17.0,188,
9.999999999999994e-05,13399,,,,,,,,,
9.999999999999994e-05,13399,,,,,,,,,
9.999999999999994e-05,13399,,,,,,,,,
,13399,0.017314521595835686,0.001945827854797244,0.010677456855773926,0.0025872252881526947,0.002056499943137169,4.7510773583780974e-05,17.0,188,
,13418,,,,,,,,188,0.03156441077589989
9.999999999999994e-05,13449,,,,,,,,,
9.999999999999994e-05,13449,,,,,,,,,
9.999999999999994e-05,13449,,,,,,,,,
,13449,0.013330684043467045,0.004803982563316822,0.005914352834224701,0.0014752669958397746,0.0011049628956243396,3.21188272209838e-05,17.0,189,
,13489,,,,,,,,189,0.032384876161813736
9.999999999999994e-05,13499,,,,,,,,,
9.999999999999994e-05,13499,,,,,,,,,
9.999999999999994e-05,13499,,,,,,,,,
,13499,0.017238806933164597,0.005135202780365944,0.008130450733006,0.0022981397341936827,0.0016368753276765347,3.813703733612783e-05,17.0,190,
9.999999999999994e-05,13549,,,,,,,,,
9.999999999999994e-05,13549,,,,,,,,,
9.999999999999994e-05,13549,,,,,,,,,
,13549,0.008125067688524723,0.0010230590123683214,0.004606678616255522,0.001432678080163896,0.0010285680182278156,3.408402335480787e-05,17.0,190,
,13560,,,,,,,,190,0.028490154072642326
9.999999999999994e-05,13599,,,,,,,,,
9.999999999999994e-05,13599,,,,,,,,,
9.999999999999994e-05,13599,,,,,,,,,
,13599,0.016085762530565262,0.002010392490774393,0.010715552605688572,0.0018545365892350674,0.0014668779913336039,3.8402289646910504e-05,17.0,191,
,13631,,,,,,,,191,0.03066098503768444
9.999999999999994e-05,13649,,,,,,,,,
9.999999999999994e-05,13649,,,,,,,,,
9.999999999999994e-05,13649,,,,,,,,,
,13649,0.02993270382285118,0.002904664957895875,0.023187167942523956,0.002637859433889389,0.000938000506721437,0.0002650114765856415,17.0,192,
9.999999999999994e-05,13699,,,,,,,,,
9.999999999999994e-05,13699,,,,,,,,,
9.999999999999994e-05,13699,,,,,,,,,
,13699,0.01070927083492279,0.001922066556289792,0.006338597275316715,0.0013437583111226559,0.0010014822473749518,0.00010336642299080268,17.0,192,
,13702,,,,,,,,192,0.03090576082468033
9.999999999999994e-05,13749,,,,,,,,,
9.999999999999994e-05,13749,,,,,,,,,
9.999999999999994e-05,13749,,,,,,,,,
,13749,0.010033147409558296,0.0009982214542105794,0.006417034659534693,0.0015214190352708101,0.0010351550299674273,6.131754344096407e-05,17.0,193,
,13773,,,,,,,,193,0.02924538590013981
9.999999999999994e-05,13799,,,,,,,,,
9.999999999999994e-05,13799,,,,,,,,,
9.999999999999994e-05,13799,,,,,,,,,
,13799,0.014578485861420631,0.0012262456584721804,0.010284926742315292,0.0017150727799162269,0.0013193136546760798,3.2928281143540516e-05,17.0,194,
,13844,,,,,,,,194,0.029249686747789383
9.999999999999994e-05,13849,,,,,,,,,
9.999999999999994e-05,13849,,,,,,,,,
9.999999999999994e-05,13849,,,,,,,,,
,13849,0.009083849377930164,0.0013598690275102854,0.004846596624702215,0.0017530431505292654,0.0010800129966810346,4.4327131035970524e-05,17.0,195,
9.999999999999994e-05,13899,,,,,,,,,
9.999999999999994e-05,13899,,,,,,,,,
9.999999999999994e-05,13899,,,,,,,,,
,13899,0.01671173982322216,0.0037152727600187063,0.009857969358563423,0.001791245536878705,0.0013037347234785557,4.351740426500328e-05,17.0,195,
,13915,,,,,,,,195,0.0285996925085783
9.999999999999994e-05,13949,,,,,,,,,
9.999999999999994e-05,13949,,,,,,,,,
9.999999999999994e-05,13949,,,,,,,,,
,13949,0.013623861595988274,0.0038943137042224407,0.0073336102068424225,0.0013375484850257635,0.0010228464379906654,3.5542016121326014e-05,17.0,196,
,13986,,,,,,,,196,0.029129507020115852
9.999999999999994e-05,13999,,,,,,,,,
9.999999999999994e-05,13999,,,,,,,,,
9.999999999999994e-05,13999,,,,,,,,,
,13999,0.009647509083151817,0.0006169266998767853,0.006276147905737162,0.0015894320094957948,0.0011313564609736204,3.364578151376918e-05,17.0,197,
9.999999999999994e-05,14049,,,,,,,,,
9.999999999999994e-05,14049,,,,,,,,,
9.999999999999994e-05,14049,,,,,,,,,
,14049,0.011314567178487778,0.0018881266005337238,0.005549019202589989,0.0021929817739874125,0.001638520392589271,4.591884498950094e-05,17.0,197,
,14057,,,,,,,,197,0.02927965670824051
9.999999999999994e-05,14099,,,,,,,,,
9.999999999999994e-05,14099,,,,,,,,,
9.999999999999994e-05,14099,,,,,,,,,
,14099,0.012872080318629742,0.0037253042683005333,0.005932871252298355,0.0017621694132685661,0.0014096165541559458,4.2118728742934763e-05,17.0,198,
,14128,,,,,,,,198,0.032073307782411575
9.999999999999994e-05,14149,,,,,,,,,
9.999999999999994e-05,14149,,,,,,,,,
9.999999999999994e-05,14149,,,,,,,,,
,14149,0.017362741753458977,0.0043739378452301025,0.009099585935473442,0.0022242318373173475,0.0016297876136377454,3.5198856494389474e-05,17.0,199,
9.999999999999994e-05,14199,,,,,,,,,
,14199,0.010545510798692703,0.000672820198815316,0.006676952354609966,0.001853632042184472,0.0013047743123024702,3.733203993760981e-05,17.0,199,
,14199,,,,,,,,199,0.03324150666594505
9.999999999999994e-05,14249,,,,,,,,,
9.999999999999994e-05,14249,,,,,,,,,
9.999999999999994e-05,14249,,,,,,,,,
,14249,0.01663682982325554,0.0023852945305407047,0.009865934029221535,0.0024859269615262747,0.0018585599027574062,4.111414818908088e-05,17.0,200,
,14270,,,,,,,,200,0.029156554490327835
9.999999999999994e-05,14299,,,,,,,,,
9.999999999999994e-05,14299,,,,,,,,,
9.999999999999994e-05,14299,,,,,,,,,
,14299,0.01732340268790722,0.004319706931710243,0.009283015504479408,0.0020752307027578354,0.001602258998900652,4.3190098949708045e-05,17.0,201,
,14341,,,,,,,,201,0.03199514001607895
9.999999999999994e-05,14349,,,,,,,,,
9.999999999999994e-05,14349,,,,,,,,,
9.999999999999994e-05,14349,,,,,,,,,
,14349,0.016382871195673943,0.0014435964403674006,0.009946024045348167,0.0026861014775931835,0.002267236355692148,3.991186895291321e-05,17.0,202,
9.999999999999994e-05,14399,,,,,,,,,
9.999999999999994e-05,14399,,,,,,,,,
9.999999999999994e-05,14399,,,,,,,,,
,14399,0.01746751368045807,0.00550268916413188,0.008150443434715271,0.0021526103373616934,0.0016248514875769615,3.6917019315296784e-05,17.0,202,
,14412,,,,,,,,202,0.03060559369623661
9.999999999999994e-05,14449,,,,,,,,,
9.999999999999994e-05,14449,,,,,,,,,
9.999999999999994e-05,14449,,,,,,,,,
,14449,0.01573246717453003,0.005665776319801807,0.006517556495964527,0.002080064732581377,0.0014267941005527973,4.227720637572929e-05,17.0,203,
,14483,,,,,,,,203,0.030980320647358894
9.999999999999994e-05,14499,,,,,,,,,
9.999999999999994e-05,14499,,,,,,,,,
9.999999999999994e-05,14499,,,,,,,,,
,14499,0.017866861075162888,0.004051577765494585,0.011144219897687435,0.0015451190993189812,0.001047966186888516,7.797624130034819e-05,17.0,204,
9.999999999999994e-05,14549,,,,,,,,,
9.999999999999994e-05,14549,,,,,,,,,
9.999999999999994e-05,14549,,,,,,,,,
,14549,0.011931446380913258,0.0019724476151168346,0.006298479624092579,0.0019398146541789174,0.0016560202930122614,6.468469655374065e-05,17.0,204,
,14554,,,,,,,,204,0.030279135331511497
9.999999999999994e-05,14599,,,,,,,,,
9.999999999999994e-05,14599,,,,,,,,,
9.999999999999994e-05,14599,,,,,,,,,
,14599,0.017956510186195374,0.004598163068294525,0.009578165598213673,0.0019741475116461515,0.0015953915426507592,0.0002106429892592132,18.0,205,
,14625,,,,,,,,205,0.02953031286597252
9.999999999999994e-05,14649,,,,,,,,,
9.999999999999994e-05,14649,,,,,,,,,
9.999999999999994e-05,14649,,,,,,,,,
,14649,0.012982027605175972,0.004673522897064686,0.00628235936164856,0.0011992879444733262,0.0007963719544932246,3.048519283765927e-05,18.0,206,
,14696,,,,,,,,206,0.030645687133073807
9.999999999999994e-05,14699,,,,,,,,,
9.999999999999994e-05,14699,,,,,,,,,
9.999999999999994e-05,14699,,,,,,,,,
,14699,0.013222137466073036,0.0019651043694466352,0.007902927696704865,0.00181773048825562,0.0015048639615997672,3.151140845147893e-05,18.0,207,
9.999999999999994e-05,14749,,,,,,,,,
9.999999999999994e-05,14749,,,,,,,,,
9.999999999999994e-05,14749,,,,,,,,,
,14749,0.011307706125080585,0.004454280249774456,0.00445515988394618,0.0013225984293967485,0.001045364886522293,3.0303648600238375e-05,18.0,207,
,14767,,,,,,,,207,0.031911905854940414
9.999999999999994e-05,14799,,,,,,,,,
9.999999999999994e-05,14799,,,,,,,,,
9.999999999999994e-05,14799,,,,,,,,,
,14799,0.012519171461462975,0.0025200792588293552,0.007032735273241997,0.0017504410352557898,0.0011781934881582856,3.7722558772657067e-05,18.0,208,
,14838,,,,,,,,208,0.03125392273068428
9.999999999999994e-05,14849,,,,,,,,,
9.999999999999994e-05,14849,,,,,,,,,
9.999999999999994e-05,14849,,,,,,,,,
,14849,0.012121190316975117,0.0008999832789413631,0.008040830492973328,0.00173813640139997,0.00140257622115314,3.9663133065914735e-05,18.0,209,
9.999999999999994e-05,14899,,,,,,,,,
9.999999999999994e-05,14899,,,,,,,,,
9.999999999999994e-05,14899,,,,,,,,,
,14899,0.012883505783975124,0.0011828502174466848,0.008878965862095356,0.0015252664452418685,0.0012575674336403608,3.885533442371525e-05,18.0,209,
,14909,,,,,,,,209,0.02877907082438469
9.999999999999994e-05,14949,,,,,,,,,
9.999999999999994e-05,14949,,,,,,,,,
9.999999999999994e-05,14949,,,,,,,,,
,14949,0.011886868625879288,0.00104434578679502,0.007497175596654415,0.0018461555009707808,0.0014010164886713028,9.81756966211833e-05,18.0,210,
,14980,,,,,,,,210,0.02961927466094494
9.999999999999994e-05,14999,,,,,,,,,
9.999999999999994e-05,14999,,,,,,,,,
9.999999999999994e-05,14999,,,,,,,,,
,14999,0.01899890974164009,0.00529743917286396,0.010497154667973518,0.00181549321860075,0.0012587022501975298,0.00013011788541916758,18.0,211,
9.999999999999994e-05,15049,,,,,,,,,
9.999999999999994e-05,15049,,,,,,,,,
9.999999999999994e-05,15049,,,,,,,,,
,15049,0.011408994905650616,0.001968096476048231,0.005459585692733526,0.0021592078264802694,0.0017570251366123557,6.508025398943573e-05,18.0,211,
,15051,,,,,,,,211,0.0292544886469841
9.999999999999994e-05,15099,,,,,,,,,
9.999999999999994e-05,15099,,,,,,,,,
9.999999999999994e-05,15099,,,,,,,,,
,15099,0.015565242618322372,0.006361143663525581,0.004876501392573118,0.002609289949759841,0.0016751497751101851,4.3157662730664015e-05,18.0,212,
,15122,,,,,,,,212,0.03057011589407921
9.999999999999994e-05,15149,,,,,,,,,
9.999999999999994e-05,15149,,,,,,,,,
9.999999999999994e-05,15149,,,,,,,,,
,15149,0.017392829060554504,0.001648077741265297,0.012190453708171844,0.0019210686441510916,0.0015916667180135846,4.156099748797715e-05,18.0,213,
,15193,,,,,,,,213,0.030373165383934975
9.999999999999994e-05,15199,,,,,,,,,
9.999999999999994e-05,15199,,,,,,,,,
9.999999999999994e-05,15199,,,,,,,,,
,15199,0.012228441424667835,0.0013328874483704567,0.008055910468101501,0.0016077697509899735,0.0012008990161120892,3.0975003028288484e-05,18.0,214,
9.999999999999994e-05,15249,,,,,,,,,
9.999999999999994e-05,15249,,,,,,,,,
9.999999999999994e-05,15249,,,,,,,,,
,15249,0.01054599042981863,0.001204789150506258,0.007165943272411823,0.0013333039823919535,0.0008091929485090077,3.276108327554539e-05,18.0,214,
,15264,,,,,,,,214,0.029434144496917725
9.999999999999994e-05,15299,,,,,,,,,
9.999999999999994e-05,15299,,,,,,,,,
9.999999999999994e-05,15299,,,,,,,,,
,15299,0.011671868152916431,0.0012934631668031216,0.007428817916661501,0.001578854164108634,0.001334699452854693,3.603285222197883e-05,18.0,215,
,15335,,,,,,,,215,0.030715806409716606
9.999999999999994e-05,15349,,,,,,,,,
9.999999999999994e-05,15349,,,,,,,,,
9.999999999999994e-05,15349,,,,,,,,,
,15349,0.015618391335010529,0.002030670642852783,0.009230120107531548,0.0023471242748200893,0.0019793123938143253,3.1164337997324765e-05,18.0,216,
9.999999999999994e-05,15399,,,,,,,,,
9.999999999999994e-05,15399,,,,,,,,,
9.999999999999994e-05,15399,,,,,,,,,
,15399,0.01610030047595501,0.0048114219680428505,0.00825572945177555,0.0017095941584557295,0.0012907173950225115,3.283656405983493e-05,18.0,216,
,15406,,,,,,,,216,0.029600191861391068
9.999999999999994e-05,15449,,,,,,,,,
9.999999999999994e-05,15449,,,,,,,,,
9.999999999999994e-05,15449,,,,,,,,,
,15449,0.009849687106907368,0.0018315606284886599,0.005570286884903908,0.0013228076277300715,0.0010940893553197384,3.094353087362833e-05,18.0,217,
,15477,,,,,,,,217,0.029054060578346252
9.999999999999994e-05,15499,,,,,,,,,
9.999999999999994e-05,15499,,,,,,,,,
9.999999999999994e-05,15499,,,,,,,,,
,15499,0.017637282609939575,0.0049787345342338085,0.009587678126990795,0.0016623290721327066,0.0013787412317469716,2.979978671646677e-05,18.0,218,
,15548,,,,,,,,218,0.02997259423136711
9.999999999999994e-05,15549,,,,,,,,,
9.999999999999994e-05,15549,,,,,,,,,
9.999999999999994e-05,15549,,,,,,,,,
,15549,0.00914089661091566,0.0018320450326427817,0.004770603030920029,0.0013577002100646496,0.0011422103270888329,3.833830123767257e-05,18.0,219,
9.999999999999994e-05,15599,,,,,,,,,
9.999999999999994e-05,15599,,,,,,,,,
9.999999999999994e-05,15599,,,,,,,,,
,15599,0.0151741998270154,0.0018362482078373432,0.010448907501995564,0.0015568006783723831,0.0012949213851243258,3.732197001227178e-05,18.0,219,
,15619,,,,,,,,219,0.030306505039334297
9.999999999999994e-05,15649,,,,,,,,,
9.999999999999994e-05,15649,,,,,,,,,
9.999999999999994e-05,15649,,,,,,,,,
,15649,0.009757150895893574,0.00102348648943007,0.006045754998922348,0.0014034752966836095,0.001257693045772612,2.674132520041894e-05,18.0,220,
,15690,,,,,,,,220,0.029434334486722946
9.999999999999994e-05,15699,,,,,,,,,
9.999999999999994e-05,15699,,,,,,,,,
9.999999999999994e-05,15699,,,,,,,,,
,15699,0.009884398430585861,0.00397223187610507,0.003562779165804386,0.0012748412555083632,0.001037677051499486,3.6869460018351674e-05,18.0,221,
9.999999999999994e-05,15749,,,,,,,,,
9.999999999999994e-05,15749,,,,,,,,,
9.999999999999994e-05,15749,,,,,,,,,
,15749,0.03996257483959198,0.013562468811869621,0.022991163656115532,0.0020388069096952677,0.0013454670552164316,2.4669607228133827e-05,18.0,221,
,15761,,,,,,,,221,0.028537629172205925
9.999999999999994e-05,15799,,,,,,,,,
9.999999999999994e-05,15799,,,,,,,,,
9.999999999999994e-05,15799,,,,,,,,,
,15799,0.014739543199539185,0.0036674635484814644,0.008080681785941124,0.001715046470053494,0.0012407037429511547,3.564709550119005e-05,18.0,222,
,15832,,,,,,,,222,0.03321182727813721
9.999999999999994e-05,15849,,,,,,,,,
9.999999999999994e-05,15849,,,,,,,,,
9.999999999999994e-05,15849,,,,,,,,,
,15849,0.013353770598769188,0.0017723031342029572,0.008744773454964161,0.0016015911241993308,0.0012014256790280342,3.367745739524253e-05,18.0,223,
9.999999999999994e-05,15899,,,,,,,,,
9.999999999999994e-05,15899,,,,,,,,,
9.999999999999994e-05,15899,,,,,,,,,
,15899,0.008890394121408463,0.0009058137657120824,0.005896527320146561,0.0011402936652302742,0.0008518594549968839,9.590045374352485e-05,18.0,223,
,15903,,,,,,,,223,0.028584331274032593
9.999999999999994e-05,15949,,,,,,,,,
9.999999999999994e-05,15949,,,,,,,,,
9.999999999999994e-05,15949,,,,,,,,,
,15949,0.007162933703511953,0.0012017586268484592,0.003862086683511734,0.0011409427970647812,0.0008761179051361978,8.202778553823009e-05,18.0,224,
,15974,,,,,,,,224,0.029179900884628296
9.999999999999994e-05,15999,,,,,,,,,
9.999999999999994e-05,15999,,,,,,,,,
9.999999999999994e-05,15999,,,,,,,,,
,15999,0.010609094984829426,0.003551081521436572,0.004816172644495964,0.001263836631551385,0.0009417458204552531,3.6258057662053034e-05,18.0,225,
,16045,,,,,,,,225,0.031197242438793182
9.999999999999994e-05,16049,,,,,,,,,
9.999999999999994e-05,16049,,,,,,,,,
9.999999999999994e-05,16049,,,,,,,,,
,16049,0.011315724812448025,0.001285506528802216,0.007837457582354546,0.0012939319713041186,0.0008691037655808032,2.972547554236371e-05,18.0,226,
9.999999999999994e-05,16099,,,,,,,,,
9.999999999999994e-05,16099,,,,,,,,,
9.999999999999994e-05,16099,,,,,,,,,
,16099,0.009725850075483322,0.0027540726587176323,0.0038733717519789934,0.0018150279065594077,0.0012465259060263634,3.6852783523499966e-05,18.0,226,
,16116,,,,,,,,226,0.028976688161492348
9.999999999999994e-05,16149,,,,,,,,,
9.999999999999994e-05,16149,,,,,,,,,
9.999999999999994e-05,16149,,,,,,,,,
,16149,0.006214264780282974,0.0006416545948013663,0.003508329391479492,0.001147810136899352,0.0008774083107709885,3.906249548890628e-05,18.0,227,
,16187,,,,,,,,227,0.0327630490064621
9.999999999999994e-05,16199,,,,,,,,,
9.999999999999994e-05,16199,,,,,,,,,
9.999999999999994e-05,16199,,,,,,,,,
,16199,0.00953795574605465,0.0008814393077045679,0.005161271430552006,0.0019765160977840424,0.0014866422861814499,3.208719499525614e-05,18.0,228,
9.999999999999994e-05,16249,,,,,,,,,
9.999999999999994e-05,16249,,,,,,,,,
9.999999999999994e-05,16249,,,,,,,,,
,16249,0.012050745077431202,0.003682608949020505,0.005528680048882961,0.0016191701870411634,0.0011878602672368288,3.2425534300273284e-05,18.0,228,
,16258,,,,,,,,228,0.03046531043946743
9.999999999999994e-05,16299,,,,,,,,,
9.999999999999994e-05,16299,,,,,,,,,
9.999999999999994e-05,16299,,,,,,,,,
,16299,0.013366256840527058,0.0010152568574994802,0.010202588513493538,0.0011179879074916244,0.000989110441878438,4.1313833207823336e-05,18.0,229,
,16329,,,,,,,,229,0.0297384150326252
9.999999999999994e-05,16349,,,,,,,,,
9.999999999999994e-05,16349,,,,,,,,,
9.999999999999994e-05,16349,,,,,,,,,
,16349,0.01520784106105566,0.0031171049922704697,0.009390195831656456,0.0016031761188060045,0.0010693037183955312,2.8061152988811955e-05,18.0,230,
9.999999999999994e-05,16399,,,,,,,,,
9.999999999999994e-05,16399,,,,,,,,,
9.999999999999994e-05,16399,,,,,,,,,
,16399,0.00959049817174673,0.0009849474299699068,0.006679604295641184,0.0011528163449838758,0.0007419221219606698,3.120802648481913e-05,18.0,230,
,16400,,,,,,,,230,0.027905644848942757
9.999999999999994e-05,16449,,,,,,,,,
9.999999999999994e-05,16449,,,,,,,,,
9.999999999999994e-05,16449,,,,,,,,,
,16449,0.006689641159027815,0.0008722642669454217,0.004086274653673172,0.0009739186498336494,0.0007248773472383618,3.230656511732377e-05,18.0,231,
,16471,,,,,,,,231,0.030049921944737434
9.999999999999994e-05,16499,,,,,,,,,
9.999999999999994e-05,16499,,,,,,,,,
9.999999999999994e-05,16499,,,,,,,,,
,16499,0.016434434801340103,0.003683163318783045,0.008096348494291306,0.002478432608768344,0.002141127362847328,3.536332951625809e-05,19.0,232,
,16542,,,,,,,,232,0.03174335137009621
9.999999999999994e-05,16549,,,,,,,,,
9.999999999999994e-05,16549,,,,,,,,,
9.999999999999994e-05,16549,,,,,,,,,
,16549,0.01672304980456829,0.005764701869338751,0.007870472967624664,0.0016630843747407198,0.0013310529757291079,9.373765351483598e-05,19.0,233,
9.999999999999994e-05,16599,,,,,,,,,
9.999999999999994e-05,16599,,,,,,,,,
9.999999999999994e-05,16599,,,,,,,,,
,16599,0.012362213805317879,0.0043913451954722404,0.004549829289317131,0.0015663118101656437,0.0011706595541909337,0.0006840679561719298,19.0,233,
,16613,,,,,,,,233,0.028930434957146645
9.999999999999994e-05,16649,,,,,,,,,
9.999999999999994e-05,16649,,,,,,,,,
9.999999999999994e-05,16649,,,,,,,,,
,16649,0.008150042034685612,0.0009790128096938133,0.0048528313636779785,0.001276002498343587,0.0009049162035807967,0.00013727950863540173,19.0,234,
,16684,,,,,,,,234,0.029828021302819252
9.999999999999994e-05,16699,,,,,,,,,
9.999999999999994e-05,16699,,,,,,,,,
9.999999999999994e-05,16699,,,,,,,,,
,16699,0.00947483442723751,0.001371386693790555,0.0059184785932302475,0.0013126031262800097,0.0008347616530954838,3.7605190300382674e-05,19.0,235,
9.999999999999994e-05,16749,,,,,,,,,
9.999999999999994e-05,16749,,,,,,,,,
9.999999999999994e-05,16749,,,,,,,,,
,16749,0.008433275856077671,0.0009699671645648777,0.005235447082668543,0.0012694632168859243,0.000929056026507169,2.9342023481149226e-05,19.0,235,
,16755,,,,,,,,235,0.030123693868517876
9.999999999999994e-05,16799,,,,,,,,,
9.999999999999994e-05,16799,,,,,,,,,
9.999999999999994e-05,16799,,,,,,,,,
,16799,0.015416665002703667,0.0020319060422480106,0.010515093803405762,0.00158894422929734,0.001245604595169425,3.5116219805786386e-05,19.0,236,
,16826,,,,,,,,236,0.03245382383465767
9.999999999999994e-05,16849,,,,,,,,,
9.999999999999994e-05,16849,,,,,,,,,
9.999999999999994e-05,16849,,,,,,,,,
,16849,0.011343791149556637,0.001163664273917675,0.007909171283245087,0.0012669559800997376,0.0009786027949303389,2.5396229830221273e-05,19.0,237,
,16897,,,,,,,,237,0.029779164120554924
9.999999999999994e-05,16899,,,,,,,,,
9.999999999999994e-05,16899,,,,,,,,,
9.999999999999994e-05,16899,,,,,,,,,
,16899,0.013067063875496387,0.003312852466478944,0.007426930591464043,0.001287601189687848,0.001012086751870811,2.759326707746368e-05,19.0,238,
9.999999999999994e-05,16949,,,,,,,,,
9.999999999999994e-05,16949,,,,,,,,,
9.999999999999994e-05,16949,,,,,,,,,
,16949,0.011052479967474937,0.0007562132086604834,0.007904940284788609,0.0013363180914893746,0.0010224324651062489,3.257573189330287e-05,19.0,238,
,16968,,,,,,,,238,0.030728435143828392
9.999999999999994e-05,16999,,,,,,,,,
9.999999999999994e-05,16999,,,,,,,,,
9.999999999999994e-05,16999,,,,,,,,,
,16999,0.015215162187814713,0.003513973206281662,0.006999991834163666,0.002484226133674383,0.002189985476434231,2.6984997020917945e-05,19.0,239,
,17039,,,,,,,,239,0.03031882643699646
9.999999999999994e-05,17049,,,,,,,,,
9.999999999999994e-05,17049,,,,,,,,,
9.999999999999994e-05,17049,,,,,,,,,
,17049,0.012552537955343723,0.003104969160631299,0.00664552254602313,0.0014899951638653874,0.0012848019832745194,2.7248894184594974e-05,19.0,240,
9.999999999999994e-05,17099,,,,,,,,,
9.999999999999994e-05,17099,,,,,,,,,
9.999999999999994e-05,17099,,,,,,,,,
,17099,0.009931586682796478,0.0007543261745013297,0.006932244636118412,0.001273834495805204,0.0009440461290068924,2.7135241907672025e-05,19.0,240,
,17110,,,,,,,,240,0.03017260879278183
9.999999999999994e-05,17149,,,,,,,,,
9.999999999999994e-05,17149,,,,,,,,,
9.999999999999994e-05,17149,,,,,,,,,
,17149,0.01219705119729042,0.003933851607143879,0.006164265796542168,0.0011560157872736454,0.000913210678845644,2.9707061912631616e-05,19.0,241,
,17181,,,,,,,,241,0.032257094979286194
9.999999999999994e-05,17199,,,,,,,,,
9.999999999999994e-05,17199,,,,,,,,,
9.999999999999994e-05,17199,,,,,,,,,
,17199,0.007160094100981951,0.0010813497938215733,0.003985740710049868,0.0012025177711620927,0.0008576341788284481,3.285189814050682e-05,19.0,242,
9.999999999999994e-05,17249,,,,,,,,,
9.999999999999994e-05,17249,,,,,,,,,
9.999999999999994e-05,17249,,,,,,,,,
,17249,0.009062494151294231,0.0015714862383902073,0.00465939287096262,0.0016275437083095312,0.0011742798378691077,2.979182499984745e-05,19.0,242,
,17252,,,,,,,,242,0.030363306403160095
9.999999999999994e-05,17299,,,,,,,,,
9.999999999999994e-05,17299,,,,,,,,,
9.999999999999994e-05,17299,,,,,,,,,
,17299,0.009400877170264721,0.001609052182175219,0.0049349041655659676,0.0016221303958445787,0.001201756065711379,3.303401899756864e-05,19.0,243,
,17323,,,,,,,,243,0.03109177015721798
9.999999999999994e-05,17349,,,,,,,,,
9.999999999999994e-05,17349,,,,,,,,,
9.999999999999994e-05,17349,,,,,,,,,
,17349,0.009903844445943832,0.0009041490848176181,0.006470607593655586,0.001436349586583674,0.0010640438413247466,2.869453419407364e-05,19.0,244,
,17394,,,,,,,,244,0.03130475431680679
9.999999999999994e-05,17399,,,,,,,,,
9.999999999999994e-05,17399,,,,,,,,,
9.999999999999994e-05,17399,,,,,,,,,
,17399,0.012905186973512173,0.001360793481580913,0.008767429739236832,0.0015133878914639354,0.0012303338153287768,3.3241969504160807e-05,19.0,245,
9.999999999999994e-05,17449,,,,,,,,,
9.999999999999994e-05,17449,,,,,,,,,
9.999999999999994e-05,17449,,,,,,,,,
,17449,0.016282031312584877,0.0014364055823534727,0.01142885722219944,0.0017948402091860771,0.0015931185334920883,2.8808954084524885e-05,19.0,245,
,17465,,,,,,,,245,0.031295936554670334
9.999999999999994e-05,17499,,,,,,,,,
9.999999999999994e-05,17499,,,,,,,,,
9.999999999999994e-05,17499,,,,,,,,,
,17499,0.025313323363661766,0.0017042633844539523,0.019157573580741882,0.0023694788105785847,0.002051028423011303,3.0981744203018025e-05,19.0,246,
,17536,,,,,,,,246,0.02994777448475361
9.999999999999994e-05,17549,,,,,,,,,
9.999999999999994e-05,17549,,,,,,,,,
9.999999999999994e-05,17549,,,,,,,,,
,17549,0.011323736049234867,0.0014058540109544992,0.0075780549086630344,0.0013391021639108658,0.00097417994402349,2.6544918000581674e-05,19.0,247,
9.999999999999994e-05,17599,,,,,,,,,
9.999999999999994e-05,17599,,,,,,,,,
9.999999999999994e-05,17599,,,,,,,,,
,17599,0.0075425999239087105,0.00045998903806321323,0.004368257708847523,0.0015780531102791429,0.001102345995604992,3.3953998354263604e-05,19.0,247,
,17607,,,,,,,,247,0.03018166311085224
9.999999999999994e-05,17649,,,,,,,,,
9.999999999999994e-05,17649,,,,,,,,,
9.999999999999994e-05,17649,,,,,,,,,
,17649,0.009925930760800838,0.0009517077705822885,0.006531182676553726,0.0013341009616851807,0.001082960399799049,2.59790012933081e-05,19.0,248,
,17678,,,,,,,,248,0.030025456100702286
9.999999999999994e-05,17699,,,,,,,,,
9.999999999999994e-05,17699,,,,,,,,,
9.999999999999994e-05,17699,,,,,,,,,
,17699,0.008368643000721931,0.0012741289101541042,0.0046780044212937355,0.001368958968669176,0.0010161951649934053,3.135539009235799e-05,19.0,249,
9.999999999999994e-05,17749,,,,,,,,,
,17749,0.010345577262341976,0.0015032931696623564,0.006027417257428169,0.001643788069486618,0.0011172504164278507,5.382779272622429e-05,19.0,249,
,17749,,,,,,,,249,0.030438752844929695
9.999999999999994e-05,17799,,,,,,,,,
9.999999999999994e-05,17799,,,,,,,,,
9.999999999999994e-05,17799,,,,,,,,,
,17799,0.011199592612683773,0.0014112116768956184,0.006643742322921753,0.0016045861411839724,0.001515306532382965,2.4746017516008578e-05,19.0,250,
,17820,,,,,,,,250,0.029255453497171402
9.999999999999994e-05,17849,,,,,,,,,
9.999999999999994e-05,17849,,,,,,,,,
9.999999999999994e-05,17849,,,,,,,,,
,17849,0.008839786984026432,0.001267764251679182,0.0048371488228440285,0.0013173873303458095,0.0009732182952575386,0.0004442674689926207,19.0,251,
,17891,,,,,,,,251,0.02866840362548828
9.999999999999994e-05,17899,,,,,,,,,
9.999999999999994e-05,17899,,,,,,,,,
9.999999999999994e-05,17899,,,,,,,,,
,17899,0.01091701164841652,0.00320000690408051,0.004680836573243141,0.001262327074073255,0.0010089842835441232,0.0007648568716831505,19.0,252,
9.999999999999994e-05,17949,,,,,,,,,
9.999999999999994e-05,17949,,,,,,,,,
9.999999999999994e-05,17949,,,,,,,,,
,17949,0.008213476277887821,0.0012335085775703192,0.004485042300075293,0.0014003523392602801,0.001038084039464593,5.648905425914563e-05,19.0,252,
,17962,,,,,,,,252,0.030154090374708176
9.999999999999994e-05,17999,,,,,,,,,
9.999999999999994e-05,17999,,,,,,,,,
9.999999999999994e-05,17999,,,,,,,,,
,17999,0.01582472398877144,0.0028058267198503017,0.008542586117982864,0.0026787901297211647,0.0017647003987804055,3.2819418265717104e-05,19.0,253,
,18033,,,,,,,,253,0.028944948688149452
9.999999999999994e-05,18049,,,,,,,,,
9.999999999999994e-05,18049,,,,,,,,,
9.999999999999994e-05,18049,,,,,,,,,
,18049,0.008829395286738873,0.0013376518618315458,0.005009062588214874,0.0014278041198849678,0.0010172291658818722,3.764703433262184e-05,19.0,254,
9.999999999999994e-05,18099,,,,,,,,,
9.999999999999994e-05,18099,,,,,,,,,
9.999999999999994e-05,18099,,,,,,,,,
,18099,0.013603495433926582,0.003221631981432438,0.007909358479082584,0.00141998496837914,0.0010248819598928094,2.7637977837002836e-05,19.0,254,
,18104,,,,,,,,254,0.030164841562509537
9.999999999999994e-05,18149,,,,,,,,,
9.999999999999994e-05,18149,,,,,,,,,
9.999999999999994e-05,18149,,,,,,,,,
,18149,0.011682516895234585,0.0014071348123252392,0.006969994865357876,0.0017520739929750562,0.001529829460196197,2.3484188204747625e-05,19.0,255,
,18175,,,,,,,,255,0.029977139085531235
9.999999999999994e-05,18199,,,,,,,,,
9.999999999999994e-05,18199,,,,,,,,,
9.999999999999994e-05,18199,,,,,,,,,
,18199,0.009002286940813065,0.0023223443422466516,0.004810826852917671,0.0009869369678199291,0.0008592323865741491,2.294583828188479e-05,19.0,256,
,18246,,,,,,,,256,0.03145541250705719
9.999999999999994e-05,18249,,,,,,,,,
9.999999999999994e-05,18249,,,,,,,,,
9.999999999999994e-05,18249,,,,,,,,,
,18249,0.009589770808815956,0.000990175874903798,0.006559142377227545,0.0011326584499329329,0.0008852005703374743,2.259300345031079e-05,19.0,257,
9.999999999999994e-05,18299,,,,,,,,,
9.999999999999994e-05,18299,,,,,,,,,
9.999999999999994e-05,18299,,,,,,,,,
,18299,0.007186914328485727,0.0020607635378837585,0.0038366764783859253,0.0007684327429160476,0.0004963435931131244,2.4697799744899385e-05,19.0,257,
,18317,,,,,,,,257,0.02884313091635704
9.999999999999994e-05,18349,,,,,,,,,
9.999999999999994e-05,18349,,,,,,,,,
9.999999999999994e-05,18349,,,,,,,,,
,18349,0.008871333673596382,0.0007475808961316943,0.006363485008478165,0.0011344961822032928,0.0006040431908331811,2.1728832507506013e-05,19.0,258,
,18388,,,,,,,,258,0.02854917012155056
9.999999999999994e-05,18399,,,,,,,,,
9.999999999999994e-05,18399,,,,,,,,,
9.999999999999994e-05,18399,,,,,,,,,
,18399,0.00606114836409688,0.0010503953089937568,0.0036914919037371874,0.0007504803943447769,0.0005437497748062015,2.5031018594745547e-05,19.0,259,
9.999999999999994e-05,18449,,,,,,,,,
9.999999999999994e-05,18449,,,,,,,,,
9.999999999999994e-05,18449,,,,,,,,,
,18449,0.011545027606189251,0.0011778406333178282,0.00847240537405014,0.0011210088850930333,0.0007510476280003786,2.272527854074724e-05,19.0,259,
,18459,,,,,,,,259,0.029027171432971954
9.999999999999994e-05,18499,,,,,,,,,
9.999999999999994e-05,18499,,,,,,,,,
9.999999999999994e-05,18499,,,,,,,,,
,18499,0.009418836794793606,0.000896681915037334,0.006473368499428034,0.00117394735570997,0.0008528255857527256,2.201355164288543e-05,19.0,260,
,18530,,,,,,,,260,0.027725400403141975
9.999999999999994e-05,18549,,,,,,,,,
9.999999999999994e-05,18549,,,,,,,,,
9.999999999999994e-05,18549,,,,,,,,,
,18549,0.012416585348546505,0.0033584879711270332,0.006527904886752367,0.001407832489348948,0.0011007417924702168,2.1617037418764085e-05,20.0,261,
9.999999999999994e-05,18599,,,,,,,,,
9.999999999999994e-05,18599,,,,,,,,,
9.999999999999994e-05,18599,,,,,,,,,
,18599,0.009334741160273552,0.0015834359219297767,0.005093387793749571,0.001454425510019064,0.0011751351412385702,2.8356867915135808e-05,20.0,261,
,18601,,,,,,,,261,0.030058542266488075
9.999999999999994e-05,18649,,,,,,,,,
9.999999999999994e-05,18649,,,,,,,,,
9.999999999999994e-05,18649,,,,,,,,,
,18649,0.007731112651526928,0.001385448151268065,0.00399549538269639,0.0013586808927357197,0.0009336612420156598,5.782708103652112e-05,20.0,262,
,18672,,,,,,,,262,0.028524015098810196
9.999999999999994e-05,18699,,,,,,,,,
9.999999999999994e-05,18699,,,,,,,,,
9.999999999999994e-05,18699,,,,,,,,,
,18699,0.013757596723735332,0.0012243607779964805,0.01082684751600027,0.0009459365392103791,0.0007374717970378697,2.298002982570324e-05,20.0,263,
,18743,,,,,,,,263,0.029737312346696854
9.999999999999994e-05,18749,,,,,,,,,
9.999999999999994e-05,18749,,,,,,,,,
9.999999999999994e-05,18749,,,,,,,,,
,18749,0.013339601457118988,0.003928770311176777,0.006473475601524115,0.0016334805404767394,0.0012746311258524656,2.924483487731777e-05,20.0,264,
9.999999999999994e-05,18799,,,,,,,,,
9.999999999999994e-05,18799,,,,,,,,,
9.999999999999994e-05,18799,,,,,,,,,
,18799,0.011293159797787666,0.00396734569221735,0.0047446005046367645,0.0014682187465950847,0.0010842015035450459,2.8792303055524826e-05,20.0,264,
,18814,,,,,,,,264,0.02983340620994568
9.999999999999994e-05,18849,,,,,,,,,
9.999999999999994e-05,18849,,,,,,,,,
9.999999999999994e-05,18849,,,,,,,,,
,18849,0.008602676913142204,0.001736790407449007,0.004384046420454979,0.0011854921467602253,0.0012698351638391614,2.651299291756004e-05,20.0,265,
,18885,,,,,,,,265,0.030222846195101738
9.999999999999994e-05,18899,,,,,,,,,
9.999999999999994e-05,18899,,,,,,,,,
9.999999999999994e-05,18899,,,,,,,,,
,18899,0.008249437436461449,0.0012972598196938634,0.004026055335998535,0.001623591873794794,0.001197346718981862,0.00010518327326280996,20.0,266,
9.999999999999994e-05,18949,,,,,,,,,
9.999999999999994e-05,18949,,,,,,,,,
9.999999999999994e-05,18949,,,,,,,,,
,18949,0.006436784751713276,0.00036255005397833884,0.004151926375925541,0.000970790337305516,0.0009262525709345937,2.5265622753067873e-05,20.0,266,
,18956,,,,,,,,266,0.029908765107393265
9.999999999999994e-05,18999,,,,,,,,,
9.999999999999994e-05,18999,,,,,,,,,
9.999999999999994e-05,18999,,,,,,,,,
,18999,0.00775867560878396,0.001066235126927495,0.004561584442853928,0.0012874711537733674,0.0008124163141474128,3.096900400123559e-05,20.0,267,
,19027,,,,,,,,267,0.028513681143522263
9.999999999999994e-05,19049,,,,,,,,,
9.999999999999994e-05,19049,,,,,,,,,
9.999999999999994e-05,19049,,,,,,,,,
,19049,0.011686941608786583,0.0018542599864304066,0.005615190602838993,0.0022569335997104645,0.0019296100363135338,3.094661587965675e-05,20.0,268,
,19098,,,,,,,,268,0.0296814925968647
9.999999999999994e-05,19099,,,,,,,,,
9.999999999999994e-05,19099,,,,,,,,,
9.999999999999994e-05,19099,,,,,,,,,
,19099,0.008514142595231533,0.0014144079759716988,0.005066858138889074,0.0011818991042673588,0.0008216061978600919,2.9371411073952913e-05,20.0,269,
9.999999999999994e-05,19149,,,,,,,,,
9.999999999999994e-05,19149,,,,,,,,,
9.999999999999994e-05,19149,,,,,,,,,
,19149,0.006739991717040539,0.0005118763074278831,0.004947936628013849,0.0007709398050792515,0.00048642558977007866,2.281326669617556e-05,20.0,269,
,19169,,,,,,,,269,0.02867286279797554
9.999999999999994e-05,19199,,,,,,,,,
9.999999999999994e-05,19199,,,,,,,,,
9.999999999999994e-05,19199,,,,,,,,,
,19199,0.009290536865592003,0.0005858787335455418,0.006289971526712179,0.001323591684922576,0.0010660022962838411,2.50925022555748e-05,20.0,270,
,19240,,,,,,,,270,0.031770385801792145
9.999999999999994e-05,19249,,,,,,,,,
9.999999999999994e-05,19249,,,,,,,,,
9.999999999999994e-05,19249,,,,,,,,,
,19249,0.013295354321599007,0.0039436728693544865,0.0061231954023242,0.0017857742495834827,0.0014120836276561022,3.062844552914612e-05,20.0,271,
9.999999999999994e-05,19299,,,,,,,,,
9.999999999999994e-05,19299,,,,,,,,,
9.999999999999994e-05,19299,,,,,,,,,
,19299,0.00777240889146924,0.001197444973513484,0.004929268732666969,0.0009252459276467562,0.000692240777425468,2.8208576623001136e-05,20.0,271,
,19311,,,,,,,,271,0.02800903283059597
9.999999999999994e-05,19349,,,,,,,,,
9.999999999999994e-05,19349,,,,,,,,,
9.999999999999994e-05,19349,,,,,,,,,
,19349,0.010264589451253414,0.0021182727068662643,0.006257485598325729,0.0011102878488600254,0.000754283566493541,2.425995444355067e-05,20.0,272,
,19382,,,,,,,,272,0.030269553884863853
9.999999999999994e-05,19399,,,,,,,,,
9.999999999999994e-05,19399,,,,,,,,,
9.999999999999994e-05,19399,,,,,,,,,
,19399,0.008220153860747814,0.0009815149242058396,0.004877585917711258,0.0013525241520255804,0.0009819015394896269,2.6627700208337046e-05,20.0,273,
9.999999999999994e-05,19449,,,,,,,,,
9.999999999999994e-05,19449,,,,,,,,,
9.999999999999994e-05,19449,,,,,,,,,
,19449,0.007908718660473824,0.001444558147341013,0.004259725101292133,0.0012515019625425339,0.0009233073215000331,2.962626786029432e-05,20.0,273,
,19453,,,,,,,,273,0.029056722298264503
9.999999999999994e-05,19499,,,,,,,,,
9.999999999999994e-05,19499,,,,,,,,,
9.999999999999994e-05,19499,,,,,,,,,
,19499,0.01162705384194851,0.0018545129569247365,0.006849734112620354,0.0016422742046415806,0.001254341914318502,2.6191313736489974e-05,20.0,274,
,19524,,,,,,,,274,0.028652440756559372
9.999999999999994e-05,19549,,,,,,,,,
9.999999999999994e-05,19549,,,,,,,,,
9.999999999999994e-05,19549,,,,,,,,,
,19549,0.01340913400053978,0.001272926339879632,0.009498575702309608,0.0014993519289419055,0.0011148975463584065,2.3382535800919868e-05,20.0,275,
,19595,,,,,,,,275,0.03180938586592674
9.999999999999994e-05,19599,,,,,,,,,
9.999999999999994e-05,19599,,,,,,,,,
9.999999999999994e-05,19599,,,,,,,,,
,19599,0.015030903741717339,0.003663915442302823,0.00805505458265543,0.001835875678807497,0.0014477678341791034,2.8290578484302387e-05,20.0,276,
9.999999999999994e-05,19649,,,,,,,,,
9.999999999999994e-05,19649,,,,,,,,,
9.999999999999994e-05,19649,,,,,,,,,
,19649,0.00905963871628046,0.000710825901478529,0.005179446656256914,0.0018607743550091982,0.001283062738366425,2.552905243646819e-05,20.0,276,
,19666,,,,,,,,276,0.030471039935946465
9.999999999999994e-05,19699,,,,,,,,,
9.999999999999994e-05,19699,,,,,,,,,
9.999999999999994e-05,19699,,,,,,,,,
,19699,0.00988751370459795,0.0014787947293370962,0.005502346903085709,0.0014360896311700344,0.0014436283381655812,2.6653826353140175e-05,20.0,277,
,19737,,,,,,,,277,0.03211144357919693
9.999999999999994e-05,19749,,,,,,,,,
9.999999999999994e-05,19749,,,,,,,,,
9.999999999999994e-05,19749,,,,,,,,,
,19749,0.007924075238406658,0.0009173810249194503,0.004682711325585842,0.0012884121388196945,0.0010093564633280039,2.6213932869723067e-05,20.0,278,
9.999999999999994e-05,19799,,,,,,,,,
9.999999999999994e-05,19799,,,,,,,,,
9.999999999999994e-05,19799,,,,,,,,,
,19799,0.009574721567332745,0.0021013692021369934,0.004483629949390888,0.001620323397219181,0.0013408707454800606,2.8527989343274385e-05,20.0,278,
,19808,,,,,,,,278,0.029305031523108482
9.999999999999994e-05,19849,,,,,,,,,
9.999999999999994e-05,19849,,,,,,,,,
9.999999999999994e-05,19849,,,,,,,,,
,19849,0.008543438278138638,0.0025613955222070217,0.003812939627096057,0.0012307831784710288,0.000912962481379509,2.5357070626341738e-05,20.0,279,
,19879,,,,,,,,279,0.03201284259557724
9.999999999999994e-05,19899,,,,,,,,,
9.999999999999994e-05,19899,,,,,,,,,
9.999999999999994e-05,19899,,,,,,,,,
,19899,0.015258834697306156,0.005393012426793575,0.006470817141234875,0.0018001249991357327,0.0015667735133320093,2.8106711397413164e-05,20.0,280,
9.999999999999994e-05,19949,,,,,,,,,
9.999999999999994e-05,19949,,,,,,,,,
9.999999999999994e-05,19949,,,,,,,,,
,19949,0.006992353592067957,0.00038345588836818933,0.004352687858045101,0.0013233739882707596,0.0009031986119225621,2.9637660190928727e-05,20.0,280,
,19950,,,,,,,,280,0.02849770151078701
9.999999999999994e-05,19999,,,,,,,,,
9.999999999999994e-05,19999,,,,,,,,,
9.999999999999994e-05,19999,,,,,,,,,
,19999,0.007337162736803293,0.0014444434782490134,0.0038805813528597355,0.0011439262889325619,0.0008436504285782576,2.4561173631809652e-05,20.0,281,
,20021,,,,,,,,281,0.030635446310043335
9.999999999999994e-05,20049,,,,,,,,,
9.999999999999994e-05,20049,,,,,,,,,
9.999999999999994e-05,20049,,,,,,,,,
,20049,0.006866951938718557,0.0008263416821137071,0.0036070821806788445,0.001242032740265131,0.0011568665504455566,3.462876702542417e-05,20.0,282,
,20092,,,,,,,,282,0.02963189035654068
9.999999999999994e-05,20099,,,,,,,,,
9.999999999999994e-05,20099,,,,,,,,,
9.999999999999994e-05,20099,,,,,,,,,
,20099,0.008511257357895374,0.0006107588997110724,0.004864790476858616,0.0015015295939520001,0.001173063414171338,0.00036111485678702593,20.0,283,
9.999999999999994e-05,20149,,,,,,,,,
9.999999999999994e-05,20149,,,,,,,,,
9.999999999999994e-05,20149,,,,,,,,,
,20149,0.010329138487577438,0.001000664895400405,0.005939452908933163,0.00162485521286726,0.0012445314787328243,0.0005196328856982291,20.0,283,
,20163,,,,,,,,283,0.030327271670103073
9.999999999999994e-05,20199,,,,,,,,,
9.999999999999994e-05,20199,,,,,,,,,
9.999999999999994e-05,20199,,,,,,,,,
,20199,0.0097579974681139,0.0004764092736877501,0.006953660398721695,0.0013134591281414032,0.000968651962466538,4.5817741920473054e-05,20.0,284,
,20234,,,,,,,,284,0.028331398963928223
9.999999999999994e-05,20249,,,,,,,,,
9.999999999999994e-05,20249,,,,,,,,,
9.999999999999994e-05,20249,,,,,,,,,
,20249,0.009145240299403667,0.0012707747519016266,0.005214257165789604,0.0015200373018160462,0.0011118896072730422,2.828166361723561e-05,20.0,285,
9.999999999999994e-05,20299,,,,,,,,,
9.999999999999994e-05,20299,,,,,,,,,
9.999999999999994e-05,20299,,,,,,,,,
,20299,0.0066280965693295,0.0010879619512706995,0.004242550581693649,0.0007781750755384564,0.0004975539050064981,2.185538505727891e-05,20.0,285,
,20305,,,,,,,,285,0.03178796172142029
9.999999999999994e-05,20349,,,,,,,,,
9.999999999999994e-05,20349,,,,,,,,,
9.999999999999994e-05,20349,,,,,,,,,
,20349,0.01096952985972166,0.0016333251260221004,0.007188267074525356,0.0011938007082790136,0.0009314862545579672,2.2650949176750146e-05,20.0,286,
,20376,,,,,,,,286,0.03061511740088463
9.999999999999994e-05,20399,,,,,,,,,
9.999999999999994e-05,20399,,,,,,,,,
9.999999999999994e-05,20399,,,,,,,,,
,20399,0.013100060634315014,0.003657706081867218,0.006610400043427944,0.001671883394010365,0.0011317979078739882,2.8273070711293258e-05,20.0,287,
,20447,,,,,,,,287,0.029683992266654968
9.999999999999994e-05,20449,,,,,,,,,
9.999999999999994e-05,20449,,,,,,,,,
9.999999999999994e-05,20449,,,,,,,,,
,20449,0.010004770010709763,0.0017245309427380562,0.006207023747265339,0.00105947139672935,0.0009914615657180548,2.2281556084635668e-05,20.0,288,
9.999999999999994e-05,20499,,,,,,,,,
9.999999999999994e-05,20499,,,,,,,,,
9.999999999999994e-05,20499,,,,,,,,,
,20499,0.00671931728720665,0.00130479468498379,0.003356380620971322,0.0012194092851132154,0.0008132554357871413,2.5476960217929445e-05,20.0,288,
,20518,,,,,,,,288,0.028685346245765686
9.999999999999994e-05,20549,,,,,,,,,
9.999999999999994e-05,20549,,,,,,,,,
9.999999999999994e-05,20549,,,,,,,,,
,20549,0.0055995299480855465,0.0008776024915277958,0.002792465267702937,0.001062397612258792,0.0008425989071838558,2.4465718524879776e-05,20.0,289,
,20589,,,,,,,,289,0.031532417982816696
9.999999999999994e-05,20599,,,,,,,,,
9.999999999999994e-05,20599,,,,,,,,,
9.999999999999994e-05,20599,,,,,,,,,
,20599,0.014654885046184063,0.0066159628331661224,0.00467904144898057,0.001797134755179286,0.0015357454540207982,2.7001191483577713e-05,20.0,290,
9.999999999999994e-05,20649,,,,,,,,,
9.999999999999994e-05,20649,,,,,,,,,
9.999999999999994e-05,20649,,,,,,,,,
,20649,0.007947955280542374,0.0006763183046132326,0.005620615556836128,0.0009401998249813914,0.0006902901222929358,2.0531888367258944e-05,20.0,290,
,20660,,,,,,,,290,0.029070816934108734
9.999999999999994e-05,20699,,,,,,,,,
9.999999999999994e-05,20699,,,,,,,,,
9.999999999999994e-05,20699,,,,,,,,,
,20699,0.012075558304786682,0.0017668469808995724,0.005515640135854483,0.0026193568482995033,0.0021471157670021057,2.6598396289045922e-05,21.0,291,
,20731,,,,,,,,291,0.0292812529951334
9.999999999999994e-05,20749,,,,,,,,,
9.999999999999994e-05,20749,,,,,,,,,
9.999999999999994e-05,20749,,,,,,,,,
,20749,0.007245445623993874,0.0012546529760584235,0.0038226661272346973,0.001161277643404901,0.0009855995886027813,2.1248975826893002e-05,21.0,292,
9.999999999999994e-05,20799,,,,,,,,,
9.999999999999994e-05,20799,,,,,,,,,
9.999999999999994e-05,20799,,,,,,,,,
,20799,0.012811549939215183,0.0014138396363705397,0.008636567741632462,0.0016179648227989674,0.0011210271622985601,2.2149843061924912e-05,21.0,292,
,20802,,,,,,,,292,0.0294773168861866
9.999999999999994e-05,20849,,,,,,,,,
9.999999999999994e-05,20849,,,,,,,,,
9.999999999999994e-05,20849,,,,,,,,,
,20849,0.007707269862294197,0.001203944906592369,0.004320092499256134,0.0012360070832073689,0.0009240846266038716,2.314054472662974e-05,21.0,293,
,20873,,,,,,,,293,0.028865069150924683
9.999999999999994e-05,20899,,,,,,,,,
9.999999999999994e-05,20899,,,,,,,,,
9.999999999999994e-05,20899,,,,,,,,,
,20899,0.009914711117744446,0.0011344827944412827,0.006746113765984774,0.001072824583388865,0.0009416364482603967,1.965399678738322e-05,21.0,294,
,20944,,,,,,,,294,0.028939424082636833
9.999999999999994e-05,20949,,,,,,,,,
9.999999999999994e-05,20949,,,,,,,,,
9.999999999999994e-05,20949,,,,,,,,,
,20949,0.006715424358844757,0.000578608363866806,0.0043531302362680435,0.0010387555230408907,0.0007252409704960883,1.9689552573254332e-05,21.0,295,
9.999999999999994e-05,20999,,,,,,,,,
9.999999999999994e-05,20999,,,,,,,,,
9.999999999999994e-05,20999,,,,,,,,,
,20999,0.012486685067415237,0.0046937172301113605,0.004318476188927889,0.0018876048270612955,0.0015617877943441272,2.5099137928918935e-05,21.0,295,
,21015,,,,,,,,295,0.029570894315838814
9.999999999999994e-05,21049,,,,,,,,,
9.999999999999994e-05,21049,,,,,,,,,
9.999999999999994e-05,21049,,,,,,,,,
,21049,0.007186244707554579,0.0002893054625019431,0.0054467711597681046,0.000792828795965761,0.0006374355871230364,1.9903824068023823e-05,21.0,296,
,21086,,,,,,,,296,0.031136272475123405
9.999999999999994e-05,21099,,,,,,,,,
9.999999999999994e-05,21099,,,,,,,,,
9.999999999999994e-05,21099,,,,,,,,,
,21099,0.013736085034906864,0.006883315742015839,0.003125382587313652,0.00239365897141397,0.0013125595869496465,2.1168407329241745e-05,21.0,297,
9.999999999999994e-05,21149,,,,,,,,,
9.999999999999994e-05,21149,,,,,,,,,
9.999999999999994e-05,21149,,,,,,,,,
,21149,0.01006587129086256,0.0012066757772117853,0.005862260237336159,0.001612925436347723,0.0013638956006616354,2.0113939172006212e-05,21.0,297,
,21157,,,,,,,,297,0.0301895122975111
9.999999999999994e-05,21199,,,,,,,,,
9.999999999999994e-05,21199,,,,,,,,,
9.999999999999994e-05,21199,,,,,,,,,
,21199,0.01104244589805603,0.0015079115983098745,0.007040437776595354,0.0013748190831393003,0.001096686813980341,2.2589898435398936e-05,21.0,298,
,21228,,,,,,,,298,0.030550967901945114
9.999999999999994e-05,21249,,,,,,,,,
9.999999999999994e-05,21249,,,,,,,,,
9.999999999999994e-05,21249,,,,,,,,,
,21249,0.005810520611703396,0.0007768475916236639,0.0035578259266912937,0.0008769216947257519,0.0005775914178229868,2.1334148186724633e-05,21.0,299,
9.999999999999994e-05,21299,,,,,,,,,
,21299,0.013597317039966583,0.0010124377440661192,0.010073657147586346,0.00122451048810035,0.0012680379441007972,1.8673745216801763e-05,21.0,299,
,21299,,,,,,,,299,0.03290877863764763
9.999999999999994e-05,21349,,,,,,,,,
9.999999999999994e-05,21349,,,,,,,,,
9.999999999999994e-05,21349,,,,,,,,,
,21349,0.013898765668272972,0.0017087252344936132,0.008520392701029778,0.0021711576264351606,0.001482460182160139,1.602994598215446e-05,21.0,300,
,21370,,,,,,,,300,0.03298898786306381
9.999999999999994e-05,21399,,,,,,,,,
9.999999999999994e-05,21399,,,,,,,,,
9.999999999999994e-05,21399,,,,,,,,,
,21399,0.006964299827814102,0.0010103464592248201,0.004265046678483486,0.0009481951128691435,0.0007187019218690693,2.2009448002791032e-05,21.0,301,
,21441,,,,,,,,301,0.02949049323797226
9.999999999999994e-05,21449,,,,,,,,,
9.999999999999994e-05,21449,,,,,,,,,
9.999999999999994e-05,21449,,,,,,,,,
,21449,0.014631169848144054,0.0013874697033315897,0.010062545537948608,0.0016329691279679537,0.0015243319794535637,2.385352308920119e-05,21.0,302,
9.999999999999994e-05,21499,,,,,,,,,
9.999999999999994e-05,21499,,,,,,,,,
9.999999999999994e-05,21499,,,,,,,,,
,21499,0.013769851997494698,0.0009476887062191963,0.003988419659435749,0.0010712698567658663,0.0007907578255981207,0.006971715483814478,21.0,302,
,21512,,,,,,,,302,0.02935386262834072
9.999999999999994e-05,21549,,,,,,,,,
9.999999999999994e-05,21549,,,,,,,,,
9.999999999999994e-05,21549,,,,,,,,,
,21549,0.006081396248191595,0.0007538448553532362,0.0036413464695215225,0.0008570185163989663,0.0006934826960787177,0.00013570360897574574,21.0,303,
,21583,,,,,,,,303,0.02816670387983322
9.999999999999994e-05,21599,,,,,,,,,
9.999999999999994e-05,21599,,,,,,,,,
9.999999999999994e-05,21599,,,,,,,,,
,21599,0.011922396719455719,0.0007272011134773493,0.007846290245652199,0.0017514291685074568,0.0015744050033390522,2.3070668248692527e-05,21.0,304,
9.999999999999994e-05,21649,,,,,,,,,
9.999999999999994e-05,21649,,,,,,,,,
9.999999999999994e-05,21649,,,,,,,,,
,21649,0.01114517729729414,0.0008317236206494272,0.007324926555156708,0.0016107347328215837,0.0013548203278332949,2.2973179511609487e-05,21.0,304,
,21654,,,,,,,,304,0.029775625094771385
9.999999999999994e-05,21699,,,,,,,,,
9.999999999999994e-05,21699,,,,,,,,,
9.999999999999994e-05,21699,,,,,,,,,
,21699,0.006992612965404987,0.0012444171588867903,0.0038507552817463875,0.0011135678505524993,0.000756039924453944,2.7832584237330593e-05,21.0,305,
,21725,,,,,,,,305,0.03200928121805191
9.999999999999994e-05,21749,,,,,,,,,
9.999999999999994e-05,21749,,,,,,,,,
9.999999999999994e-05,21749,,,,,,,,,
,21749,0.00664512999355793,0.00040303304558619857,0.004302310757339001,0.00109822116792202,0.0008204348268918693,2.11305250559235e-05,21.0,306,
,21796,,,,,,,,306,0.03009854257106781
9.999999999999994e-05,21799,,,,,,,,,
9.999999999999994e-05,21799,,,,,,,,,
9.999999999999994e-05,21799,,,,,,,,,
,21799,0.004839948378503323,0.0007097530178725719,0.0026486357674002647,0.000824368093162775,0.0006366778980009258,2.051391675195191e-05,21.0,307,
9.999999999999994e-05,21849,,,,,,,,,
9.999999999999994e-05,21849,,,,,,,,,
9.999999999999994e-05,21849,,,,,,,,,
,21849,0.008570792153477669,0.0011933445930480957,0.00517782149836421,0.001225480460561812,0.0009549276437610388,1.9217704902985133e-05,21.0,307,
,21867,,,,,,,,307,0.030843546614050865
9.999999999999994e-05,21899,,,,,,,,,
9.999999999999994e-05,21899,,,,,,,,,
9.999999999999994e-05,21899,,,,,,,,,
,21899,0.012751213274896145,0.0011044916464015841,0.009388130158185959,0.0011986724566668272,0.001041158102452755,1.8760216335067526e-05,21.0,308,
,21938,,,,,,,,308,0.028601082041859627
9.999999999999994e-05,21949,,,,,,,,,
9.999999999999994e-05,21949,,,,,,,,,
9.999999999999994e-05,21949,,,,,,,,,
,21949,0.012180968187749386,0.0013567018322646618,0.00969018042087555,0.0007043593795970082,0.0004130701709073037,1.665571835474111e-05,21.0,309,
9.999999999999994e-05,21999,,,,,,,,,
9.999999999999994e-05,21999,,,,,,,,,
9.999999999999994e-05,21999,,,,,,,,,
,21999,0.0051224869675934315,0.0003802638384513557,0.0032628048211336136,0.0008312053978443146,0.000627467583399266,2.0745626898133196e-05,21.0,309,
,22009,,,,,,,,309,0.030165189877152443
9.999999999999994e-05,22049,,,,,,,,,
9.999999999999994e-05,22049,,,,,,,,,
9.999999999999994e-05,22049,,,,,,,,,
,22049,0.01366407424211502,0.0028990390710532665,0.008992629125714302,0.001227909466251731,0.0005292553687468171,1.5239761523844209e-05,21.0,310,
,22080,,,,,,,,310,0.030009886249899864
9.999999999999994e-05,22099,,,,,,,,,
9.999999999999994e-05,22099,,,,,,,,,
9.999999999999994e-05,22099,,,,,,,,,
,22099,0.006874152459204197,0.0004715083632618189,0.005008436739444733,0.0007460076594725251,0.0006300429813563824,1.815715768316295e-05,21.0,311,
9.999999999999994e-05,22149,,,,,,,,,
9.999999999999994e-05,22149,,,,,,,,,
9.999999999999994e-05,22149,,,,,,,,,
,22149,0.01564817875623703,0.003651972161605954,0.008897839114069939,0.0016322683077305555,0.0014338106848299503,3.2288811780745164e-05,21.0,311,
,22151,,,,,,,,311,0.03149568662047386
9.999999999999994e-05,22199,,,,,,,,,
9.999999999999994e-05,22199,,,,,,,,,
9.999999999999994e-05,22199,,,,,,,,,
,22199,0.005850799381732941,0.0005915005458518863,0.0038762919139117002,0.0007441157940775156,0.0006181290955282748,2.0761832274729386e-05,21.0,312,
,22222,,,,,,,,312,0.02899741753935814
9.999999999999994e-05,22249,,,,,,,,,
9.999999999999994e-05,22249,,,,,,,,,
9.999999999999994e-05,22249,,,,,,,,,
,22249,0.013446016237139702,0.0008394333417527378,0.010182255879044533,0.0012652004370465875,0.0011380540672689676,2.1071884475531988e-05,21.0,313,
,22293,,,,,,,,313,0.030328387394547462
9.999999999999994e-05,22299,,,,,,,,,
9.999999999999994e-05,22299,,,,,,,,,
9.999999999999994e-05,22299,,,,,,,,,
,22299,0.01185112725943327,0.000882077612914145,0.009012550115585327,0.0009928424842655659,0.0009466816554777324,1.6974758182186633e-05,21.0,314,
9.999999999999994e-05,22349,,,,,,,,,
9.999999999999994e-05,22349,,,,,,,,,
9.999999999999994e-05,22349,,,,,,,,,
,22349,0.007558748126029968,0.0011217993451282382,0.004060744773596525,0.0012279956135898829,0.0011288776295259595,1.9330424038344063e-05,21.0,314,
,22364,,,,,,,,314,0.028397873044013977
9.999999999999994e-05,22399,,,,,,,,,
9.999999999999994e-05,22399,,,,,,,,,
9.999999999999994e-05,22399,,,,,,,,,
,22399,0.008534496650099754,0.0011409805156290531,0.00441672932356596,0.0013912569265812635,0.001161403488367796,0.00042412627954036,21.0,315,
,22435,,,,,,,,315,0.03063044883310795
9.999999999999994e-05,22449,,,,,,,,,
9.999999999999994e-05,22449,,,,,,,,,
9.999999999999994e-05,22449,,,,,,,,,
,22449,0.012419803999364376,0.0011867270804941654,0.008871094323694706,0.0011574877426028252,0.001170419156551361,3.407491749385372e-05,21.0,316,
9.999999999999994e-05,22499,,,,,,,,,
9.999999999999994e-05,22499,,,,,,,,,
9.999999999999994e-05,22499,,,,,,,,,
,22499,0.00899925921112299,0.0011093177599832416,0.005739009939134121,0.001199403079226613,0.0009277872741222382,2.3740920369164087e-05,21.0,316,
,22506,,,,,,,,316,0.02888815850019455
9.999999999999994e-05,22549,,,,,,,,,
9.999999999999994e-05,22549,,,,,,,,,
9.999999999999994e-05,22549,,,,,,,,,
,22549,0.005157242529094219,0.000792492413893342,0.0030836728401482105,0.0007486491813324392,0.0005169407231733203,1.548724867461715e-05,21.0,317,
,22577,,,,,,,,317,0.028529340401291847
9.999999999999994e-05,22599,,,,,,,,,
9.999999999999994e-05,22599,,,,,,,,,
9.999999999999994e-05,22599,,,,,,,,,
,22599,0.005499126855283976,0.0005652472609654069,0.003832756308838725,0.0006031317170709372,0.00047631229972466826,2.1679139535990544e-05,21.0,318,
,22648,,,,,,,,318,0.029306458309292793
9.999999999999994e-05,22649,,,,,,,,,
9.999999999999994e-05,22649,,,,,,,,,
9.999999999999994e-05,22649,,,,,,,,,
,22649,0.006285316310822964,0.0008269576937891543,0.0041890572756528854,0.000857596576679498,0.0003963216731790453,1.5383162462967448e-05,21.0,319,
9.999999999999994e-05,22699,,,,,,,,,
9.999999999999994e-05,22699,,,,,,,,,
9.999999999999994e-05,22699,,,,,,,,,
,22699,0.009733778424561024,0.00084328418597579,0.007379831280559301,0.0008321821806021035,0.0006639549974352121,1.452552623959491e-05,21.0,319,
,22719,,,,,,,,319,0.03133643791079521
9.999999999999994e-05,22749,,,,,,,,,
9.999999999999994e-05,22749,,,,,,,,,
9.999999999999994e-05,22749,,,,,,,,,
,22749,0.00888160988688469,0.0008902085246518254,0.005939871072769165,0.001120955217629671,0.0009104493074119091,2.0125800801906735e-05,21.0,320,
,22790,,,,,,,,320,0.03024194948375225
9.999999999999994e-05,22799,,,,,,,,,
9.999999999999994e-05,22799,,,,,,,,,
9.999999999999994e-05,22799,,,,,,,,,
,22799,0.011196792125701904,0.0014522995334118605,0.0068093882873654366,0.00153928913641721,0.0013747884659096599,2.1026709873694927e-05,21.0,321,
9.999999999999994e-05,22849,,,,,,,,,
9.999999999999994e-05,22849,,,,,,,,,
9.999999999999994e-05,22849,,,,,,,,,
,22849,0.0065058255568146706,0.0007197733502835035,0.003797084791585803,0.0011026234133169055,0.0008694800199009478,1.686406903900206e-05,21.0,321,
,22861,,,,,,,,321,0.030496517196297646
9.999999999999994e-05,22899,,,,,,,,,
9.999999999999994e-05,22899,,,,,,,,,
9.999999999999994e-05,22899,,,,,,,,,
,22899,0.005474031437188387,0.0011259515304118395,0.0024619661271572113,0.0010884568328037858,0.0007805972709320486,1.7059459423762746e-05,21.0,322,
,22932,,,,,,,,322,0.028580447658896446
9.999999999999994e-05,22949,,,,,,,,,
9.999999999999994e-05,22949,,,,,,,,,
9.999999999999994e-05,22949,,,,,,,,,
,22949,0.007151626516133547,0.00033774442272260785,0.0050262222066521645,0.0009377163951285183,0.000831965880934149,1.7977099560084753e-05,22.0,323,
9.999999999999994e-05,22999,,,,,,,,,
9.999999999999994e-05,22999,,,,,,,,,
9.999999999999994e-05,22999,,,,,,,,,
,22999,0.008865432813763618,0.0008525624871253967,0.006030931603163481,0.0010725426254794002,0.0008802934898994863,2.9102691769367084e-05,22.0,323,
,23003,,,,,,,,323,0.02927243709564209
9.999999999999994e-05,23049,,,,,,,,,
9.999999999999994e-05,23049,,,,,,,,,
9.999999999999994e-05,23049,,,,,,,,,
,23049,0.0065488130785524845,0.0006189747364260256,0.004270306322723627,0.0008619608706794679,0.0007792582036927342,1.831317786127329e-05,22.0,324,
,23074,,,,,,,,324,0.028626034036278725
9.999999999999994e-05,23099,,,,,,,,,
9.999999999999994e-05,23099,,,,,,,,,
9.999999999999994e-05,23099,,,,,,,,,
,23099,0.0056004514917731285,0.000544708629604429,0.004053395241498947,0.0005901169497519732,0.00039711908902972937,1.5111219909158535e-05,22.0,325,
,23145,,,,,,,,325,0.0287821963429451
9.999999999999994e-05,23149,,,,,,,,,
9.999999999999994e-05,23149,,,,,,,,,
9.999999999999994e-05,23149,,,,,,,,,
,23149,0.011337910778820515,0.0016757161356508732,0.005427563562989235,0.0023585129529237747,0.0018545407801866531,2.157768358301837e-05,22.0,326,
9.999999999999994e-05,23199,,,,,,,,,
9.999999999999994e-05,23199,,,,,,,,,
9.999999999999994e-05,23199,,,,,,,,,
,23199,0.005050606094300747,0.00032137765083462,0.003270404413342476,0.0008059906540438533,0.0006356926169246435,1.714099562377669e-05,22.0,326,
,23216,,,,,,,,326,0.02867659367620945
9.999999999999994e-05,23249,,,,,,,,,
9.999999999999994e-05,23249,,,,,,,,,
9.999999999999994e-05,23249,,,,,,,,,
,23249,0.007734679616987705,0.0009410172933712602,0.004696502350270748,0.0011580386199057102,0.0009181800996884704,2.0941366528859362e-05,22.0,327,
,23287,,,,,,,,327,0.029923584312200546
9.999999999999994e-05,23299,,,,,,,,,
9.999999999999994e-05,23299,,,,,,,,,
9.999999999999994e-05,23299,,,,,,,,,
,23299,0.007752106990665197,0.0006330147734843194,0.005756623111665249,0.0007908217376098037,0.000551238190382719,2.040884101006668e-05,22.0,328,
9.999999999999994e-05,23349,,,,,,,,,
9.999999999999994e-05,23349,,,,,,,,,
9.999999999999994e-05,23349,,,,,,,,,
,23349,0.00744594307616353,0.0017521479167044163,0.004156710579991341,0.0007980496156960726,0.00071634107735008,2.269347351102624e-05,22.0,328,
,23358,,,,,,,,328,0.030567355453968048
9.999999999999994e-05,23399,,,,,,,,,
9.999999999999994e-05,23399,,,,,,,,,
9.999999999999994e-05,23399,,,,,,,,,
,23399,0.006468260195106268,0.0006774296052753925,0.004276730120182037,0.0008480219403281808,0.0006479663425125182,1.8112144971382804e-05,22.0,329,
,23429,,,,,,,,329,0.02894079126417637
9.999999999999994e-05,23449,,,,,,,,,
9.999999999999994e-05,23449,,,,,,,,,
9.999999999999994e-05,23449,,,,,,,,,
,23449,0.00822814367711544,0.0005905996076762676,0.005547752603888512,0.0011922570411115885,0.0008823793614283204,1.515405710961204e-05,22.0,330,
9.999999999999994e-05,23499,,,,,,,,,
9.999999999999994e-05,23499,,,,,,,,,
9.999999999999994e-05,23499,,,,,,,,,
,23499,0.010605155490338802,0.0012599214678630233,0.006955343764275312,0.001391418743878603,0.000980420270934701,1.8051572624244727e-05,22.0,330,
,23500,,,,,,,,330,0.02986246719956398
9.999999999999994e-05,23549,,,,,,,,,
9.999999999999994e-05,23549,,,,,,,,,
9.999999999999994e-05,23549,,,,,,,,,
,23549,0.0074119605123996735,0.001104771625250578,0.004604076035320759,0.0010220138356089592,0.0006653438322246075,1.5755280401208438e-05,22.0,331,
,23571,,,,,,,,331,0.029252808541059494
9.999999999999994e-05,23599,,,,,,,,,
9.999999999999994e-05,23599,,,,,,,,,
9.999999999999994e-05,23599,,,,,,,,,
,23599,0.008343711495399475,0.0008878341177478433,0.005863090045750141,0.0009172243298962712,0.0006584743387065828,1.7088985259761102e-05,22.0,332,
,23642,,,,,,,,332,0.02847347967326641
9.999999999999994e-05,23649,,,,,,,,,
9.999999999999994e-05,23649,,,,,,,,,
9.999999999999994e-05,23649,,,,,,,,,
,23649,0.008504355326294899,0.0008409017464146018,0.005727916955947876,0.0010689608752727509,0.000850156822707504,1.641907510929741e-05,22.0,333,
9.999999999999994e-05,23699,,,,,,,,,
9.999999999999994e-05,23699,,,,,,,,,
9.999999999999994e-05,23699,,,,,,,,,
,23699,0.009931975975632668,0.0008927495800890028,0.006716191302984953,0.0012495387345552444,0.0010563944233581424,1.710197830107063e-05,22.0,333,
,23713,,,,,,,,333,0.028777701780200005
9.999999999999994e-05,23749,,,,,,,,,
9.999999999999994e-05,23749,,,,,,,,,
9.999999999999994e-05,23749,,,,,,,,,
,23749,0.006826600059866905,0.0008164464379660785,0.00482791056856513,0.0006977852317504585,0.000464307377114892,2.0150839191046543e-05,22.0,334,
,23784,,,,,,,,334,0.028315184637904167
9.999999999999994e-05,23799,,,,,,,,,
9.999999999999994e-05,23799,,,,,,,,,
9.999999999999994e-05,23799,,,,,,,,,
,23799,0.005738802254199982,0.0003442640299908817,0.0038753319531679153,0.000885314482729882,0.0006159039330668747,1.7987887986237183e-05,22.0,335,
9.999999999999994e-05,23849,,,,,,,,,
9.999999999999994e-05,23849,,,,,,,,,
9.999999999999994e-05,23849,,,,,,,,,
,23849,0.006332030985504389,0.0006237225607037544,0.004358519800007343,0.0007508931448683143,0.0005855730851180851,1.3321910046215635e-05,22.0,335,
,23855,,,,,,,,335,0.03126947209239006
9.999999999999994e-05,23899,,,,,,,,,
9.999999999999994e-05,23899,,,,,,,,,
9.999999999999994e-05,23899,,,,,,,,,
,23899,0.00738950353115797,0.0012746092397719622,0.003910676576197147,0.001220420585013926,0.0009686332195997238,1.5164205251494423e-05,22.0,336,
,23926,,,,,,,,336,0.028861334547400475
9.999999999999994e-05,23949,,,,,,,,,
9.999999999999994e-05,23949,,,,,,,,,
9.999999999999994e-05,23949,,,,,,,,,
,23949,0.005466236267238855,0.0005576240364462137,0.0036792990285903215,0.0006936895078979433,0.000522108341101557,1.3515521459339652e-05,22.0,337,
,23997,,,,,,,,337,0.028804797679185867
9.999999999999994e-05,23999,,,,,,,,,
9.999999999999994e-05,23999,,,,,,,,,
9.999999999999994e-05,23999,,,,,,,,,
,23999,0.003548787906765938,0.00048092781798914075,0.001961320172995329,0.0006141909398138523,0.00047936380724422634,1.2985233297513332e-05,22.0,338,
9.999999999999994e-05,24049,,,,,,,,,
9.999999999999994e-05,24049,,,,,,,,,
9.999999999999994e-05,24049,,,,,,,,,
,24049,0.006405415013432503,0.0005555122625082731,0.0035876394249498844,0.0006697468925267458,0.00047835774603299797,0.0011141595896333456,22.0,338,
,24068,,,,,,,,338,0.0280239749699831
9.999999999999994e-05,24099,,,,,,,,,
9.999999999999994e-05,24099,,,,,,,,,
9.999999999999994e-05,24099,,,,,,,,,
,24099,0.0059730289503932,0.0013619846431538463,0.0033011939376592636,0.0007405868382193148,0.000545679940842092,2.3583386791869998e-05,22.0,339,
,24139,,,,,,,,339,0.028714686632156372
9.999999999999994e-05,24149,,,,,,,,,
9.999999999999994e-05,24149,,,,,,,,,
9.999999999999994e-05,24149,,,,,,,,,
,24149,0.004062991589307785,0.0004417329328134656,0.0027018391992896795,0.0005524724256247282,0.00035371555713936687,1.3231197044660803e-05,22.0,340,
9.999999999999994e-05,24199,,,,,,,,,
9.999999999999994e-05,24199,,,,,,,,,
9.999999999999994e-05,24199,,,,,,,,,
,24199,0.006745827384293079,0.0007623132551088929,0.004422785714268684,0.0008219183073379099,0.0007249205373227596,1.3889877664041705e-05,22.0,340,
,24210,,,,,,,,340,0.02778819017112255
9.999999999999994e-05,24249,,,,,,,,,
9.999999999999994e-05,24249,,,,,,,,,
9.999999999999994e-05,24249,,,,,,,,,
,24249,0.005747030023485422,0.0012173971626907587,0.003566270461305976,0.0005644239718094468,0.00038850362761877477,1.0435001058795024e-05,22.0,341,
,24281,,,,,,,,341,0.0275882575660944
9.999999999999994e-05,24299,,,,,,,,,
9.999999999999994e-05,24299,,,,,,,,,
9.999999999999994e-05,24299,,,,,,,,,
,24299,0.00560797331854701,0.0007400164031423628,0.00300378305837512,0.0010700107086449862,0.0007771351374685764,1.70283492479939e-05,22.0,342,
9.999999999999994e-05,24349,,,,,,,,,
9.999999999999994e-05,24349,,,,,,,,,
9.999999999999994e-05,24349,,,,,,,,,
,24349,0.004578473512083292,0.0007223336724564433,0.0024797848891466856,0.0007666925666853786,0.0005965573946014047,1.3105221114528831e-05,22.0,342,
,24352,,,,,,,,342,0.02990579418838024
9.999999999999994e-05,24399,,,,,,,,,
9.999999999999994e-05,24399,,,,,,,,,
9.999999999999994e-05,24399,,,,,,,,,
,24399,0.004901520442217588,0.0007309269858524203,0.002705128863453865,0.0008305194205604494,0.0006227676058188081,1.2177330063423142e-05,22.0,343,
,24423,,,,,,,,343,0.02826632373034954
9.999999999999994e-05,24449,,,,,,,,,
9.999999999999994e-05,24449,,,,,,,,,
9.999999999999994e-05,24449,,,,,,,,,
,24449,0.008514096029102802,0.0008305128430947661,0.004830747842788696,0.0015135575085878372,0.0013276588870212436,1.1618839380389545e-05,22.0,344,
,24494,,,,,,,,344,0.028679579496383667
9.999999999999994e-05,24499,,,,,,,,,
9.999999999999994e-05,24499,,,,,,,,,
9.999999999999994e-05,24499,,,,,,,,,
,24499,0.005728112068027258,0.0007806444773450494,0.0030911965295672417,0.0010394324781373143,0.0008008317090570927,1.6007152225938626e-05,22.0,345,
9.999999999999994e-05,24549,,,,,,,,,
9.999999999999994e-05,24549,,,,,,,,,
9.999999999999994e-05,24549,,,,,,,,,
,24549,0.004809515550732613,0.0010854221181944013,0.0021651152055710554,0.0008612914243713021,0.0006880873115733266,9.599613804311957e-06,22.0,345,
,24565,,,,,,,,345,0.028716478496789932
9.999999999999994e-05,24599,,,,,,,,,
9.999999999999994e-05,24599,,,,,,,,,
9.999999999999994e-05,24599,,,,,,,,,
,24599,0.0033884402364492416,0.0006455332622863352,0.0017793825827538967,0.0005337003385648131,0.00042054057121276855,9.283318831876386e-06,22.0,346,
,24636,,,,,,,,346,0.02925623580813408
9.999999999999994e-05,24649,,,,,,,,,
9.999999999999994e-05,24649,,,,,,,,,
9.999999999999994e-05,24649,,,,,,,,,
,24649,0.012035628780722618,0.0007295142859220505,0.009241577237844467,0.0011125896126031876,0.0009429723722860217,8.975315722636878e-06,22.0,347,
9.999999999999994e-05,24699,,,,,,,,,
9.999999999999994e-05,24699,,,,,,,,,
9.999999999999994e-05,24699,,,,,,,,,
,24699,0.007822807878255844,0.001053965650498867,0.004437834024429321,0.001196142053231597,0.0011197933927178383,1.5072112546477001e-05,22.0,347,
,24707,,,,,,,,347,0.029934341087937355
9.999999999999994e-05,24749,,,,,,,,,
9.999999999999994e-05,24749,,,,,,,,,
9.999999999999994e-05,24749,,,,,,,,,
,24749,0.008577010594308376,0.0019367054337635636,0.0033866078592836857,0.0017352164722979069,0.0015052701346576214,1.3210861652623862e-05,22.0,348,
,24778,,,,,,,,348,0.031229520216584206
9.999999999999994e-05,24799,,,,,,,,,
9.999999999999994e-05,24799,,,,,,,,,
9.999999999999994e-05,24799,,,,,,,,,
,24799,0.008143340237438679,0.0008411925518885255,0.005722672678530216,0.0009104667115025222,0.0006566095980815589,1.2398242688504979e-05,22.0,349,
9.999999999999994e-05,24849,,,,,,,,,
,24849,0.011172902770340443,0.001220195321366191,0.007692239247262478,0.0012094381963834167,0.0010307910852134228,2.0238572687958367e-05,22.0,349,
,24849,,,,,,,,349,0.028329623863101006
9.999999999999994e-05,24899,,,,,,,,,
9.999999999999994e-05,24899,,,,,,,,,
9.999999999999994e-05,24899,,,,,,,,,
,24899,0.00593593530356884,0.0004945060354657471,0.003572991117835045,0.0005572467343881726,0.00036014377838000655,0.0009510473464615643,22.0,350,
,24920,,,,,,,,350,0.02721003070473671
9.999999999999994e-05,24949,,,,,,,,,
9.999999999999994e-05,24949,,,,,,,,,
9.999999999999994e-05,24949,,,,,,,,,
,24949,0.006112346891313791,0.0008668698137626052,0.003406254341825843,0.0010314766550436616,0.0007693076622672379,3.843864396912977e-05,22.0,351,
,24991,,,,,,,,351,0.027503158897161484
9.999999999999994e-05,24999,,,,,,,,,
9.999999999999994e-05,24999,,,,,,,,,
9.999999999999994e-05,24999,,,,,,,,,
,24999,0.0038794216234236956,0.00024863285943865776,0.0022526653483510017,0.0008809042628854513,0.0004702543083112687,2.6964713470079005e-05,22.0,352,
9.999999999999994e-05,25049,,,,,,,,,
9.999999999999994e-05,25049,,,,,,,,,
9.999999999999994e-05,25049,,,,,,,,,
,25049,0.005702049471437931,0.0003487725043669343,0.003957451321184635,0.0007680837297812104,0.0006159027107059956,1.1839585567940958e-05,22.0,352,
,25062,,,,,,,,352,0.02752179466187954
9.999999999999994e-05,25099,,,,,,,,,
9.999999999999994e-05,25099,,,,,,,,,
9.999999999999994e-05,25099,,,,,,,,,
,25099,0.00514835212379694,0.00048312725266441703,0.0030334601178765297,0.0008448678418062627,0.000776173546910286,1.0723283594415989e-05,22.0,353,
,25133,,,,,,,,353,0.02765139564871788
9.999999999999994e-05,25149,,,,,,,,,
9.999999999999994e-05,25149,,,,,,,,,
9.999999999999994e-05,25149,,,,,,,,,
,25149,0.00783442985266447,0.0007300146389752626,0.0049902512691915035,0.0011175479739904404,0.0009849716443568468,1.1644179721770342e-05,22.0,354,
9.999999999999994e-05,25199,,,,,,,,,
9.999999999999994e-05,25199,,,,,,,,,
9.999999999999994e-05,25199,,,,,,,,,
,25199,0.007361136376857758,0.0011919834651052952,0.004025278612971306,0.001271519111469388,0.0008560296846553683,1.632511157367844e-05,22.0,354,
,25204,,,,,,,,354,0.02873021550476551
9.999999999999994e-05,25249,,,,,,,,,
9.999999999999994e-05,25249,,,,,,,,,
9.999999999999994e-05,25249,,,,,,,,,
,25249,0.005935607478022575,0.0005364422686398029,0.004115225747227669,0.0006900944281369448,0.0005835397751070559,1.0305000614607707e-05,22.0,355,
,25275,,,,,,,,355,0.02788262441754341
9.999999999999994e-05,25299,,,,,,,,,
9.999999999999994e-05,25299,,,,,,,,,
9.999999999999994e-05,25299,,,,,,,,,
,25299,0.006751514505594969,0.0010350999655202031,0.0036694551818072796,0.0011815647594630718,0.000855721824336797,9.672753549239133e-06,22.0,356,
,25346,,,,,,,,356,0.028632469475269318
9.999999999999994e-05,25349,,,,,,,,,
9.999999999999994e-05,25349,,,,,,,,,
9.999999999999994e-05,25349,,,,,,,,,
,25349,0.00969624612480402,0.0014528415631502867,0.005753880366683006,0.0013900763588026166,0.0010866222437471151,1.2825697922380641e-05,23.0,357,
9.999999999999994e-05,25399,,,,,,,,,
9.999999999999994e-05,25399,,,,,,,,,
9.999999999999994e-05,25399,,,,,,,,,
,25399,0.007922938093543053,0.0014313876163214445,0.004671299364417791,0.0010127834975719452,0.0007946541300043464,1.2813997273042332e-05,23.0,357,
,25417,,,,,,,,357,0.028361180797219276
9.999999999999994e-05,25449,,,,,,,,,
9.999999999999994e-05,25449,,,,,,,,,
9.999999999999994e-05,25449,,,,,,,,,
,25449,0.008563336916267872,0.001445941859856248,0.00565123138949275,0.0008651806274428964,0.0005778386839665473,2.314345329068601e-05,23.0,358,
,25488,,,,,,,,358,0.03002830594778061
9.999999999999994e-05,25499,,,,,,,,,
9.999999999999994e-05,25499,,,,,,,,,
9.999999999999994e-05,25499,,,,,,,,,
,25499,0.010135037824511528,0.0024314310867339373,0.005376397166401148,0.0012713891919702291,0.0009968123631551862,5.900756877963431e-05,23.0,359,
9.999999999999994e-05,25549,,,,,,,,,
9.999999999999994e-05,25549,,,,,,,,,
9.999999999999994e-05,25549,,,,,,,,,
,25549,0.005882875062525272,0.0010442358907312155,0.0027691819705069065,0.001059328904375434,0.0009537253645248711,5.640269228024408e-05,23.0,359,
,25559,,,,,,,,359,0.029054300859570503
9.999999999999994e-05,25599,,,,,,,,,
9.999999999999994e-05,25599,,,,,,,,,
9.999999999999994e-05,25599,,,,,,,,,
,25599,0.00644178781658411,0.00077243079431355,0.0041608987376093864,0.000856933940667659,0.0006345952861011028,1.692892146820668e-05,23.0,360,
,25630,,,,,,,,360,0.028863826766610146
9.999999999999994e-05,25649,,,,,,,,,
9.999999999999994e-05,25649,,,,,,,,,
9.999999999999994e-05,25649,,,,,,,,,
,25649,0.006169785745441914,0.0006261891103349626,0.004188427701592445,0.00076719478238374,0.0005379678914323449,5.0006394303636625e-05,23.0,361,
9.999999999999994e-05,25699,,,,,,,,,
9.999999999999994e-05,25699,,,,,,,,,
9.999999999999994e-05,25699,,,,,,,,,
,25699,0.004311583004891872,0.0007967312121763825,0.00244491221383214,0.0005866952706128359,0.0004747811472043395,8.46336752147181e-06,23.0,361,
,25701,,,,,,,,361,0.03008335828781128
9.999999999999994e-05,25749,,,,,,,,,
9.999999999999994e-05,25749,,,,,,,,,
9.999999999999994e-05,25749,,,,,,,,,
,25749,0.006150858011096716,0.0008049088064581156,0.003507484681904316,0.00104696920607239,0.000782871269620955,8.624663678347133e-06,23.0,362,
,25772,,,,,,,,362,0.028248833492398262
9.999999999999994e-05,25799,,,,,,,,,
9.999999999999994e-05,25799,,,,,,,,,
9.999999999999994e-05,25799,,,,,,,,,
,25799,0.019707899540662766,0.007216815836727619,0.009090004488825798,0.00184066838119179,0.001546566840261221,1.3843272427038755e-05,23.0,363,
,25843,,,,,,,,363,0.028458327054977417
9.999999999999994e-05,25849,,,,,,,,,
9.999999999999994e-05,25849,,,,,,,,,
9.999999999999994e-05,25849,,,,,,,,,
,25849,0.009279608726501465,0.0012068023206666112,0.004813561215996742,0.0019128135172650218,0.0013382649049162865,8.167016858351417e-06,23.0,364,
9.999999999999994e-05,25899,,,,,,,,,
9.999999999999994e-05,25899,,,,,,,,,
9.999999999999994e-05,25899,,,,,,,,,
,25899,0.005035681184381247,0.0005736718303523958,0.002971495036035776,0.0008159262361004949,0.0006628689588978887,1.1719508620444685e-05,23.0,364,
,25914,,,,,,,,364,0.029135433956980705
9.999999999999994e-05,25949,,,,,,,,,
9.999999999999994e-05,25949,,,,,,,,,
9.999999999999994e-05,25949,,,,,,,,,
,25949,0.005599176976829767,0.0007421842310577631,0.00326192332431674,0.0009200624190270901,0.0006643119850195944,1.0694776392483618e-05,23.0,365,
,25985,,,,,,,,365,0.027979616075754166
9.999999999999994e-05,25999,,,,,,,,,
9.999999999999994e-05,25999,,,,,,,,,
9.999999999999994e-05,25999,,,,,,,,,
,25999,0.005393689032644033,0.000685660750605166,0.0037255962379276752,0.0005689596873708069,0.00040327117312699556,1.0201272743870504e-05,23.0,366,
9.999999999999994e-05,26049,,,,,,,,,
9.999999999999994e-05,26049,,,,,,,,,
9.999999999999994e-05,26049,,,,,,,,,
,26049,0.005171698052436113,0.0002585959155112505,0.0034845247864723206,0.0008541448623873293,0.0005647829966619611,9.649274943512864e-06,23.0,366,
,26056,,,,,,,,366,0.028202762827277184
9.999999999999994e-05,26099,,,,,,,,,
9.999999999999994e-05,26099,,,,,,,,,
9.999999999999994e-05,26099,,,,,,,,,
,26099,0.008532929234206676,0.0008138832054100931,0.006318071857094765,0.0008217086433432996,0.0005702218622900546,9.043961654242594e-06,23.0,367,
,26127,,,,,,,,367,0.02898329310119152
9.999999999999994e-05,26149,,,,,,,,,
9.999999999999994e-05,26149,,,,,,,,,
9.999999999999994e-05,26149,,,,,,,,,
,26149,0.004975549411028624,0.0008967325557023287,0.0028347400948405266,0.0006868222844786942,0.0005472303018905222,1.0024185030488297e-05,23.0,368,
,26198,,,,,,,,368,0.02954622358083725
9.999999999999994e-05,26199,,,,,,,,,
9.999999999999994e-05,26199,,,,,,,,,
9.999999999999994e-05,26199,,,,,,,,,
,26199,0.006590751931071281,0.0013858271995559335,0.003588152816519141,0.0009288735454902053,0.0006662396481260657,2.1658512196154334e-05,23.0,369,
9.999999999999994e-05,26249,,,,,,,,,
9.999999999999994e-05,26249,,,,,,,,,
9.999999999999994e-05,26249,,,,,,,,,
,26249,0.005004198756068945,0.0005979689885862172,0.0033900854177773,0.0005240636528469622,0.0004843484493903816,7.732364792900626e-06,23.0,369,
,26269,,,,,,,,369,0.0285811685025692
9.999999999999994e-05,26299,,,,,,,,,
9.999999999999994e-05,26299,,,,,,,,,
9.999999999999994e-05,26299,,,,,,,,,
,26299,0.006897643208503723,0.0008256117580458522,0.005054811481386423,0.0005708546377718449,0.00043732195626944304,9.043213140103035e-06,23.0,370,
,26340,,,,,,,,370,0.028755104169249535
9.999999999999994e-05,26349,,,,,,,,,
9.999999999999994e-05,26349,,,,,,,,,
9.999999999999994e-05,26349,,,,,,,,,
,26349,0.007060708943754435,0.0008665258646942675,0.004705207888036966,0.000798117252998054,0.0006794376531615853,1.14201866381336e-05,23.0,371,
9.999999999999994e-05,26399,,,,,,,,,
9.999999999999994e-05,26399,,,,,,,,,
9.999999999999994e-05,26399,,,,,,,,,
,26399,0.005173446610569954,0.0005797208286821842,0.0035148626193404198,0.0006079258164390922,0.0004623553832061589,8.581819201936014e-06,23.0,371,
,26411,,,,,,,,371,0.027947181835770607
9.999999999999994e-05,26449,,,,,,,,,
9.999999999999994e-05,26449,,,,,,,,,
9.999999999999994e-05,26449,,,,,,,,,
,26449,0.003220699494704604,0.0002119128912454471,0.0020210768561810255,0.0005853008478879929,0.0003938707523047924,8.538179827155545e-06,23.0,372,
,26482,,,,,,,,372,0.029675563797354698
9.999999999999994e-05,26499,,,,,,,,,
9.999999999999994e-05,26499,,,,,,,,,
9.999999999999994e-05,26499,,,,,,,,,
,26499,0.0077690305188298225,0.0008387755369767547,0.004594938829541206,0.0014011857565492392,0.0009230616269633174,1.1068813364545349e-05,23.0,373,
9.999999999999994e-05,26549,,,,,,,,,
9.999999999999994e-05,26549,,,,,,,,,
9.999999999999994e-05,26549,,,,,,,,,
,26549,0.00469676498323679,0.00011360374628566206,0.002746528945863247,0.0008981623686850071,0.000612466421443969,0.00032600341364741325,23.0,373,
,26553,,,,,,,,373,0.029690522700548172
9.999999999999994e-05,26599,,,,,,,,,
9.999999999999994e-05,26599,,,,,,,,,
9.999999999999994e-05,26599,,,,,,,,,
,26599,0.004953556694090366,0.0007723195594735444,0.002848491072654724,0.0007723974995315075,0.0005236609140411019,3.668804856715724e-05,23.0,374,
,26624,,,,,,,,374,0.02837659977376461
9.999999999999994e-05,26649,,,,,,,,,
9.999999999999994e-05,26649,,,,,,,,,
9.999999999999994e-05,26649,,,,,,,,,
,26649,0.005421078763902187,0.0005782076041214168,0.0032136719673871994,0.0008622444001957774,0.0007535582408308983,1.3396452231972944e-05,23.0,375,
,26695,,,,,,,,375,0.030951624736189842
9.999999999999994e-05,26699,,,,,,,,,
9.999999999999994e-05,26699,,,,,,,,,
9.999999999999994e-05,26699,,,,,,,,,
,26699,0.006444216705858707,0.0014335861196741462,0.0034794583916664124,0.0009286041604354978,0.0005952170467935503,7.350891792157199e-06,23.0,376,
9.999999999999994e-05,26749,,,,,,,,,
9.999999999999994e-05,26749,,,,,,,,,
9.999999999999994e-05,26749,,,,,,,,,
,26749,0.005733122117817402,0.0002449277671985328,0.0037005445919930935,0.001052898820489645,0.0007232931675389409,1.1457897016953211e-05,23.0,376,
,26766,,,,,,,,376,0.028998954221606255
9.999999999999994e-05,26799,,,,,,,,,
9.999999999999994e-05,26799,,,,,,,,,
9.999999999999994e-05,26799,,,,,,,,,
,26799,0.005065578501671553,0.0002684110659174621,0.003439174499362707,0.0007846455555409193,0.0005613096873275936,1.2037756278004963e-05,23.0,377,
,26837,,,,,,,,377,0.027960155159235
9.999999999999994e-05,26849,,,,,,,,,
9.999999999999994e-05,26849,,,,,,,,,
9.999999999999994e-05,26849,,,,,,,,,
,26849,0.006243024952709675,0.0004052378353662789,0.0041515519842505455,0.001011135638691485,0.0006551566766574979,1.9942921426263638e-05,23.0,378,
9.999999999999994e-05,26899,,,,,,,,,
9.999999999999994e-05,26899,,,,,,,,,
9.999999999999994e-05,26899,,,,,,,,,
,26899,0.005982717499136925,0.0008041049586609006,0.003986656665802002,0.0006645052926614881,0.0004866487579420209,4.080239523318596e-05,23.0,378,
,26908,,,,,,,,378,0.028621362522244453
9.999999999999994e-05,26949,,,,,,,,,
9.999999999999994e-05,26949,,,,,,,,,
9.999999999999994e-05,26949,,,,,,,,,
,26949,0.002919825492426753,0.00043151964200660586,0.0016983766108751297,0.0004893394070677459,0.0002918488753493875,8.74089528224431e-06,23.0,379,
,26979,,,,,,,,379,0.03050999343395233
9.999999999999994e-05,26999,,,,,,,,,
9.999999999999994e-05,26999,,,,,,,,,
9.999999999999994e-05,26999,,,,,,,,,
,26999,0.0059236278757452965,0.0010495127644389868,0.0033350461162626743,0.0008907300070859492,0.0006400264101102948,8.31293891678797e-06,23.0,380,
9.999999999999994e-05,27049,,,,,,,,,
9.999999999999994e-05,27049,,,,,,,,,
9.999999999999994e-05,27049,,,,,,,,,
,27049,0.004683729261159897,0.0005830277223140001,0.0027230074629187584,0.0007688046316616237,0.0005967399338260293,1.2149589565524366e-05,23.0,380,
,27050,,,,,,,,380,0.027212517336010933
9.999999999999994e-05,27099,,,,,,,,,
9.999999999999994e-05,27099,,,,,,,,,
9.999999999999994e-05,27099,,,,,,,,,
,27099,0.004594535566866398,0.0002882887492887676,0.003283184953033924,0.0005594721878878772,0.00045507666072808206,8.512547537975479e-06,23.0,381,
,27121,,,,,,,,381,0.02763097546994686
9.999999999999994e-05,27149,,,,,,,,,
9.999999999999994e-05,27149,,,,,,,,,
9.999999999999994e-05,27149,,,,,,,,,
,27149,0.006586876697838306,0.0007995232008397579,0.004317347891628742,0.0008667026413604617,0.0005924105644226074,1.089245779439807e-05,23.0,382,
,27192,,,,,,,,382,0.02766115963459015
9.999999999999994e-05,27199,,,,,,,,,
9.999999999999994e-05,27199,,,,,,,,,
9.999999999999994e-05,27199,,,,,,,,,
,27199,0.007302375510334969,0.001625274890102446,0.0042010340839624405,0.0008752657449804246,0.0005902162520214915,1.0584664778434671e-05,23.0,383,
9.999999999999994e-05,27249,,,,,,,,,
9.999999999999994e-05,27249,,,,,,,,,
9.999999999999994e-05,27249,,,,,,,,,
,27249,0.00721149705350399,0.000696668226737529,0.003950843587517738,0.0013120165094733238,0.001241947989910841,1.002043154585408e-05,23.0,383,
,27263,,,,,,,,383,0.027276242151856422
9.999999999999994e-05,27299,,,,,,,,,
9.999999999999994e-05,27299,,,,,,,,,
9.999999999999994e-05,27299,,,,,,,,,
,27299,0.006453332491219044,0.0003444157191552222,0.004149529617279768,0.0010360395535826683,0.0009025523904711008,2.0795398086193018e-05,23.0,384,
,27334,,,,,,,,384,0.027539856731891632
9.999999999999994e-05,27349,,,,,,,,,
9.999999999999994e-05,27349,,,,,,,,,
9.999999999999994e-05,27349,,,,,,,,,
,27349,0.006506254896521568,0.0004082975792698562,0.003337973728775978,0.0010773371905088425,0.0008090902119874954,0.0008735565934330225,23.0,385,
9.999999999999994e-05,27399,,,,,,,,,
9.999999999999994e-05,27399,,,,,,,,,
9.999999999999994e-05,27399,,,,,,,,,
,27399,0.009135798551142216,0.0009702335810288787,0.006256139371544123,0.0011434118496254086,0.0007058532210066915,6.0160818975418806e-05,23.0,385,
,27405,,,,,,,,385,0.029651835560798645
9.999999999999994e-05,27449,,,,,,,,,
9.999999999999994e-05,27449,,,,,,,,,
9.999999999999994e-05,27449,,,,,,,,,
,27449,0.006516211666166782,0.0006796969100832939,0.004046517424285412,0.000979808741249144,0.0008011111058294773,9.077535651158541e-06,23.0,386,
,27476,,,,,,,,386,0.028664961457252502
9.999999999999994e-05,27499,,,,,,,,,
9.999999999999994e-05,27499,,,,,,,,,
9.999999999999994e-05,27499,,,,,,,,,
,27499,0.004686908330768347,0.0007480596541427076,0.0025695001240819693,0.000776057131588459,0.0005816587945446372,1.1632390851445962e-05,23.0,387,
,27547,,,,,,,,387,0.028933776542544365
9.999999999999994e-05,27549,,,,,,,,,
9.999999999999994e-05,27549,,,,,,,,,
9.999999999999994e-05,27549,,,,,,,,,
,27549,0.004555053543299437,0.0007263298612087965,0.0023905434645712376,0.0008344554807990789,0.0005954867810942233,8.23811387817841e-06,23.0,388,
9.999999999999994e-05,27599,,,,,,,,,
9.999999999999994e-05,27599,,,,,,,,,
9.999999999999994e-05,27599,,,,,,,,,
,27599,0.0033536734990775585,0.0009116669534705579,0.0018154531717300415,0.0003631768631748855,0.00025705943698994815,6.316915914794663e-06,23.0,388,
,27618,,,,,,,,388,0.028561579063534737
9.999999999999994e-05,27649,,,,,,,,,
9.999999999999994e-05,27649,,,,,,,,,
9.999999999999994e-05,27649,,,,,,,,,
,27649,0.005347173195332289,0.0008185910992324352,0.0037319804541766644,0.0005310603883117437,0.0002584765898063779,7.064709734549979e-06,23.0,389,
,27689,,,,,,,,389,0.028157956898212433
9.999999999999994e-05,27699,,,,,,,,,
9.999999999999994e-05,27699,,,,,,,,,
9.999999999999994e-05,27699,,,,,,,,,
,27699,0.004130140412598848,0.0006156624294817448,0.0023906813003122807,0.0006585787050426006,0.00045810197480022907,7.11568600308965e-06,23.0,390,
9.999999999999994e-05,27749,,,,,,,,,
9.999999999999994e-05,27749,,,,,,,,,
9.999999999999994e-05,27749,,,,,,,,,
,27749,0.007760305423289537,0.0008093078504316509,0.005670483224093914,0.0006263182731345296,0.0006470236694440246,7.172555797296809e-06,23.0,390,
,27760,,,,,,,,390,0.029693633317947388
9.999999999999994e-05,27799,,,,,,,,,
9.999999999999994e-05,27799,,,,,,,,,
9.999999999999994e-05,27799,,,,,,,,,
,27799,0.007745711132884026,0.0012343055568635464,0.0042687938548624516,0.0012164788786321878,0.0010151790920644999,1.0954425306408666e-05,24.0,391,
,27831,,,,,,,,391,0.028289567679166794
9.999999999999994e-05,27849,,,,,,,,,
9.999999999999994e-05,27849,,,,,,,,,
9.999999999999994e-05,27849,,,,,,,,,
,27849,0.005963033996522427,0.00026469456497579813,0.004078203812241554,0.000875757890753448,0.0007366962963715196,7.68153495300794e-06,24.0,392,
9.999999999999994e-05,27899,,,,,,,,,
9.999999999999994e-05,27899,,,,,,,,,
9.999999999999994e-05,27899,,,,,,,,,
,27899,0.005368903744965792,0.0006876365514472127,0.0036985776387155056,0.0006523009506054223,0.0003240233054384589,6.364962700899923e-06,24.0,392,
,27902,,,,,,,,392,0.029471857473254204
9.999999999999994e-05,27949,,,,,,,,,
9.999999999999994e-05,27949,,,,,,,,,
9.999999999999994e-05,27949,,,,,,,,,
,27949,0.005717525724321604,0.0007164303096942604,0.0037334924563765526,0.0007000149926170707,0.0005604781908914447,7.109763373591704e-06,24.0,393,
,27973,,,,,,,,393,0.02955426089465618
9.999999999999994e-05,27999,,,,,,,,,
9.999999999999994e-05,27999,,,,,,,,,
9.999999999999994e-05,27999,,,,,,,,,
,27999,0.008796317502856255,0.0011913360795006156,0.006237852852791548,0.0008197404677048326,0.0005404570838436484,6.93127140038996e-06,24.0,394,
,28044,,,,,,,,394,0.028395241126418114
9.999999999999994e-05,28049,,,,,,,,,
9.999999999999994e-05,28049,,,,,,,,,
9.999999999999994e-05,28049,,,,,,,,,
,28049,0.007887639105319977,0.000956605770625174,0.005105496384203434,0.0010050456039607525,0.0008136366959661245,6.854906132502947e-06,24.0,395,
9.999999999999994e-05,28099,,,,,,,,,
9.999999999999994e-05,28099,,,,,,,,,
9.999999999999994e-05,28099,,,,,,,,,
,28099,0.0047891344875097275,0.0002260124310851097,0.0034551401622593403,0.0006468335632234812,0.00045397691428661346,7.1710837801219895e-06,24.0,395,
,28115,,,,,,,,395,0.0268145352602005
9.999999999999994e-05,28149,,,,,,,,,
9.999999999999994e-05,28149,,,,,,,,,
9.999999999999994e-05,28149,,,,,,,,,
,28149,0.0066095804795622826,0.000798537046648562,0.0038873946759849787,0.0010459998156875372,0.0008684997446835041,9.148971912509296e-06,24.0,396,
,28186,,,,,,,,396,0.027572063729166985
9.999999999999994e-05,28199,,,,,,,,,
9.999999999999994e-05,28199,,,,,,,,,
9.999999999999994e-05,28199,,,,,,,,,
,28199,0.006452327128499746,0.0006454930990003049,0.004473598673939705,0.0007467324030585587,0.0005789865972474217,7.5161742643103935e-06,24.0,397,
9.999999999999994e-05,28249,,,,,,,,,
9.999999999999994e-05,28249,,,,,,,,,
9.999999999999994e-05,28249,,,,,,,,,
,28249,0.004762488882988691,0.0004506998520810157,0.0031215145718306303,0.0006970000686123967,0.000485392811242491,7.881731107772794e-06,24.0,397,
,28257,,,,,,,,397,0.02899273857474327
9.999999999999994e-05,28299,,,,,,,,,
9.999999999999994e-05,28299,,,,,,,,,
9.999999999999994e-05,28299,,,,,,,,,
,28299,0.008698311634361744,0.0005442859837785363,0.00549429003149271,0.0014327277895063162,0.0012202310608699918,6.777579983463511e-06,24.0,398,
,28328,,,,,,,,398,0.030410483479499817
9.999999999999994e-05,28349,,,,,,,,,
9.999999999999994e-05,28349,,,,,,,,,
9.999999999999994e-05,28349,,,,,,,,,
,28349,0.005992164369672537,0.0009845399763435125,0.0034457396250218153,0.0008373621967621148,0.0007153617334552109,9.160267836705316e-06,24.0,399,
9.999999999999994e-05,28399,,,,,,,,,
,28399,0.004099502693861723,0.000568000425118953,0.0024652660358697176,0.0006458553252741694,0.0004135396739002317,6.841191861894913e-06,24.0,399,
,28399,,,,,,,,399,0.028045108541846275
9.999999999999994e-05,28449,,,,,,,,,
9.999999999999994e-05,28449,,,,,,,,,
9.999999999999994e-05,28449,,,,,,,,,
,28449,0.004725756123661995,0.0004253036458976567,0.0034150294959545135,0.0005190252559259534,0.00035907691926695406,7.3206983870477416e-06,24.0,400,
,28470,,,,,,,,400,0.02900799922645092
9.999999999999994e-05,28499,,,,,,,,,
9.999999999999994e-05,28499,,,,,,,,,
9.999999999999994e-05,28499,,,,,,,,,
,28499,0.004002084489911795,0.00014921081310603768,0.0025952360592782497,0.0006986662629060447,0.0005521709099411964,6.800152277719462e-06,24.0,401,
,28541,,,,,,,,401,0.027633478865027428
9.999999999999994e-05,28549,,,,,,,,,
9.999999999999994e-05,28549,,,,,,,,,
9.999999999999994e-05,28549,,,,,,,,,
,28549,0.005406304728239775,0.0011181430891156197,0.0022809654474258423,0.0010712520452216268,0.0009293181356042624,6.625712558161467e-06,24.0,402,
9.999999999999994e-05,28599,,,,,,,,,
9.999999999999994e-05,28599,,,,,,,,,
9.999999999999994e-05,28599,,,,,,,,,
,28599,0.003864928148686886,0.0005430031451396644,0.0021863265428692102,0.0006036227568984032,0.0005270731053315103,4.902488399238791e-06,24.0,402,
,28612,,,,,,,,402,0.028565986081957817
9.999999999999994e-05,28649,,,,,,,,,
9.999999999999994e-05,28649,,,,,,,,,
9.999999999999994e-05,28649,,,,,,,,,
,28649,0.006048009730875492,0.0007396325236186385,0.003863457590341568,0.0008176835835911334,0.000614456192124635,1.2779602911905386e-05,24.0,403,
,28683,,,,,,,,403,0.028029797598719597
9.999999999999994e-05,28699,,,,,,,,,
9.999999999999994e-05,28699,,,,,,,,,
9.999999999999994e-05,28699,,,,,,,,,
,28699,0.005306265316903591,0.0009588717948645353,0.002752354834228754,0.0008807956473901868,0.0005991627695038915,0.00011508013994898647,24.0,404,
9.999999999999994e-05,28749,,,,,,,,,
9.999999999999994e-05,28749,,,,,,,,,
9.999999999999994e-05,28749,,,,,,,,,
,28749,0.005401604808866978,0.0008466331055387855,0.003350582905113697,0.0005692552076652646,0.0005571075016632676,7.802620530128479e-05,24.0,404,
,28754,,,,,,,,404,0.027857108041644096
9.999999999999994e-05,28799,,,,,,,,,
9.999999999999994e-05,28799,,,,,,,,,
9.999999999999994e-05,28799,,,,,,,,,
,28799,0.005510925315320492,0.0005594819085672498,0.0034972114954143763,0.0007717768312431872,0.0006355224177241325,4.693273876910098e-05,24.0,405,
,28825,,,,,,,,405,0.029031895101070404
9.999999999999994e-05,28849,,,,,,,,,
9.999999999999994e-05,28849,,,,,,,,,
9.999999999999994e-05,28849,,,,,,,,,
,28849,0.0054598115384578705,0.0005126650212332606,0.0037009455263614655,0.000679829390719533,0.0005579570424742997,8.414635885856114e-06,24.0,406,
,28896,,,,,,,,406,0.03032904677093029
9.999999999999994e-05,28899,,,,,,,,,
9.999999999999994e-05,28899,,,,,,,,,
9.999999999999994e-05,28899,,,,,,,,,
,28899,0.005699390545487404,0.0010166582651436329,0.0029041736852377653,0.0009930755477398634,0.000774817424826324,1.0665365152817685e-05,24.0,407,
9.999999999999994e-05,28949,,,,,,,,,
9.999999999999994e-05,28949,,,,,,,,,
9.999999999999994e-05,28949,,,,,,,,,
,28949,0.0044777411967515945,0.00021367447334341705,0.0027293143793940544,0.0008793954621069133,0.0006476184935308993,7.738346539554186e-06,24.0,407,
,28967,,,,,,,,407,0.02742668427526951
9.999999999999994e-05,28999,,,,,,,,,
9.999999999999994e-05,28999,,,,,,,,,
9.999999999999994e-05,28999,,,,,,,,,
,28999,0.006737230811268091,0.0004592335899360478,0.004689553752541542,0.0007772176759317517,0.0008041071705520153,7.118493158486672e-06,24.0,408,
,29038,,,,,,,,408,0.03023129515349865
9.999999999999994e-05,29049,,,,,,,,,
9.999999999999994e-05,29049,,,,,,,,,
9.999999999999994e-05,29049,,,,,,,,,
,29049,0.009261872619390488,0.0011551410425454378,0.006013466045260429,0.0010284947929903865,0.0010561938397586346,8.57776467455551e-06,24.0,409,
9.999999999999994e-05,29099,,,,,,,,,
9.999999999999994e-05,29099,,,,,,,,,
9.999999999999994e-05,29099,,,,,,,,,
,29099,0.0052919574081897736,0.0006352717173285782,0.0031870307866483927,0.0008246985962614417,0.0006381257553584874,6.830458005424589e-06,24.0,409,
,29109,,,,,,,,409,0.028656819835305214
9.999999999999994e-05,29149,,,,,,,,,
9.999999999999994e-05,29149,,,,,,,,,
9.999999999999994e-05,29149,,,,,,,,,
,29149,0.005198403261601925,0.0007998852524906397,0.0029843675438314676,0.0007746737683191895,0.0006327770533971488,6.699799087073188e-06,24.0,410,
,29180,,,,,,,,410,0.028812579810619354
9.999999999999994e-05,29199,,,,,,,,,
9.999999999999994e-05,29199,,,,,,,,,
9.999999999999994e-05,29199,,,,,,,,,
,29199,0.005208793096244335,0.0004056082107126713,0.004058018326759338,0.0004144792619626969,0.00032466865377500653,6.018767180648865e-06,24.0,411,
9.999999999999994e-05,29249,,,,,,,,,
9.999999999999994e-05,29249,,,,,,,,,
9.999999999999994e-05,29249,,,,,,,,,
,29249,0.00466738548129797,0.0004895454039797187,0.0031322806607931852,0.0006224845419637859,0.000416470953496173,6.604110240004957e-06,24.0,411,
,29251,,,,,,,,411,0.027321025729179382
9.999999999999994e-05,29299,,,,,,,,,
9.999999999999994e-05,29299,,,,,,,,,
9.999999999999994e-05,29299,,,,,,,,,
,29299,0.00748614314943552,0.0009044217877089977,0.005450372584164143,0.000656567164696753,0.0004670532653108239,7.728600394329987e-06,24.0,412,
,29322,,,,,,,,412,0.029033206403255463
9.999999999999994e-05,29349,,,,,,,,,
9.999999999999994e-05,29349,,,,,,,,,
9.999999999999994e-05,29349,,,,,,,,,
,29349,0.009578220546245575,0.0011131656356155872,0.006569716148078442,0.0010386171052232385,0.000844872382003814,1.1848942449432798e-05,24.0,413,
,29393,,,,,,,,413,0.02805854193866253
9.999999999999994e-05,29399,,,,,,,,,
9.999999999999994e-05,29399,,,,,,,,,
9.999999999999994e-05,29399,,,,,,,,,
,29399,0.008333377540111542,0.0012387128081172705,0.0054189180955290794,0.0009298170916736126,0.0007369131781160831,9.015708201332018e-06,24.0,414,
9.999999999999994e-05,29449,,,,,,,,,
9.999999999999994e-05,29449,,,,,,,,,
9.999999999999994e-05,29449,,,,,,,,,
,29449,0.005508017726242542,0.0010056168539449573,0.002842262852936983,0.0008962766733020544,0.000757313275244087,6.54799077892676e-06,24.0,414,
,29464,,,,,,,,414,0.02907484769821167
9.999999999999994e-05,29499,,,,,,,,,
9.999999999999994e-05,29499,,,,,,,,,
9.999999999999994e-05,29499,,,,,,,,,
,29499,0.004655895754694939,0.0006559388129971921,0.002473577857017517,0.0008902448462322354,0.0006281551904976368,7.97929988038959e-06,24.0,415,
,29535,,,,,,,,415,0.029104387387633324
9.999999999999994e-05,29549,,,,,,,,,
9.999999999999994e-05,29549,,,,,,,,,
9.999999999999994e-05,29549,,,,,,,,,
,29549,0.005714994389563799,0.0008418893557973206,0.0032218298874795437,0.0009489577496424317,0.0006934184930287302,8.898816304281354e-06,24.0,416,
9.999999999999994e-05,29599,,,,,,,,,
9.999999999999994e-05,29599,,,,,,,,,
9.999999999999994e-05,29599,,,,,,,,,
,29599,0.007648290600627661,0.0007682809373363853,0.00516344141215086,0.0008693889831192791,0.0008392574382014573,7.921300493762828e-06,24.0,416,
,29606,,,,,,,,416,0.028844568878412247
9.999999999999994e-05,29649,,,,,,,,,
9.999999999999994e-05,29649,,,,,,,,,
9.999999999999994e-05,29649,,,,,,,,,
,29649,0.003297497285529971,0.0004520301299635321,0.0020296932198107243,0.00047268508933484554,0.00033422105479985476,8.867903488862794e-06,24.0,417,
,29677,,,,,,,,417,0.02824116125702858
9.999999999999994e-05,29699,,,,,,,,,
9.999999999999994e-05,29699,,,,,,,,,
9.999999999999994e-05,29699,,,,,,,,,
,29699,0.009181295521557331,0.00048090360360220075,0.007683235220611095,0.0006838655681349337,0.00032824091613292694,5.050913387094624e-06,24.0,418,
,29748,,,,,,,,418,0.027933770790696144
9.999999999999994e-05,29749,,,,,,,,,
9.999999999999994e-05,29749,,,,,,,,,
9.999999999999994e-05,29749,,,,,,,,,
,29749,0.005086666904389858,0.0005433406913653016,0.00306348386220634,0.0007599828531965613,0.0007057682378217578,1.4090871445660014e-05,24.0,419,
9.999999999999994e-05,29799,,,,,,,,,
9.999999999999994e-05,29799,,,,,,,,,
9.999999999999994e-05,29799,,,,,,,,,
,29799,0.003345599863678217,0.0005585475591942668,0.0018562513869255781,0.0005107095930725336,0.00041440289351157844,5.6885733101808e-06,24.0,419,
,29819,,,,,,,,419,0.028152860701084137
9.999999999999994e-05,29849,,,,,,,,,
9.999999999999994e-05,29849,,,,,,,,,
9.999999999999994e-05,29849,,,,,,,,,
,29849,0.004378057550638914,0.0007985210395418108,0.0024979778099805117,0.000606022251304239,0.00042817561188712716,4.736036135000177e-05,24.0,420,
,29890,,,,,,,,420,0.027949726209044456
9.999999999999994e-05,29899,,,,,,,,,
9.999999999999994e-05,29899,,,,,,,,,
9.999999999999994e-05,29899,,,,,,,,,
,29899,0.00595498364418745,0.0005299774929881096,0.0042786491103470325,0.0005733879515901208,0.0005555495736189187,1.741967753332574e-05,24.0,421,
9.999999999999994e-05,29949,,,,,,,,,
9.999999999999994e-05,29949,,,,,,,,,
9.999999999999994e-05,29949,,,,,,,,,
,29949,0.005059762857854366,0.0008403483661822975,0.0026533901691436768,0.0008816466433927417,0.0006771982880309224,7.1796353040554095e-06,24.0,421,
,29961,,,,,,,,421,0.031177271157503128
9.999999999999994e-05,29999,,,,,,,,,
9.999999999999994e-05,29999,,,,,,,,,
9.999999999999994e-05,29999,,,,,,,,,
,29999,0.009026983752846718,0.0005852614995092154,0.007325814105570316,0.0006247358396649361,0.00048642978072166443,4.742340479424456e-06,24.0,422,
,30032,,,,,,,,422,0.028220156207680702
9.999999999999994e-05,30049,,,,,,,,,
9.999999999999994e-05,30049,,,,,,,,,
9.999999999999994e-05,30049,,,,,,,,,
,30049,0.005086928140372038,0.0006478420691564679,0.003156238468363881,0.0007078794878907502,0.000564092246349901,1.0875672160182148e-05,24.0,423,
9.999999999999994e-05,30099,,,,,,,,,
9.999999999999994e-05,30099,,,,,,,,,
9.999999999999994e-05,30099,,,,,,,,,
,30099,0.005368722602725029,0.0006945696659386158,0.003046358237043023,0.0008922991110011935,0.0007268876070156693,8.608029020251706e-06,24.0,423,
,30103,,,,,,,,423,0.028597626835107803
9.999999999999994e-05,30149,,,,,,,,,
9.999999999999994e-05,30149,,,,,,,,,
9.999999999999994e-05,30149,,,,,,,,,
,30149,0.004993325099349022,0.0005763471708633006,0.003342192154377699,0.0006394666852429509,0.00043029867811128497,5.020634034735849e-06,24.0,424,
,30174,,,,,,,,424,0.02782682701945305
9.999999999999994e-05,30199,,,,,,,,,
9.999999999999994e-05,30199,,,,,,,,,
9.999999999999994e-05,30199,,,,,,,,,
,30199,0.004276795778423548,0.0009427400073036551,0.0021887619514018297,0.0006436017574742436,0.000495392712764442,6.29960595688317e-06,24.0,425,
,30245,,,,,,,,425,0.02817920409142971
9.999999999999994e-05,30249,,,,,,,,,
9.999999999999994e-05,30249,,,,,,,,,
9.999999999999994e-05,30249,,,,,,,,,
,30249,0.004382914863526821,0.0004304037429392338,0.0028880855534225702,0.0006085367640480399,0.0004506853292696178,5.203661203267984e-06,24.0,426,
9.999999999999994e-05,30299,,,,,,,,,
9.999999999999994e-05,30299,,,,,,,,,
9.999999999999994e-05,30299,,,,,,,,,
,30299,0.0043333591893315315,0.0006337364320643246,0.0026914281770586967,0.0005723977228626609,0.00043011707020923495,5.679922196577536e-06,24.0,426,
,30316,,,,,,,,426,0.02872738614678383
9.999999999999994e-05,30349,,,,,,,,,
9.999999999999994e-05,30349,,,,,,,,,
9.999999999999994e-05,30349,,,,,,,,,
,30349,0.005308426916599274,0.000706816790625453,0.0036269701085984707,0.0005597217823378742,0.0004104515537619591,4.467293365451042e-06,24.0,427,
,30387,,,,,,,,427,0.029413264244794846
9.999999999999994e-05,30399,,,,,,,,,
9.999999999999994e-05,30399,,,,,,,,,
9.999999999999994e-05,30399,,,,,,,,,
,30399,0.005122307687997818,0.0007755724946036935,0.0028931708075106144,0.0008093430660665035,0.0006372530478984118,6.968183697608765e-06,25.0,428,
9.999999999999994e-05,30449,,,,,,,,,
9.999999999999994e-05,30449,,,,,,,,,
9.999999999999994e-05,30449,,,,,,,,,
,30449,0.0039480309933424,0.0005935074295848608,0.0023996676318347454,0.0005525780725292861,0.0003974098653998226,4.8681258704164065e-06,25.0,428,
,30458,,,,,,,,428,0.02798195742070675
9.999999999999994e-05,30499,,,,,,,,,
9.999999999999994e-05,30499,,,,,,,,,
9.999999999999994e-05,30499,,,,,,,,,
,30499,0.005261912941932678,0.0006012785597704351,0.002893277443945408,0.0008387581910938025,0.0009238455677405,4.752772383653792e-06,25.0,429,
,30529,,,,,,,,429,0.028135962784290314
9.999999999999994e-05,30549,,,,,,,,,
9.999999999999994e-05,30549,,,,,,,,,
9.999999999999994e-05,30549,,,,,,,,,
,30549,0.00488867936655879,0.00018234836170449853,0.0028524408116936684,0.0010287279728800058,0.0007499080966226757,7.52545747673139e-05,25.0,430,
9.999999999999994e-05,30599,,,,,,,,,
9.999999999999994e-05,30599,,,,,,,,,
9.999999999999994e-05,30599,,,,,,,,,
,30599,0.006978231482207775,0.0014268856029957533,0.0040539707988500595,0.0008982297731563449,0.0005886818980798125,1.046305442287121e-05,25.0,430,
,30600,,,,,,,,430,0.028034472838044167
9.999999999999994e-05,30649,,,,,,,,,
9.999999999999994e-05,30649,,,,,,,,,
9.999999999999994e-05,30649,,,,,,,,,
,30649,0.003865055041387677,0.00019335477554704994,0.0027208253741264343,0.0005276798037812114,0.0004174072528257966,5.78792423766572e-06,25.0,431,
,30671,,,,,,,,431,0.02872481197118759
9.999999999999994e-05,30699,,,,,,,,,
9.999999999999994e-05,30699,,,,,,,,,
9.999999999999994e-05,30699,,,,,,,,,
,30699,0.00419247429817915,0.0005529826157726347,0.002343091182410717,0.0007798619335517287,0.0005078312242403626,8.707514098205138e-06,25.0,432,
,30742,,,,,,,,432,0.02896069921553135
9.999999999999994e-05,30749,,,,,,,,,
9.999999999999994e-05,30749,,,,,,,,,
9.999999999999994e-05,30749,,,,,,,,,
,30749,0.003165468107908964,0.0004576632345560938,0.0019568330608308315,0.0004633759963326156,0.0002809939906001091,6.6017237259075046e-06,25.0,433,
9.999999999999994e-05,30799,,,,,,,,,
9.999999999999994e-05,30799,,,,,,,,,
9.999999999999994e-05,30799,,,,,,,,,
,30799,0.005014765076339245,0.00025742826983332634,0.004038764629513025,0.0004426673403941095,0.0002691198606044054,6.78484366289922e-06,25.0,433,
,30813,,,,,,,,433,0.029079413041472435
9.999999999999994e-05,30849,,,,,,,,,
9.999999999999994e-05,30849,,,,,,,,,
9.999999999999994e-05,30849,,,,,,,,,
,30849,0.0036467548925429583,0.0003594769805204123,0.002501458628103137,0.0004166863509453833,0.0003637229965534061,5.410018275142647e-06,25.0,434,
,30884,,,,,,,,434,0.02730645053088665
9.999999999999994e-05,30899,,,,,,,,,
9.999999999999994e-05,30899,,,,,,,,,
9.999999999999994e-05,30899,,,,,,,,,
,30899,0.005070460494607687,0.0006001154542900622,0.0029905829578638077,0.0008238700102083385,0.0006499796872958541,5.912392225582153e-06,25.0,435,
9.999999999999994e-05,30949,,,,,,,,,
9.999999999999994e-05,30949,,,,,,,,,
9.999999999999994e-05,30949,,,,,,,,,
,30949,0.00486048124730587,0.00034202897222712636,0.00324865966103971,0.0007831855909898877,0.0004813237173948437,5.283534392219735e-06,25.0,435,
,30955,,,,,,,,435,0.027602126821875572
9.999999999999994e-05,30999,,,,,,,,,
9.999999999999994e-05,30999,,,,,,,,,
9.999999999999994e-05,30999,,,,,,,,,
,30999,0.003946417011320591,0.0006612454890273511,0.0020579530391842127,0.0007082947413437068,0.000511371879838407,7.55166638555238e-06,25.0,436,
,31026,,,,,,,,436,0.029193615540862083
9.999999999999994e-05,31049,,,,,,,,,
9.999999999999994e-05,31049,,,,,,,,,
9.999999999999994e-05,31049,,,,,,,,,
,31049,0.005554815288633108,0.0006082628387957811,0.0037721111439168453,0.0006934356642886996,0.00047381973126903176,7.185558843048057e-06,25.0,437,
,31097,,,,,,,,437,0.02970629744231701
9.999999999999994e-05,31099,,,,,,,,,
9.999999999999994e-05,31099,,,,,,,,,
9.999999999999994e-05,31099,,,,,,,,,
,31099,0.0038019907660782337,0.00023873547615949064,0.002914784476161003,0.0003796064993366599,0.0002648383961059153,4.026091573905433e-06,25.0,438,
9.999999999999994e-05,31149,,,,,,,,,
9.999999999999994e-05,31149,,,,,,,,,
9.999999999999994e-05,31149,,,,,,,,,
,31149,0.006321338005363941,0.0006541936891153455,0.0044331056997179985,0.0007575862691737711,0.00046917039435356855,7.282166279765079e-06,25.0,438,
,31168,,,,,,,,438,0.028074178844690323
9.999999999999994e-05,31199,,,,,,,,,
9.999999999999994e-05,31199,,,,,,,,,
9.999999999999994e-05,31199,,,,,,,,,
,31199,0.006235587876290083,0.0015610780101269484,0.003040512092411518,0.0008778222254477441,0.0007512063020840287,4.969142992194975e-06,25.0,439,
,31239,,,,,,,,439,0.027244416996836662
9.999999999999994e-05,31249,,,,,,,,,
9.999999999999994e-05,31249,,,,,,,,,
9.999999999999994e-05,31249,,,,,,,,,
,31249,0.009882782585918903,0.0004835239378735423,0.008130732923746109,0.0006312686600722373,0.0006332574412226677,3.999191449111095e-06,25.0,440,
9.999999999999994e-05,31299,,,,,,,,,
9.999999999999994e-05,31299,,,,,,,,,
9.999999999999994e-05,31299,,,,,,,,,
,31299,0.004306934308260679,0.0006522104376927018,0.002947994042187929,0.00040255027124658227,0.00029943056870251894,4.749443178297952e-06,25.0,440,
,31310,,,,,,,,440,0.027989016845822334
9.999999999999994e-05,31349,,,,,,,,,
9.999999999999994e-05,31349,,,,,,,,,
9.999999999999994e-05,31349,,,,,,,,,
,31349,0.0028167583514004946,9.969016537070274e-05,0.0018372146878391504,0.0004904934903606772,0.00038373269489966333,5.627523478324292e-06,25.0,441,
,31381,,,,,,,,441,0.02731511928141117
9.999999999999994e-05,31399,,,,,,,,,
9.999999999999994e-05,31399,,,,,,,,,
9.999999999999994e-05,31399,,,,,,,,,
,31399,0.006268974859267473,0.0008871501195244491,0.0033065746538341045,0.001096604741178453,0.0009731721947900951,5.473428700497607e-06,25.0,442,
9.999999999999994e-05,31449,,,,,,,,,
9.999999999999994e-05,31449,,,,,,,,,
9.999999999999994e-05,31449,,,,,,,,,
,31449,0.006231246516108513,0.00022370953229255974,0.004871203564107418,0.0006859908462502062,0.00044383591739460826,6.506882527901325e-06,25.0,442,
,31452,,,,,,,,442,0.028980741277337074
9.999999999999994e-05,31499,,,,,,,,,
9.999999999999994e-05,31499,,,,,,,,,
9.999999999999994e-05,31499,,,,,,,,,
,31499,0.007820860482752323,0.00329599529504776,0.0035328830126672983,0.0005443787667900324,0.0004427892854437232,4.814477506442927e-06,25.0,443,
,31523,,,,,,,,443,0.029525240883231163
9.999999999999994e-05,31549,,,,,,,,,
9.999999999999994e-05,31549,,,,,,,,,
9.999999999999994e-05,31549,,,,,,,,,
,31549,0.008264974690973759,0.0008831614977680147,0.00463626254349947,0.0014372156001627445,0.001297716167755425,1.0619264685374219e-05,25.0,444,
,31594,,,,,,,,444,0.02856629528105259
9.999999999999994e-05,31599,,,,,,,,,
9.999999999999994e-05,31599,,,,,,,,,
9.999999999999994e-05,31599,,,,,,,,,
,31599,0.004484192468225956,0.0005127608892507851,0.0022233333438634872,0.0005125074530951679,0.000363179569831118,0.0008724112412892282,25.0,445,
9.999999999999994e-05,31649,,,,,,,,,
9.999999999999994e-05,31649,,,,,,,,,
9.999999999999994e-05,31649,,,,,,,,,
,31649,0.005987486802041531,0.0005126821342855692,0.004152542911469936,0.0007435714942403138,0.000559525506105274,1.916459768835921e-05,25.0,445,
,31665,,,,,,,,445,0.02812116965651512
9.999999999999994e-05,31699,,,,,,,,,
9.999999999999994e-05,31699,,,,,,,,,
9.999999999999994e-05,31699,,,,,,,,,
,31699,0.0036088412161916494,0.00020179527928121388,0.002454261062666774,0.0005216916324570775,0.00042404362466186285,7.049427040328737e-06,25.0,446,
,31736,,,,,,,,446,0.02763190306723118
9.999999999999994e-05,31749,,,,,,,,,
9.999999999999994e-05,31749,,,,,,,,,
9.999999999999994e-05,31749,,,,,,,,,
,31749,0.004811332561075687,0.00011034777708118781,0.002621415536850691,0.0011853580363094807,0.0008855428895913064,8.668203918205108e-06,25.0,447,
9.999999999999994e-05,31799,,,,,,,,,
9.999999999999994e-05,31799,,,,,,,,,
9.999999999999994e-05,31799,,,,,,,,,
,31799,0.004077923949807882,0.0003051547391805798,0.0031260503455996513,0.0003631205181591213,0.0002789106802083552,4.687265118263895e-06,25.0,447,
,31807,,,,,,,,447,0.0264970101416111
9.999999999999994e-05,31849,,,,,,,,,
9.999999999999994e-05,31849,,,,,,,,,
9.999999999999994e-05,31849,,,,,,,,,
,31849,0.008328467607498169,0.0007921764627099037,0.004721357021480799,0.0015590423718094826,0.001249855849891901,6.036060312908376e-06,25.0,448,
,31878,,,,,,,,448,0.027574259787797928
9.999999999999994e-05,31899,,,,,,,,,
9.999999999999994e-05,31899,,,,,,,,,
9.999999999999994e-05,31899,,,,,,,,,
,31899,0.006391608621925116,0.0005424573319032788,0.0040546199306845665,0.0010682742577046156,0.0007206249865703285,5.63214416615665e-06,25.0,449,
9.999999999999994e-05,31949,,,,,,,,,
,31949,0.005362605210393667,0.0007535211043432355,0.003344082972034812,0.0007504596724174917,0.0005073585780337453,7.182642548286822e-06,25.0,449,
,31949,,,,,,,,449,0.027400920167565346
9.999999999999994e-05,31999,,,,,,,,,
9.999999999999994e-05,31999,,,,,,,,,
9.999999999999994e-05,31999,,,,,,,,,
,31999,0.003046915866434574,0.00016109949501696974,0.0018965385388582945,0.0005452932673506439,0.00043849230860359967,5.492322088684887e-06,25.0,450,
,32020,,,,,,,,450,0.02860354073345661
9.999999999999994e-05,32049,,,,,,,,,
9.999999999999994e-05,32049,,,,,,,,,
9.999999999999994e-05,32049,,,,,,,,,
,32049,0.004340954590588808,0.00015997163427527994,0.002584798028692603,0.0009112107218243182,0.0006769805331714451,7.993352483026683e-06,25.0,451,
,32091,,,,,,,,451,0.028653688728809357
9.999999999999994e-05,32099,,,,,,,,,
9.999999999999994e-05,32099,,,,,,,,,
9.999999999999994e-05,32099,,,,,,,,,
,32099,0.006212893407791853,0.0014906481374055147,0.003221390536054969,0.0008354653255082667,0.0006606015376746655,4.788140358868986e-06,25.0,452,
9.999999999999994e-05,32149,,,,,,,,,
9.999999999999994e-05,32149,,,,,,,,,
9.999999999999994e-05,32149,,,,,,,,,
,32149,0.006877089384943247,0.0005822586826980114,0.005008292384445667,0.00070660759229213,0.0005751617718487978,4.769000497617526e-06,25.0,452,
,32162,,,,,,,,452,0.026831094175577164
9.999999999999994e-05,32199,,,,,,,,,
9.999999999999994e-05,32199,,,,,,,,,
9.999999999999994e-05,32199,,,,,,,,,
,32199,0.004248823970556259,0.0007742127636447549,0.002079122234135866,0.0007967990823090076,0.0005794783937744796,1.9211825929232873e-05,25.0,453,
,32233,,,,,,,,453,0.027872011065483093
9.999999999999994e-05,32249,,,,,,,,,
9.999999999999994e-05,32249,,,,,,,,,
9.999999999999994e-05,32249,,,,,,,,,
,32249,0.003549921093508601,0.0005468332092277706,0.0019957437179982662,0.0005892107146792114,0.00040841512964107096,9.71815188677283e-06,25.0,454,
9.999999999999994e-05,32299,,,,,,,,,
9.999999999999994e-05,32299,,,,,,,,,
9.999999999999994e-05,32299,,,,,,,,,
,32299,0.004653544630855322,0.0003861143486574292,0.0032416912727057934,0.0005768449045717716,0.0004415993462316692,7.294980150618358e-06,25.0,454,
,32304,,,,,,,,454,0.028031008318066597
9.999999999999994e-05,32349,,,,,,,,,
9.999999999999994e-05,32349,,,,,,,,,
9.999999999999994e-05,32349,,,,,,,,,
,32349,0.004173974506556988,0.00027527401107363403,0.00325569324195385,0.0003356121596880257,0.00024903216399252415,5.8363024436403066e-05,25.0,455,
,32375,,,,,,,,455,0.028754791244864464
9.999999999999994e-05,32399,,,,,,,,,
9.999999999999994e-05,32399,,,,,,,,,
9.999999999999994e-05,32399,,,,,,,,,
,32399,0.005292171146720648,0.0017534123035147786,0.0023093661293387413,0.0006793075590394437,0.000543370726518333,6.714426945109153e-06,25.0,456,
,32446,,,,,,,,456,0.02849619649350643
9.999999999999994e-05,32449,,,,,,,,,
9.999999999999994e-05,32449,,,,,,,,,
9.999999999999994e-05,32449,,,,,,,,,
,32449,0.005116388201713562,0.0006414095987565815,0.003403655719012022,0.0005895554786548018,0.0004763618344441056,5.405336651165271e-06,25.0,457,
9.999999999999994e-05,32499,,,,,,,,,
9.999999999999994e-05,32499,,,,,,,,,
9.999999999999994e-05,32499,,,,,,,,,
,32499,0.007097393274307251,0.0006145508377812803,0.005011857952922583,0.0007874598377384245,0.0006712614558637142,1.22633882710943e-05,25.0,457,
,32517,,,,,,,,457,0.028585661202669144
9.999999999999994e-05,32549,,,,,,,,,
9.999999999999994e-05,32549,,,,,,,,,
9.999999999999994e-05,32549,,,,,,,,,
,32549,0.0056502921506762505,0.0006039711297489703,0.0034808681812137365,0.0007742922171019018,0.0005080249393358827,0.0002831357123795897,25.0,458,
,32588,,,,,,,,458,0.02804219350218773
9.999999999999994e-05,32599,,,,,,,,,
9.999999999999994e-05,32599,,,,,,,,,
9.999999999999994e-05,32599,,,,,,,,,
,32599,0.0037316239904612303,0.0009346584556624293,0.0016869668615981936,0.0006331347394734621,0.00046808665501885116,8.777210496191401e-06,25.0,459,
9.999999999999994e-05,32649,,,,,,,,,
9.999999999999994e-05,32649,,,,,,,,,
9.999999999999994e-05,32649,,,,,,,,,
,32649,0.005965241231024265,0.0009154670406132936,0.0036309421993792057,0.0008264431962743402,0.0005732459831051528,1.9142675228067674e-05,25.0,459,
,32659,,,,,,,,459,0.028105756267905235
9.999999999999994e-05,32699,,,,,,,,,
9.999999999999994e-05,32699,,,,,,,,,
9.999999999999994e-05,32699,,,,,,,,,
,32699,0.004947933834046125,0.0004888616967946291,0.003397333901375532,0.000636895711068064,0.00041569984750822186,9.142269846051931e-06,25.0,460,
,32730,,,,,,,,460,0.02884754352271557
9.999999999999994e-05,32749,,,,,,,,,
9.999999999999994e-05,32749,,,,,,,,,
9.999999999999994e-05,32749,,,,,,,,,
,32749,0.004697453696280718,0.0006513248663395643,0.002626311732456088,0.0008049432071857154,0.0005611514206975698,5.37229934707284e-05,25.0,461,
9.999999999999994e-05,32799,,,,,,,,,
9.999999999999994e-05,32799,,,,,,,,,
9.999999999999994e-05,32799,,,,,,,,,
,32799,0.005529774818569422,0.0006085551576688886,0.0035752702970057726,0.0007372903637588024,0.000602087820880115,6.5707949943316635e-06,25.0,461,
,32801,,,,,,,,461,0.02756945602595806
9.999999999999994e-05,32849,,,,,,,,,
9.999999999999994e-05,32849,,,,,,,,,
9.999999999999994e-05,32849,,,,,,,,,
,32849,0.004481354262679815,0.0006934920093044639,0.0023420953657478094,0.000825350231025368,0.0006132129929028451,7.203636869235197e-06,25.0,462,
,32872,,,,,,,,462,0.027636000886559486
9.999999999999994e-05,32899,,,,,,,,,
9.999999999999994e-05,32899,,,,,,,,,
9.999999999999994e-05,32899,,,,,,,,,
,32899,0.004435194190591574,0.0006152342539280653,0.0027021581772714853,0.0006573152495548129,0.00045435616630129516,6.130414931249106e-06,25.0,463,
,32943,,,,,,,,463,0.029099589213728905
9.999999999999994e-05,32949,,,,,,,,,
9.999999999999994e-05,32949,,,,,,,,,
9.999999999999994e-05,32949,,,,,,,,,
,32949,0.014100750908255577,0.00044602080015465617,0.013029642403125763,0.00043253967305645347,0.00018900966097135097,3.537908241924015e-06,25.0,464,
9.999999999999994e-05,32999,,,,,,,,,
9.999999999999994e-05,32999,,,,,,,,,
9.999999999999994e-05,32999,,,,,,,,,
,32999,0.006526097189635038,0.0007935068570077419,0.0042908345349133015,0.0008343750378116965,0.000601159525103867,6.22131847194396e-06,25.0,464,
,33014,,,,,,,,464,0.028804602101445198
9.999999999999994e-05,33049,,,,,,,,,
9.999999999999994e-05,33049,,,,,,,,,
9.999999999999994e-05,33049,,,,,,,,,
,33049,0.00720596918836236,0.0012389612384140491,0.004774649161845446,0.0006367818568833172,0.0005506270099431276,4.949436970491661e-06,25.0,465,
,33085,,,,,,,,465,0.029681729152798653
9.999999999999994e-05,33099,,,,,,,,,
9.999999999999994e-05,33099,,,,,,,,,
9.999999999999994e-05,33099,,,,,,,,,
,33099,0.003786577610298991,0.0005316599272191525,0.0024315582122653723,0.0004939698847010732,0.0003248198190703988,4.569724751490867e-06,26.0,466,
9.999999999999994e-05,33149,,,,,,,,,
9.999999999999994e-05,33149,,,,,,,,,
9.999999999999994e-05,33149,,,,,,,,,
,33149,0.006156662944704294,0.000477577093988657,0.004152717534452677,0.0007800041930750012,0.0007408151868730783,5.549158686335431e-06,26.0,466,
,33156,,,,,,,,466,0.02981642261147499
9.999999999999994e-05,33199,,,,,,,,,
9.999999999999994e-05,33199,,,,,,,,,
9.999999999999994e-05,33199,,,,,,,,,
,33199,0.003595988731831312,0.0004540072113741189,0.0024216528981924057,0.0004335060075391084,0.00028210252639837563,4.720177912531653e-06,26.0,467,
,33227,,,,,,,,467,0.028890296816825867
9.999999999999994e-05,33249,,,,,,,,,
9.999999999999994e-05,33249,,,,,,,,,
9.999999999999994e-05,33249,,,,,,,,,
,33249,0.006122997030615807,0.00048457481898367405,0.00379347475245595,0.0009512697579339147,0.00088729482376948,6.382872470567236e-06,26.0,468,
,33298,,,,,,,,468,0.028276139870285988
9.999999999999994e-05,33299,,,,,,,,,
9.999999999999994e-05,33299,,,,,,,,,
9.999999999999994e-05,33299,,,,,,,,,
,33299,0.004543239716440439,0.0004505520046222955,0.0031472579576075077,0.0005140526918694377,0.00042723771184682846,4.139238626521546e-06,26.0,469,
9.999999999999994e-05,33349,,,,,,,,,
9.999999999999994e-05,33349,,,,,,,,,
9.999999999999994e-05,33349,,,,,,,,,
,33349,0.005065991077572107,0.0008527013706043363,0.002948525594547391,0.0007317326380871236,0.000526934047229588,6.097437562857522e-06,26.0,469,
,33369,,,,,,,,469,0.028032807633280754
9.999999999999994e-05,33399,,,,,,,,,
9.999999999999994e-05,33399,,,,,,,,,
9.999999999999994e-05,33399,,,,,,,,,
,33399,0.004099003970623016,0.0004210668266750872,0.0026578549295663834,0.0005285439547151327,0.00047112925676628947,2.0409172066138126e-05,26.0,470,
,33440,,,,,,,,470,0.027988243848085403
9.999999999999994e-05,33449,,,,,,,,,
9.999999999999994e-05,33449,,,,,,,,,
9.999999999999994e-05,33449,,,,,,,,,
,33449,0.005062455777078867,0.00018630851991474628,0.002720665419474244,0.000885134213604033,0.0006613496225327253,0.0006089979433454573,26.0,471,
9.999999999999994e-05,33499,,,,,,,,,
9.999999999999994e-05,33499,,,,,,,,,
9.999999999999994e-05,33499,,,,,,,,,
,33499,0.002994495676830411,0.000677475007250905,0.0014464791165664792,0.0004919334314763546,0.0003351992927491665,4.340870145824738e-05,26.0,471,
,33511,,,,,,,,471,0.028030578047037125
9.999999999999994e-05,33549,,,,,,,,,
9.999999999999994e-05,33549,,,,,,,,,
9.999999999999994e-05,33549,,,,,,,,,
,33549,0.004083242733031511,0.000606762885581702,0.0020450432784855366,0.0007839208119548857,0.0006412520888261497,6.263803697947878e-06,26.0,472,
,33582,,,,,,,,472,0.029449520632624626
9.999999999999994e-05,33599,,,,,,,,,
9.999999999999994e-05,33599,,,,,,,,,
9.999999999999994e-05,33599,,,,,,,,,
,33599,0.004064122214913368,0.00016060919733718038,0.002353467047214508,0.000683475867845118,0.0008616475970484316,4.922615516989026e-06,26.0,473,
9.999999999999994e-05,33649,,,,,,,,,
9.999999999999994e-05,33649,,,,,,,,,
9.999999999999994e-05,33649,,,,,,,,,
,33649,0.004524799529463053,0.0007873049471527338,0.002363257110118866,0.0007350117666646838,0.0006333315977826715,5.894403784623137e-06,26.0,473,
,33653,,,,,,,,473,0.028662897646427155
9.999999999999994e-05,33699,,,,,,,,,
9.999999999999994e-05,33699,,,,,,,,,
9.999999999999994e-05,33699,,,,,,,,,
,33699,0.0037212688475847244,0.0005555500974878669,0.0022038519382476807,0.0005841623642481863,0.00037197157507762313,5.732742465625051e-06,26.0,474,
,33724,,,,,,,,474,0.028330285102128983
9.999999999999994e-05,33749,,,,,,,,,
9.999999999999994e-05,33749,,,,,,,,,
9.999999999999994e-05,33749,,,,,,,,,
,33749,0.005567954853177071,0.000781985349021852,0.003170828567817807,0.0008515574154444039,0.000758608162868768,4.975156571163097e-06,26.0,475,
,33795,,,,,,,,475,0.02734830416738987
9.999999999999994e-05,33799,,,,,,,,,
9.999999999999994e-05,33799,,,,,,,,,
9.999999999999994e-05,33799,,,,,,,,,
,33799,0.004131974186748266,0.0006230361759662628,0.0024244841188192368,0.0006417206022888422,0.0004379702149890363,4.763381184602622e-06,26.0,476,
9.999999999999994e-05,33849,,,,,,,,,
9.999999999999994e-05,33849,,,,,,,,,
9.999999999999994e-05,33849,,,,,,,,,
,33849,0.0036101751029491425,0.00010818919690791517,0.002426495309919119,0.0006395201198756695,0.00042987422784790397,6.096298420743551e-06,26.0,476,
,33866,,,,,,,,476,0.02860386110842228
9.999999999999994e-05,33899,,,,,,,,,
9.999999999999994e-05,33899,,,,,,,,,
9.999999999999994e-05,33899,,,,,,,,,
,33899,0.0023280286695808172,0.00028338312404230237,0.0014170000795274973,0.0003677620261441916,0.0002563107118476182,3.572844889276894e-06,26.0,477,
,33937,,,,,,,,477,0.028758643195033073
9.999999999999994e-05,33949,,,,,,,,,
9.999999999999994e-05,33949,,,,,,,,,
9.999999999999994e-05,33949,,,,,,,,,
,33949,0.003915388602763414,0.00036893284413963556,0.0021035324316471815,0.0007703941082581878,0.0006652760202996433,7.253310741361929e-06,26.0,478,
9.999999999999994e-05,33999,,,,,,,,,
9.999999999999994e-05,33999,,,,,,,,,
9.999999999999994e-05,33999,,,,,,,,,
,33999,0.002445508958771825,0.0003675494226627052,0.001422719331458211,0.0003966946096625179,0.00025381939485669136,4.726128281618003e-06,26.0,478,
,34008,,,,,,,,478,0.028504151850938797
9.999999999999994e-05,34049,,,,,,,,,
9.999999999999994e-05,34049,,,,,,,,,
9.999999999999994e-05,34049,,,,,,,,,
,34049,0.0038519829977303743,0.000396791088860482,0.002450099680572748,0.0005270401597954333,0.00047354429261758924,4.507781795837218e-06,26.0,479,
,34079,,,,,,,,479,0.029120678082108498
9.999999999999994e-05,34099,,,,,,,,,
9.999999999999994e-05,34099,,,,,,,,,
9.999999999999994e-05,34099,,,,,,,,,
,34099,0.0048406096175313,0.0006831296486780047,0.0028220475651323795,0.0007748710340820253,0.00055515649728477,5.40449991603964e-06,26.0,480,
9.999999999999994e-05,34149,,,,,,,,,
9.999999999999994e-05,34149,,,,,,,,,
9.999999999999994e-05,34149,,,,,,,,,
,34149,0.003756958292797208,0.0002075956726912409,0.0028099429327994585,0.00044931552838534117,0.0002872493932954967,2.8544552606035722e-06,26.0,480,
,34150,,,,,,,,480,0.026576589792966843
9.999999999999994e-05,34199,,,,,,,,,
9.999999999999994e-05,34199,,,,,,,,,
9.999999999999994e-05,34199,,,,,,,,,
,34199,0.0063219270668923855,0.0023180441930890083,0.0024164211936295033,0.0009138302411884069,0.0006683648098260164,5.267061624181224e-06,26.0,481,
,34221,,,,,,,,481,0.02841649018228054
9.999999999999994e-05,34249,,,,,,,,,
9.999999999999994e-05,34249,,,,,,,,,
9.999999999999994e-05,34249,,,,,,,,,
,34249,0.0063989912159740925,0.0004353977565187961,0.003575724083930254,0.0013677183305844665,0.0010138574289157987,6.2934027482697275e-06,26.0,482,
,34292,,,,,,,,482,0.029036616906523705
9.999999999999994e-05,34299,,,,,,,,,
9.999999999999994e-05,34299,,,,,,,,,
9.999999999999994e-05,34299,,,,,,,,,
,34299,0.005665782373398542,0.0006385937449522316,0.0035865793470293283,0.0007698918925598264,0.0006180921918712556,5.26253497810103e-05,26.0,483,
9.999999999999994e-05,34349,,,,,,,,,
9.999999999999994e-05,34349,,,,,,,,,
9.999999999999994e-05,34349,,,,,,,,,
,34349,0.0053110383450984955,0.000770384562201798,0.003169520292431116,0.0007601652760058641,0.0004974364419467747,0.00011353127774782479,26.0,483,
,34363,,,,,,,,483,0.028598539531230927
9.999999999999994e-05,34399,,,,,,,,,
9.999999999999994e-05,34399,,,,,,,,,
9.999999999999994e-05,34399,,,,,,,,,
,34399,0.005543764680624008,0.0006355002988129854,0.0040932693518698215,0.0004287829215172678,0.00034152460284531116,4.4687614717986435e-05,26.0,484,
,34434,,,,,,,,484,0.02969999797642231
9.999999999999994e-05,34449,,,,,,,,,
9.999999999999994e-05,34449,,,,,,,,,
9.999999999999994e-05,34449,,,,,,,,,
,34449,0.005917842965573072,0.00051879818784073,0.004278538748621941,0.0006377325626090169,0.00047721085138618946,5.5625041568418965e-06,26.0,485,
9.999999999999994e-05,34499,,,,,,,,,
9.999999999999994e-05,34499,,,,,,,,,
9.999999999999994e-05,34499,,,,,,,,,
,34499,0.005313767120242119,0.0006233167368918657,0.0032555090729147196,0.0007806053617969155,0.0006509720697067678,3.363820496815606e-06,26.0,485,
,34505,,,,,,,,485,0.029726259410381317
9.999999999999994e-05,34549,,,,,,,,,
9.999999999999994e-05,34549,,,,,,,,,
9.999999999999994e-05,34549,,,,,,,,,
,34549,0.005022624973207712,0.0005404472467489541,0.0030304735992103815,0.000730734143871814,0.0007158296066336334,5.140659595781472e-06,26.0,486,
,34576,,,,,,,,486,0.0278472863137722
9.999999999999994e-05,34599,,,,,,,,,
9.999999999999994e-05,34599,,,,,,,,,
9.999999999999994e-05,34599,,,,,,,,,
,34599,0.0026480986271053553,6.809638580307364e-05,0.00146220694296062,0.0006778146489523351,0.00043309066677466035,6.889969881740399e-06,26.0,487,
,34647,,,,,,,,487,0.02836293913424015
9.999999999999994e-05,34649,,,,,,,,,
9.999999999999994e-05,34649,,,,,,,,,
9.999999999999994e-05,34649,,,,,,,,,
,34649,0.003652529325336218,0.0005794053431600332,0.0020273798145353794,0.0005709154065698385,0.00047021094360388815,4.617626473191194e-06,26.0,488,
9.999999999999994e-05,34699,,,,,,,,,
9.999999999999994e-05,34699,,,,,,,,,
9.999999999999994e-05,34699,,,,,,,,,
,34699,0.0023842223454266787,0.00030247861286625266,0.0014397867489606142,0.00035904120886698365,0.00027992360992357135,2.9922018711658893e-06,26.0,488,
,34718,,,,,,,,488,0.02757331170141697
9.999999999999994e-05,34749,,,,,,,,,
9.999999999999994e-05,34749,,,,,,,,,
9.999999999999994e-05,34749,,,,,,,,,
,34749,0.003330378793179989,0.0004528884601313621,0.0020146584138274193,0.000531277502886951,0.0003266813000664115,4.873205853073159e-06,26.0,489,
,34789,,,,,,,,489,0.028374023735523224
9.999999999999994e-05,34799,,,,,,,,,
9.999999999999994e-05,34799,,,,,,,,,
9.999999999999994e-05,34799,,,,,,,,,
,34799,0.006546026561409235,0.0007195842335931957,0.004398449324071407,0.0007689063204452395,0.0006548983510583639,4.188811544736382e-06,26.0,490,
9.999999999999994e-05,34849,,,,,,,,,
9.999999999999994e-05,34849,,,,,,,,,
9.999999999999994e-05,34849,,,,,,,,,
,34849,0.0038868056144565344,0.0004580893728416413,0.002539816778153181,0.0005223766202107072,0.0003630834398791194,3.4391891858831514e-06,26.0,490,
,34860,,,,,,,,490,0.03013881854712963
9.999999999999994e-05,34899,,,,,,,,,
9.999999999999994e-05,34899,,,,,,,,,
9.999999999999994e-05,34899,,,,,,,,,
,34899,0.0062666903249919415,0.00024303788086399436,0.004900717176496983,0.0006644830573350191,0.0004528400022536516,5.612523636955302e-06,26.0,491,
,34931,,,,,,,,491,0.02776367962360382
9.999999999999994e-05,34949,,,,,,,,,
9.999999999999994e-05,34949,,,,,,,,,
9.999999999999994e-05,34949,,,,,,,,,
,34949,0.004496328067034483,0.00022335797257255763,0.0033427446614950895,0.0005480700056068599,0.0003774472570512444,4.7082698984013405e-06,26.0,492,
9.999999999999994e-05,34999,,,,,,,,,
9.999999999999994e-05,34999,,,,,,,,,
9.999999999999994e-05,34999,,,,,,,,,
,34999,0.003571082605049014,0.00033729022834450006,0.0023990790359675884,0.0004884725203737617,0.0003418225678615272,4.418121534399688e-06,26.0,492,
,35002,,,,,,,,492,0.02840275503695011
9.999999999999994e-05,35049,,,,,,,,,
9.999999999999994e-05,35049,,,,,,,,,
9.999999999999994e-05,35049,,,,,,,,,
,35049,0.004324428737163544,0.0002546891337260604,0.0028649349696934223,0.0005812591989524662,0.0006192729342728853,4.272264504834311e-06,26.0,493,
,35073,,,,,,,,493,0.028902096673846245
9.999999999999994e-05,35099,,,,,,,,,
9.999999999999994e-05,35099,,,,,,,,,
9.999999999999994e-05,35099,,,,,,,,,
,35099,0.0038466500118374825,0.0006223925738595426,0.0018911004299297929,0.0007674440275877714,0.0005601916927844286,5.521364528249251e-06,26.0,494,
,35144,,,,,,,,494,0.027709275484085083
9.999999999999994e-05,35149,,,,,,,,,
9.999999999999994e-05,35149,,,,,,,,,
9.999999999999994e-05,35149,,,,,,,,,
,35149,0.005156944040209055,0.0006674619507975876,0.002698405645787716,0.0008744157967157662,0.0009111445397138596,5.516066721611423e-06,26.0,495,
9.999999999999994e-05,35199,,,,,,,,,
9.999999999999994e-05,35199,,,,,,,,,
9.999999999999994e-05,35199,,,,,,,,,
,35199,0.005993556696921587,0.0006914309924468398,0.004056036472320557,0.0007104047108441591,0.0005290101980790496,6.673993539152434e-06,26.0,495,
,35215,,,,,,,,495,0.029332991689443588
9.999999999999994e-05,35249,,,,,,,,,
9.999999999999994e-05,35249,,,,,,,,,
9.999999999999994e-05,35249,,,,,,,,,
,35249,0.002873762510716915,0.00013954582391306758,0.0016613710904493928,0.0006350846961140633,0.0004133744223508984,2.4386461518588476e-05,26.0,496,
,35286,,,,,,,,496,0.02736201509833336
9.999999999999994e-05,35299,,,,,,,,,
9.999999999999994e-05,35299,,,,,,,,,
9.999999999999994e-05,35299,,,,,,,,,
,35299,0.004029292147606611,0.00045404763659462333,0.0026093318592756987,0.0005106710596010089,0.0003773091593757272,7.79325928306207e-05,26.0,497,
9.999999999999994e-05,35349,,,,,,,,,
9.999999999999994e-05,35349,,,,,,,,,
9.999999999999994e-05,35349,,,,,,,,,
,35349,0.004631673917174339,0.0001680677232798189,0.002590819727629423,0.0010601485846564174,0.0007063776138238609,0.00010626056609908119,26.0,497,
,35357,,,,,,,,497,0.028237611055374146
9.999999999999994e-05,35399,,,,,,,,,
9.999999999999994e-05,35399,,,,,,,,,
9.999999999999994e-05,35399,,,,,,,,,
,35399,0.006033147219568491,0.0008488431922160089,0.0035827173851430416,0.0008467776933684945,0.0007386715151369572,1.6137615602929145e-05,26.0,498,
,35428,,,,,,,,498,0.029850585386157036
9.999999999999994e-05,35449,,,,,,,,,
9.999999999999994e-05,35449,,,,,,,,,
9.999999999999994e-05,35449,,,,,,,,,
,35449,0.007562029641121626,0.00119117577560246,0.0042062848806381226,0.0011052039917558432,0.001052378211170435,6.9865832301729824e-06,26.0,499,
9.999999999999994e-05,35499,,,,,,,,,
,35499,0.005487304646521807,0.0009568358073011041,0.00281521980650723,0.0009009185014292598,0.0008101338753476739,4.1964303818531334e-06,26.0,499,
,35499,,,,,,,,499,0.02879328839480877
9.999999999999994e-05,35549,,,,,,,,,
9.999999999999994e-05,35549,,,,,,,,,
9.999999999999994e-05,35549,,,,,,,,,
,35549,0.004070678725838661,0.00022635483765043318,0.00270759011618793,0.0006765694124624133,0.0004548842553049326,5.279819106362993e-06,26.0,500,
,35570,,,,,,,,500,0.028115535154938698
9.999999999999994e-05,35599,,,,,,,,,
9.999999999999994e-05,35599,,,,,,,,,
9.999999999999994e-05,35599,,,,,,,,,
,35599,0.005564878229051828,0.0014536763774231076,0.002995885442942381,0.0006417638505809009,0.0004695738898590207,3.978888798883418e-06,26.0,501,
,35641,,,,,,,,501,0.027966968715190887
9.999999999999994e-05,35649,,,,,,,,,
9.999999999999994e-05,35649,,,,,,,,,
9.999999999999994e-05,35649,,,,,,,,,
,35649,0.004608567804098129,0.0003265176201239228,0.0031909451354295015,0.0005828700959682465,0.0005044388235546649,3.7959107430651784e-06,26.0,502,
9.999999999999994e-05,35699,,,,,,,,,
9.999999999999994e-05,35699,,,,,,,,,
9.999999999999994e-05,35699,,,,,,,,,
,35699,0.0034407370258122683,0.00044380180770531297,0.002297367434948683,0.0003999065374955535,0.00029595117666758597,3.709983730004751e-06,26.0,502,
,35712,,,,,,,,502,0.026728099212050438
9.999999999999994e-05,35749,,,,,,,,,
9.999999999999994e-05,35749,,,,,,,,,
9.999999999999994e-05,35749,,,,,,,,,
,35749,0.00373411295004189,0.0006048478535376489,0.0021835071966052055,0.0005601126467809081,0.0003809762420132756,4.6689415285072755e-06,26.0,503,
,35783,,,,,,,,503,0.027663350105285645
9.999999999999994e-05,35799,,,,,,,,,
9.999999999999994e-05,35799,,,,,,,,,
9.999999999999994e-05,35799,,,,,,,,,
,35799,0.00260540540330112,0.00016306911129504442,0.0018705197144299746,0.0003487482317723334,0.00021968747023493052,3.380944008313236e-06,26.0,504,
9.999999999999994e-05,35849,,,,,,,,,
9.999999999999994e-05,35849,,,,,,,,,
9.999999999999994e-05,35849,,,,,,,,,
,35849,0.003150882665067911,0.0004990250454284251,0.0016868780367076397,0.0005562666337937117,0.00040516708395443857,3.545910431057564e-06,26.0,504,
,35854,,,,,,,,504,0.027664633467793465
9.999999999999994e-05,35899,,,,,,,,,
9.999999999999994e-05,35899,,,,,,,,,
9.999999999999994e-05,35899,,,,,,,,,
,35899,0.021723782643675804,0.017102759331464767,0.0034000221639871597,0.0006176077295094728,0.0005999442073516548,3.447777999099344e-06,27.0,505,
,35925,,,,,,,,505,0.02956884540617466
9.999999999999994e-05,35949,,,,,,,,,
9.999999999999994e-05,35949,,,,,,,,,
9.999999999999994e-05,35949,,,,,,,,,
,35949,0.005388945806771517,0.00042007211595773697,0.0040705581195652485,0.00047276372788473964,0.00042128993663936853,4.261967205820838e-06,27.0,506,
,35996,,,,,,,,506,0.029968081042170525
9.999999999999994e-05,35999,,,,,,,,,
9.999999999999994e-05,35999,,,,,,,,,
9.999999999999994e-05,35999,,,,,,,,,
,35999,0.004168644081801176,0.0005909696337766945,0.00240148464217782,0.0006641318323090672,0.0005073230131529272,4.734748472401407e-06,27.0,507,
9.999999999999994e-05,36049,,,,,,,,,
9.999999999999994e-05,36049,,,,,,,,,
9.999999999999994e-05,36049,,,,,,,,,
,36049,0.0034051020629704,0.00019947120745200664,0.0022084093652665615,0.0005830618320032954,0.0004087592242285609,5.400367172114784e-06,27.0,507,
,36067,,,,,,,,507,0.026761991903185844
9.999999999999994e-05,36099,,,,,,,,,
9.999999999999994e-05,36099,,,,,,,,,
9.999999999999994e-05,36099,,,,,,,,,
,36099,0.0025704235304147005,7.57270900066942e-05,0.0016351479571312666,0.00044855952728539705,0.00040646360139362514,4.525237272900995e-06,27.0,508,
,36138,,,,,,,,508,0.028744859620928764
9.999999999999994e-05,36149,,,,,,,,,
9.999999999999994e-05,36149,,,,,,,,,
9.999999999999994e-05,36149,,,,,,,,,
,36149,0.0030792050529271364,0.00023070050519891083,0.0018243507947772741,0.0005543427541851997,0.0004665096348617226,3.301235665276181e-06,27.0,509,
9.999999999999994e-05,36199,,,,,,,,,
9.999999999999994e-05,36199,,,,,,,,,
9.999999999999994e-05,36199,,,,,,,,,
,36199,0.0033930810168385506,0.00034719507675617933,0.002144810976460576,0.0005052026826888323,0.000392506190109998,3.3662809073575772e-06,27.0,509,
,36209,,,,,,,,509,0.02946668118238449
9.999999999999994e-05,36249,,,,,,,,,
9.999999999999994e-05,36249,,,,,,,,,
9.999999999999994e-05,36249,,,,,,,,,
,36249,0.003148087067529559,0.00036585258203558624,0.002018971834331751,0.0004383075574878603,0.0003214675234630704,3.487647518340964e-06,27.0,510,
,36280,,,,,,,,510,0.027947407215833664
9.999999999999994e-05,36299,,,,,,,,,
9.999999999999994e-05,36299,,,,,,,,,
9.999999999999994e-05,36299,,,,,,,,,
,36299,0.002493887906894088,0.0004532424791250378,0.0015534530393779278,0.0002541778376325965,0.00022976630134508014,3.247887207180611e-06,27.0,511,
9.999999999999994e-05,36349,,,,,,,,,
9.999999999999994e-05,36349,,,,,,,,,
9.999999999999994e-05,36349,,,,,,,,,
,36349,0.0036649946123361588,0.00018248058040626347,0.002177123911678791,0.0007877300959080458,0.0005114969098940492,6.163024863781175e-06,27.0,511,
,36351,,,,,,,,511,0.02936847135424614
9.999999999999994e-05,36399,,,,,,,,,
9.999999999999994e-05,36399,,,,,,,,,
9.999999999999994e-05,36399,,,,,,,,,
,36399,0.004747034050524235,0.000490412232466042,0.0030844532884657383,0.0006771113839931786,0.0004895036108791828,5.553569280891679e-06,27.0,512,
,36422,,,,,,,,512,0.02830253541469574
9.999999999999994e-05,36449,,,,,,,,,
9.999999999999994e-05,36449,,,,,,,,,
9.999999999999994e-05,36449,,,,,,,,,
,36449,0.004537550266832113,0.0004957739147357643,0.0028977985493838787,0.0006709999870508909,0.00046870223013684154,4.275650553609012e-06,27.0,513,
,36493,,,,,,,,513,0.027498621493577957
9.999999999999994e-05,36499,,,,,,,,,
9.999999999999994e-05,36499,,,,,,,,,
9.999999999999994e-05,36499,,,,,,,,,
,36499,0.0041581811383366585,0.0005794663447886705,0.0024428656324744225,0.000641734222881496,0.0004874857550021261,6.629123618040467e-06,27.0,514,
9.999999999999994e-05,36549,,,,,,,,,
9.999999999999994e-05,36549,,,,,,,,,
9.999999999999994e-05,36549,,,,,,,,,
,36549,0.0037809479981660843,0.0004238855908624828,0.002454095520079136,0.00046843080781400204,0.00042260560439899564,1.1930362234124914e-05,27.0,514,
,36564,,,,,,,,514,0.027468634769320488
9.999999999999994e-05,36599,,,,,,,,,
9.999999999999994e-05,36599,,,,,,,,,
9.999999999999994e-05,36599,,,,,,,,,
,36599,0.003067895071581006,0.0001416641753166914,0.0021051401272416115,0.0004587511357385665,0.0003566141822375357,5.725474693463184e-06,27.0,515,
,36635,,,,,,,,515,0.028253715485334396
9.999999999999994e-05,36649,,,,,,,,,
9.999999999999994e-05,36649,,,,,,,,,
9.999999999999994e-05,36649,,,,,,,,,
,36649,0.0038377970922738314,0.00018936864216811955,0.002246944699436426,0.0007370795356109738,0.0006174428854137659,4.69615806650836e-05,27.0,516,
9.999999999999994e-05,36699,,,,,,,,,
9.999999999999994e-05,36699,,,,,,,,,
9.999999999999994e-05,36699,,,,,,,,,
,36699,0.005883865989744663,0.0006291354075074196,0.004194777458906174,0.0006055565318092704,0.00044455219176597893,9.843938642006833e-06,27.0,516,
,36706,,,,,,,,516,0.028545983135700226
9.999999999999994e-05,36749,,,,,,,,,
9.999999999999994e-05,36749,,,,,,,,,
9.999999999999994e-05,36749,,,,,,,,,
,36749,0.006863354239612818,0.0009655611356720328,0.0038408860564231873,0.0011448533041402698,0.0008728653192520142,3.9188067603390664e-05,27.0,517,
,36777,,,,,,,,517,0.027744226157665253
9.999999999999994e-05,36799,,,,,,,,,
9.999999999999994e-05,36799,,,,,,,,,
9.999999999999994e-05,36799,,,,,,,,,
,36799,0.004398231860250235,0.000633419316727668,0.002513126004487276,0.0006934987031854689,0.0005533546209335327,4.8330316531064454e-06,27.0,518,
,36848,,,,,,,,518,0.02771134488284588
9.999999999999994e-05,36849,,,,,,,,,
9.999999999999994e-05,36849,,,,,,,,,
9.999999999999994e-05,36849,,,,,,,,,
,36849,0.004445347469300032,0.00037767941830679774,0.00292410422116518,0.0005820979131385684,0.0005007617874071002,6.070390372769907e-05,27.0,519,
9.999999999999994e-05,36899,,,,,,,,,
9.999999999999994e-05,36899,,,,,,,,,
9.999999999999994e-05,36899,,,,,,,,,
,36899,0.006849026773124933,0.0004024318768642843,0.0045593599788844585,0.0008912095800042152,0.0007218521204777062,0.00027417310047894716,27.0,519,
,36919,,,,,,,,519,0.027843886986374855
9.999999999999994e-05,36949,,,,,,,,,
9.999999999999994e-05,36949,,,,,,,,,
9.999999999999994e-05,36949,,,,,,,,,
,36949,0.005941042676568031,0.0004684474552050233,0.00466095469892025,0.0004503458912950009,0.00034203840186819434,1.925670585478656e-05,27.0,520,
,36990,,,,,,,,520,0.028759844601154327
9.999999999999994e-05,36999,,,,,,,,,
9.999999999999994e-05,36999,,,,,,,,,
9.999999999999994e-05,36999,,,,,,,,,
,36999,0.002827208489179611,0.00030539161525666714,0.002004380105063319,0.0002958678232971579,0.0002176841371692717,3.884721536451252e-06,27.0,521,
9.999999999999994e-05,37049,,,,,,,,,
9.999999999999994e-05,37049,,,,,,,,,
9.999999999999994e-05,37049,,,,,,,,,
,37049,0.005686604417860508,0.0007334820693358779,0.003625046694651246,0.0007852418348193169,0.000537339597940445,5.494419838214526e-06,27.0,521,
,37061,,,,,,,,521,0.028105231001973152
9.999999999999994e-05,37099,,,,,,,,,
9.999999999999994e-05,37099,,,,,,,,,
9.999999999999994e-05,37099,,,,,,,,,
,37099,0.004632518161088228,0.0007338172290474176,0.002440227195620537,0.0007963323732838035,0.0006558145396411419,6.326798484224128e-06,27.0,522,
,37132,,,,,,,,522,0.028956446796655655
9.999999999999994e-05,37149,,,,,,,,,
9.999999999999994e-05,37149,,,,,,,,,
9.999999999999994e-05,37149,,,,,,,,,
,37149,0.004651238210499287,0.00036678591277450323,0.003477030899375677,0.0004504051757976413,0.00035322457551956177,3.791577228184906e-06,27.0,523,
9.999999999999994e-05,37199,,,,,,,,,
9.999999999999994e-05,37199,,,,,,,,,
9.999999999999994e-05,37199,,,,,,,,,
,37199,0.0064230975694954395,0.0005145255126990378,0.0044738613069057465,0.0007815139833837748,0.0006499866722151637,3.210023578503751e-06,27.0,523,
,37203,,,,,,,,523,0.028491558507084846
9.999999999999994e-05,37249,,,,,,,,,
9.999999999999994e-05,37249,,,,,,,,,
9.999999999999994e-05,37249,,,,,,,,,
,37249,0.0028169467113912106,0.0001007453611236997,0.0018428280018270016,0.0005185247864574194,0.00035056681372225285,4.281798283045646e-06,27.0,524,
,37274,,,,,,,,524,0.030573545023798943
9.999999999999994e-05,37299,,,,,,,,,
9.999999999999994e-05,37299,,,,,,,,,
9.999999999999994e-05,37299,,,,,,,,,
,37299,0.004477668087929487,0.0002628082293085754,0.003679557703435421,0.0003106654912699014,0.00022130092838779092,3.3359242479491513e-06,27.0,525,
,37345,,,,,,,,525,0.02858436293900013
9.999999999999994e-05,37349,,,,,,,,,
9.999999999999994e-05,37349,,,,,,,,,
9.999999999999994e-05,37349,,,,,,,,,
,37349,0.004074223805218935,0.00047176500083878636,0.0026494746562093496,0.0005532535724341869,0.0003956903237849474,4.040437943331199e-06,27.0,526,
9.999999999999994e-05,37399,,,,,,,,,
9.999999999999994e-05,37399,,,,,,,,,
9.999999999999994e-05,37399,,,,,,,,,
,37399,0.003416017396375537,0.0002290401898790151,0.0020258568692952394,0.0006936689605936408,0.0004634552460629493,3.996343821199844e-06,27.0,526,
,37416,,,,,,,,526,0.028067396953701973
9.999999999999994e-05,37449,,,,,,,,,
9.999999999999994e-05,37449,,,,,,,,,
9.999999999999994e-05,37449,,,,,,,,,
,37449,0.0038321809843182564,0.0006850431091152132,0.0020802184008061886,0.0005786207620985806,0.00048458081437274814,3.717784693435533e-06,27.0,527,
,37487,,,,,,,,527,0.02792496234178543
9.999999999999994e-05,37499,,,,,,,,,
9.999999999999994e-05,37499,,,,,,,,,
9.999999999999994e-05,37499,,,,,,,,,
,37499,0.003374905791133642,0.0002632680698297918,0.00254051573574543,0.0003273115726187825,0.0002413518523098901,2.4587086500105215e-06,27.0,528,
9.999999999999994e-05,37549,,,,,,,,,
9.999999999999994e-05,37549,,,,,,,,,
9.999999999999994e-05,37549,,,,,,,,,
,37549,0.002607926493510604,7.10816093487665e-05,0.0018316542264074087,0.00042373075848445296,0.0002780777576845139,3.3821856959548313e-06,27.0,528,
,37558,,,,,,,,528,0.027855554595589638
9.999999999999994e-05,37599,,,,,,,,,
9.999999999999994e-05,37599,,,,,,,,,
9.999999999999994e-05,37599,,,,,,,,,
,37599,0.004721958190202713,9.404151933267713e-05,0.0027441305574029684,0.0009649125277064741,0.0009130275575444102,5.845741725352127e-06,27.0,529,
,37629,,,,,,,,529,0.027675610035657883
9.999999999999994e-05,37649,,,,,,,,,
9.999999999999994e-05,37649,,,,,,,,,
9.999999999999994e-05,37649,,,,,,,,,
,37649,0.003256088588386774,0.0006256232154555619,0.0018723480170592666,0.00045393058098852634,0.0003011749067809433,3.0119306302367477e-06,27.0,530,
9.999999999999994e-05,37699,,,,,,,,,
9.999999999999994e-05,37699,,,,,,,,,
9.999999999999994e-05,37699,,,,,,,,,
,37699,0.007201516069471836,0.0005800553481094539,0.004723687190562487,0.000895039876922965,0.000994018162600696,8.715463081898633e-06,27.0,530,
,37700,,,,,,,,530,0.028189759701490402
9.999999999999994e-05,37749,,,,,,,,,
9.999999999999994e-05,37749,,,,,,,,,
9.999999999999994e-05,37749,,,,,,,,,
,37749,0.003416093997657299,0.00019740956486202776,0.0023727177176624537,0.00047623441787436604,0.00036498834379017353,4.743996214529034e-06,27.0,531,
,37771,,,,,,,,531,0.027462691068649292
9.999999999999994e-05,37799,,,,,,,,,
9.999999999999994e-05,37799,,,,,,,,,
9.999999999999994e-05,37799,,,,,,,,,
,37799,0.004068978130817413,0.0007488073315471411,0.0020126146264374256,0.0006825405289418995,0.0004436466551851481,0.00018136907601729035,27.0,532,
,37842,,,,,,,,532,0.028027722612023354
9.999999999999994e-05,37849,,,,,,,,,
9.999999999999994e-05,37849,,,,,,,,,
9.999999999999994e-05,37849,,,,,,,,,
,37849,0.00460903812199831,0.0005704594077542424,0.002664081286638975,0.0007535823970101774,0.0005832875613123178,3.7627469282597303e-05,27.0,533,
9.999999999999994e-05,37899,,,,,,,,,
9.999999999999994e-05,37899,,,,,,,,,
9.999999999999994e-05,37899,,,,,,,,,
,37899,0.004394087940454483,0.0004539824149105698,0.003022393211722374,0.0004933974123559892,0.00041943154064938426,4.883253041043645e-06,27.0,533,
,37913,,,,,,,,533,0.026639722287654877
9.999999999999994e-05,37949,,,,,,,,,
9.999999999999994e-05,37949,,,,,,,,,
9.999999999999994e-05,37949,,,,,,,,,
,37949,0.004175908863544464,0.0007553132018074393,0.002705514430999756,0.0004203367861919105,0.0002890399191528559,5.704218438040698e-06,27.0,534,
,37984,,,,,,,,534,0.027314217761158943
9.999999999999994e-05,37999,,,,,,,,,
9.999999999999994e-05,37999,,,,,,,,,
9.999999999999994e-05,37999,,,,,,,,,
,37999,0.0042949216440320015,0.0004279342829249799,0.0031157084740698338,0.00044832524145022035,0.0002986371982842684,4.316471404308686e-06,27.0,535,
9.999999999999994e-05,38049,,,,,,,,,
9.999999999999994e-05,38049,,,,,,,,,
9.999999999999994e-05,38049,,,,,,,,,
,38049,0.005095746833831072,0.0003731607866939157,0.003846930107101798,0.0004909175913780928,0.0003824738960247487,2.2644899217993952e-06,27.0,535,
,38055,,,,,,,,535,0.027581559494137764
9.999999999999994e-05,38099,,,,,,,,,
9.999999999999994e-05,38099,,,,,,,,,
9.999999999999994e-05,38099,,,,,,,,,
,38099,0.004614411387592554,0.0006851907819509506,0.002582519082352519,0.0007393141277134418,0.0006036547129042447,3.7327708923839964e-06,27.0,536,
,38126,,,,,,,,536,0.027762597426772118
9.999999999999994e-05,38149,,,,,,,,,
9.999999999999994e-05,38149,,,,,,,,,
9.999999999999994e-05,38149,,,,,,,,,
,38149,0.003188611241057515,8.961651474237442e-05,0.00199736375361681,0.0006052450044080615,0.0004919088096357882,4.476984940993134e-06,27.0,537,
,38197,,,,,,,,537,0.028355160728096962
9.999999999999994e-05,38199,,,,,,,,,
9.999999999999994e-05,38199,,,,,,,,,
9.999999999999994e-05,38199,,,,,,,,,
,38199,0.0035314015112817287,0.0002766000689007342,0.002384001621976495,0.0005236503202468157,0.00034308203612454236,4.067626377945999e-06,27.0,538,
9.999999999999994e-05,38249,,,,,,,,,
9.999999999999994e-05,38249,,,,,,,,,
9.999999999999994e-05,38249,,,,,,,,,
,38249,0.003511537332087755,0.0003544114588294178,0.002204746939241886,0.0005253033014014363,0.00042304288945160806,4.032939614262432e-06,27.0,538,
,38268,,,,,,,,538,0.027906466275453568
9.999999999999994e-05,38299,,,,,,,,,
9.999999999999994e-05,38299,,,,,,,,,
9.999999999999994e-05,38299,,,,,,,,,
,38299,0.003773856209591031,0.0004218945396132767,0.0024646464735269547,0.0004871725686825812,0.00039547315100207925,4.669592271966394e-06,27.0,539,
,38339,,,,,,,,539,0.029319865629076958
9.999999999999994e-05,38349,,,,,,,,,
9.999999999999994e-05,38349,,,,,,,,,
9.999999999999994e-05,38349,,,,,,,,,
,38349,0.005683365743607283,0.0005040370160713792,0.004292059689760208,0.0005330812418833375,0.00035059882793575525,3.5894056509278016e-06,27.0,540,
9.999999999999994e-05,38399,,,,,,,,,
9.999999999999994e-05,38399,,,,,,,,,
9.999999999999994e-05,38399,,,,,,,,,
,38399,0.005215990822762251,0.00029480308876372874,0.004207327961921692,0.0004053032607771456,0.0002591139927972108,4.94422965857666e-05,27.0,540,
,38410,,,,,,,,540,0.028367450460791588
9.999999999999994e-05,38449,,,,,,,,,
9.999999999999994e-05,38449,,,,,,,,,
9.999999999999994e-05,38449,,,,,,,,,
,38449,0.008393676951527596,0.00041072681779041886,0.003078670706599951,0.0009406352182850242,0.0008732392452657223,0.003090404672548175,27.0,541,
,38481,,,,,,,,541,0.02784249745309353
9.999999999999994e-05,38499,,,,,,,,,
9.999999999999994e-05,38499,,,,,,,,,
9.999999999999994e-05,38499,,,,,,,,,
,38499,0.002072906820103526,0.00021203052892815322,0.0013025020016357303,0.00030871061608195305,0.00022182927932590246,2.7834359570988454e-05,27.0,542,
9.999999999999994e-05,38549,,,,,,,,,
9.999999999999994e-05,38549,,,,,,,,,
9.999999999999994e-05,38549,,,,,,,,,
,38549,0.004135428462177515,0.0004952660528942943,0.0024882410652935505,0.0005716172745451331,0.0005391330923885107,4.117067146580666e-05,27.0,542,
,38552,,,,,,,,542,0.027607474476099014
9.999999999999994e-05,38599,,,,,,,,,
9.999999999999994e-05,38599,,,,,,,,,
9.999999999999994e-05,38599,,,,,,,,,
,38599,0.0045193834230303764,0.00046876148553565145,0.0022831084206700325,0.0010197126539424062,0.0007410959806293249,6.704685802105814e-06,27.0,543,
,38623,,,,,,,,543,0.02754155732691288
9.999999999999994e-05,38649,,,,,,,,,
9.999999999999994e-05,38649,,,,,,,,,
9.999999999999994e-05,38649,,,,,,,,,
,38649,0.005282901227474213,0.001234512310475111,0.002194521715864539,0.0010778382420539856,0.0007700349087826908,5.994532784825424e-06,27.0,544,
,38694,,,,,,,,544,0.027903994545340538
9.999999999999994e-05,38699,,,,,,,,,
9.999999999999994e-05,38699,,,,,,,,,
9.999999999999994e-05,38699,,,,,,,,,
,38699,0.004347901325672865,0.000390183791751042,0.0031867031939327717,0.00042158353608101606,0.00034606337430886924,3.3675059967208654e-06,27.0,545,
9.999999999999994e-05,38749,,,,,,,,,
9.999999999999994e-05,38749,,,,,,,,,
9.999999999999994e-05,38749,,,,,,,,,
,38749,0.003841838100925088,0.0005255622090771794,0.00235511502251029,0.0005277531454339623,0.0004290197975933552,4.3882459976885e-06,27.0,545,
,38765,,,,,,,,545,0.02796367183327675
9.999999999999994e-05,38799,,,,,,,,,
9.999999999999994e-05,38799,,,,,,,,,
9.999999999999994e-05,38799,,,,,,,,,
,38799,0.005196832120418549,0.0001220298872794956,0.004294286482036114,0.0004528260906226933,0.00032413279404863715,3.556830051820725e-06,27.0,546,
,38836,,,,,,,,546,0.02718256041407585
9.999999999999994e-05,38849,,,,,,,,,
9.999999999999994e-05,38849,,,,,,,,,
9.999999999999994e-05,38849,,,,,,,,,
,38849,0.005568493623286486,0.001008533639833331,0.0030464758165180683,0.0008277869783341885,0.0006816730601713061,4.024143891001586e-06,28.0,547,
9.999999999999994e-05,38899,,,,,,,,,
9.999999999999994e-05,38899,,,,,,,,,
9.999999999999994e-05,38899,,,,,,,,,
,38899,0.0031913595739752054,0.00038746887003071606,0.0016276973765343428,0.0006129192188382149,0.00056027143727988,3.0028957098693354e-06,28.0,547,
,38907,,,,,,,,547,0.02782473713159561
9.999999999999994e-05,38949,,,,,,,,,
9.999999999999994e-05,38949,,,,,,,,,
9.999999999999994e-05,38949,,,,,,,,,
,38949,0.003972907084971666,0.00045444289571605623,0.0024784011766314507,0.0005696677253581583,0.00046764302533119917,2.752528644123231e-06,28.0,548,
,38978,,,,,,,,548,0.029336417093873024
9.999999999999994e-05,38999,,,,,,,,,
9.999999999999994e-05,38999,,,,,,,,,
9.999999999999994e-05,38999,,,,,,,,,
,38999,0.005239513702690601,0.0008707646047696471,0.003186003537848592,0.0006727331783622503,0.0005059270188212395,4.08548430641531e-06,28.0,549,
9.999999999999994e-05,39049,,,,,,,,,
,39049,0.0031054026912897825,0.00040672888280823827,0.0016858871094882488,0.0005541548598557711,0.0004553078324533999,3.3241587971133413e-06,28.0,549,
,39049,,,,,,,,549,0.02889840491116047
9.999999999999994e-05,39099,,,,,,,,,
9.999999999999994e-05,39099,,,,,,,,,
9.999999999999994e-05,39099,,,,,,,,,
,39099,0.005262002348899841,0.00014669334632344544,0.0025931389536708593,0.0013433040585368872,0.0011734996223822236,5.366865025280276e-06,28.0,550,
,39120,,,,,,,,550,0.027761338278651237
9.999999999999994e-05,39149,,,,,,,,,
9.999999999999994e-05,39149,,,,,,,,,
9.999999999999994e-05,39149,,,,,,,,,
,39149,0.004627508576959372,0.0011786401737481356,0.002635885728523135,0.0004477492184378207,0.00036228977842256427,2.9440680009429343e-06,28.0,551,
,39191,,,,,,,,551,0.027475055307149887
9.999999999999994e-05,39199,,,,,,,,,
9.999999999999994e-05,39199,,,,,,,,,
9.999999999999994e-05,39199,,,,,,,,,
,39199,0.0043525355868041515,0.0007022173376753926,0.002286687260493636,0.0007644613506272435,0.0005946248420514166,4.544874627754325e-06,28.0,552,
9.999999999999994e-05,39249,,,,,,,,,
9.999999999999994e-05,39249,,,,,,,,,
9.999999999999994e-05,39249,,,,,,,,,
,39249,0.002538451226428151,0.000495531246997416,0.0012118190061300993,0.0004357701982371509,0.00038847385440021753,6.8570111579902004e-06,28.0,552,
,39262,,,,,,,,552,0.028305521234869957
9.999999999999994e-05,39299,,,,,,,,,
9.999999999999994e-05,39299,,,,,,,,,
9.999999999999994e-05,39299,,,,,,,,,
,39299,0.002312739146873355,7.887435640441254e-05,0.0016075001331046224,0.0003456615377217531,0.0002783532254397869,2.3499751478084363e-06,28.0,553,
,39333,,,,,,,,553,0.030028939247131348
9.999999999999994e-05,39349,,,,,,,,,
9.999999999999994e-05,39349,,,,,,,,,
9.999999999999994e-05,39349,,,,,,,,,
,39349,0.0037575995083898306,0.00014950755576137453,0.002765481825917959,0.0004934222670271993,0.00034532553399913013,3.862312041746918e-06,28.0,554,
9.999999999999994e-05,39399,,,,,,,,,
9.999999999999994e-05,39399,,,,,,,,,
9.999999999999994e-05,39399,,,,,,,,,
,39399,0.003686057636514306,0.00026946532307192683,0.0026336158625781536,0.0004349476657807827,0.00034598950878717005,2.039237415374373e-06,28.0,554,
,39404,,,,,,,,554,0.02696998044848442
9.999999999999994e-05,39449,,,,,,,,,
9.999999999999994e-05,39449,,,,,,,,,
9.999999999999994e-05,39449,,,,,,,,,
,39449,0.0042899372056126595,0.00046865525655448437,0.003042447380721569,0.00044321760651655495,0.0003323920245748013,3.2253774406854063e-06,28.0,555,
,39475,,,,,,,,555,0.02848556451499462
9.999999999999994e-05,39499,,,,,,,,,
9.999999999999994e-05,39499,,,,,,,,,
9.999999999999994e-05,39499,,,,,,,,,
,39499,0.004582608118653297,0.0006102106999605894,0.0028138260822743177,0.0006358899408951402,0.0005200572777539492,2.624555008878815e-06,28.0,556,
,39546,,,,,,,,556,0.02802245318889618
9.999999999999994e-05,39549,,,,,,,,,
9.999999999999994e-05,39549,,,,,,,,,
9.999999999999994e-05,39549,,,,,,,,,
,39549,0.007191793527454138,0.0007881537894718349,0.0050308117642998695,0.0007698967820033431,0.0005999446148052812,2.9869715945096686e-06,28.0,557,
9.999999999999994e-05,39599,,,,,,,,,
9.999999999999994e-05,39599,,,,,,,,,
9.999999999999994e-05,39599,,,,,,,,,
,39599,0.006920476909726858,0.0025234073400497437,0.0033828108571469784,0.0005584488972090185,0.0004526432603597641,3.1664646940043895e-06,28.0,557,
,39617,,,,,,,,557,0.02785307541489601
9.999999999999994e-05,39649,,,,,,,,,
9.999999999999994e-05,39649,,,,,,,,,
9.999999999999994e-05,39649,,,,,,,,,
,39649,0.0033552711829543114,7.886362436693162e-05,0.0025041529443114996,0.0004864794609602541,0.00028220214881002903,3.5729560750041855e-06,28.0,558,
,39688,,,,,,,,558,0.028754407539963722
9.999999999999994e-05,39699,,,,,,,,,
9.999999999999994e-05,39699,,,,,,,,,
9.999999999999994e-05,39699,,,,,,,,,
,39699,0.009260210208594799,0.00011498430103529245,0.008218994364142418,0.0004948677378706634,0.0003925213823094964,3.8842892536194995e-05,28.0,559,
9.999999999999994e-05,39749,,,,,,,,,
9.999999999999994e-05,39749,,,,,,,,,
9.999999999999994e-05,39749,,,,,,,,,
,39749,0.003937757574021816,0.0005310298874974251,0.0023355556186288595,0.000592081225477159,0.00038390414556488395,9.518691513221711e-05,28.0,559,
,39759,,,,,,,,559,0.027759389951825142
9.999999999999994e-05,39799,,,,,,,,,
9.999999999999994e-05,39799,,,,,,,,,
9.999999999999994e-05,39799,,,,,,,,,
,39799,0.004895196296274662,0.0005185990012250841,0.003273911774158478,0.0006377189420163631,0.0004434286674950272,2.1537560314754955e-05,28.0,560,
,39830,,,,,,,,560,0.02859065867960453
9.999999999999994e-05,39849,,,,,,,,,
9.999999999999994e-05,39849,,,,,,,,,
9.999999999999994e-05,39849,,,,,,,,,
,39849,0.008487868122756481,0.0009233843884430826,0.005788479465991259,0.0009008942870423198,0.0008046114235185087,7.04983904142864e-05,28.0,561,
9.999999999999994e-05,39899,,,,,,,,,
9.999999999999994e-05,39899,,,,,,,,,
9.999999999999994e-05,39899,,,,,,,,,
,39899,0.00996785145252943,0.0019755284301936626,0.007220780942589045,0.00045378293725661933,0.0003113474522251636,6.411167760234093e-06,28.0,561,
,39901,,,,,,,,561,0.02700590342283249
9.999999999999994e-05,39949,,,,,,,,,
9.999999999999994e-05,39949,,,,,,,,,
9.999999999999994e-05,39949,,,,,,,,,
,39949,0.0035191639326512814,0.0009133620769716799,0.0016318485140800476,0.0005437276558950543,0.0004268368938937783,3.3891399198182626e-06,28.0,562,
,39972,,,,,,,,562,0.026594724506139755
9.999999999999994e-05,39999,,,,,,,,,
9.999999999999994e-05,39999,,,,,,,,,
9.999999999999994e-05,39999,,,,,,,,,
,39999,0.004924883134663105,0.0006847656331956387,0.0029706712812185287,0.000750565028283745,0.0005125920870341361,6.289165412454167e-06,28.0,563,
,40043,,,,,,,,563,0.027902571484446526
9.999999999999994e-05,40049,,,,,,,,,
9.999999999999994e-05,40049,,,,,,,,,
9.999999999999994e-05,40049,,,,,,,,,
,40049,0.0024980041198432446,0.0003920978051610291,0.0013488121330738068,0.00043285309220664203,0.00032170568010769784,2.535599378461484e-06,28.0,564,
9.999999999999994e-05,40099,,,,,,,,,
9.999999999999994e-05,40099,,,,,,,,,
9.999999999999994e-05,40099,,,,,,,,,
,40099,0.0029968982562422752,0.0007610858883708715,0.0013562269741669297,0.0005223141051828861,0.00035349384415894747,3.777441861529951e-06,28.0,564,
,40114,,,,,,,,564,0.0274475309997797
9.999999999999994e-05,40149,,,,,,,,,
9.999999999999994e-05,40149,,,,,,,,,
9.999999999999994e-05,40149,,,,,,,,,
,40149,0.002989842090755701,0.00019329055794514716,0.0020607763435691595,0.0003406964533496648,0.00028847510111518204,0.00010660351108526811,28.0,565,
,40185,,,,,,,,565,0.03001074120402336
9.999999999999994e-05,40199,,,,,,,,,
9.999999999999994e-05,40199,,,,,,,,,
9.999999999999994e-05,40199,,,,,,,,,
,40199,0.004166219849139452,0.00012740862439386547,0.003058292903006077,0.0005398525972850621,0.00038247043266892433,5.8195255405735224e-05,28.0,566,
9.999999999999994e-05,40249,,,,,,,,,
9.999999999999994e-05,40249,,,,,,,,,
9.999999999999994e-05,40249,,,,,,,,,
,40249,0.003566031577065587,0.0006111088441684842,0.0018920956645160913,0.0006205954123288393,0.0004369942471385002,5.237391178525286e-06,28.0,566,
,40256,,,,,,,,566,0.02812305837869644
9.999999999999994e-05,40299,,,,,,,,,
9.999999999999994e-05,40299,,,,,,,,,
9.999999999999994e-05,40299,,,,,,,,,
,40299,0.0035079403314739466,0.0004218123503960669,0.002343814354389906,0.0004418015305418521,0.00029671419179067016,3.7978782074787887e-06,28.0,567,
,40327,,,,,,,,567,0.027522370219230652
9.999999999999994e-05,40349,,,,,,,,,
9.999999999999994e-05,40349,,,,,,,,,
9.999999999999994e-05,40349,,,,,,,,,
,40349,0.0024957889690995216,8.565798634663224e-05,0.001781397731974721,0.0003553061396814883,0.00027054297970607877,2.8842093797720736e-06,28.0,568,
,40398,,,,,,,,568,0.028713617473840714
9.999999999999994e-05,40399,,,,,,,,,
9.999999999999994e-05,40399,,,,,,,,,
9.999999999999994e-05,40399,,,,,,,,,
,40399,0.0027866046875715256,0.0003843079903163016,0.001500261016190052,0.0004953488241881132,0.0004038605256937444,2.826343688866473e-06,28.0,569,
9.999999999999994e-05,40449,,,,,,,,,
9.999999999999994e-05,40449,,,,,,,,,
9.999999999999994e-05,40449,,,,,,,,,
,40449,0.004286240320652723,0.0006940219318494201,0.002380472607910633,0.0006696883356198668,0.0005370561266317964,5.001211775379488e-06,28.0,569,
,40469,,,,,,,,569,0.028203386813402176
9.999999999999994e-05,40499,,,,,,,,,
9.999999999999994e-05,40499,,,,,,,,,
9.999999999999994e-05,40499,,,,,,,,,
,40499,0.005851936060935259,0.0016356649575755,0.003023488912731409,0.0006617805920541286,0.0005277073942124844,3.294046564406017e-06,28.0,570,
,40540,,,,,,,,570,0.027737373486161232
9.999999999999994e-05,40549,,,,,,,,,
9.999999999999994e-05,40549,,,,,,,,,
9.999999999999994e-05,40549,,,,,,,,,
,40549,0.0024641461204737425,0.0001821405894588679,0.0014437615172937512,0.0005135675892233849,0.00031952557037584484,5.1508013712009415e-06,28.0,571,
9.999999999999994e-05,40599,,,,,,,,,
9.999999999999994e-05,40599,,,,,,,,,
9.999999999999994e-05,40599,,,,,,,,,
,40599,0.0029926758725196123,0.0003179644700139761,0.0016372958198189735,0.0005969888879917562,0.00043522988562472165,5.196673100726912e-06,28.0,571,
,40611,,,,,,,,571,0.02845759131014347
9.999999999999994e-05,40649,,,,,,,,,
9.999999999999994e-05,40649,,,,,,,,,
9.999999999999994e-05,40649,,,,,,,,,
,40649,0.003211512928828597,0.0004925790708512068,0.0016264377627521753,0.0006428922060877085,0.00044512705062516034,4.476837148104096e-06,28.0,572,
,40682,,,,,,,,572,0.027280626818537712
9.999999999999994e-05,40699,,,,,,,,,
9.999999999999994e-05,40699,,,,,,,,,
9.999999999999994e-05,40699,,,,,,,,,
,40699,0.005038764793425798,0.0013141134986653924,0.0025333785451948643,0.0006675932090729475,0.0005210791132412851,2.600415200504358e-06,28.0,573,
9.999999999999994e-05,40749,,,,,,,,,
9.999999999999994e-05,40749,,,,,,,,,
9.999999999999994e-05,40749,,,,,,,,,
,40749,0.005115794483572245,0.0004255315288901329,0.0037292172200977802,0.0005382023518905044,0.0004201263072900474,2.7172413865628187e-06,28.0,573,
,40753,,,,,,,,573,0.027389712631702423
9.999999999999994e-05,40799,,,,,,,,,
9.999999999999994e-05,40799,,,,,,,,,
9.999999999999994e-05,40799,,,,,,,,,
,40799,0.0034798854030668736,0.00015145250654313713,0.0021351976320147514,0.0006030164076946676,0.0005871722823940217,3.0464557312370744e-06,28.0,574,
,40824,,,,,,,,574,0.027991194278001785
9.999999999999994e-05,40849,,,,,,,,,
9.999999999999994e-05,40849,,,,,,,,,
9.999999999999994e-05,40849,,,,,,,,,
,40849,0.0032233656384050846,6.128755194367841e-05,0.0021297570783644915,0.0005766097456216812,0.0004518579808063805,3.853262114716927e-06,28.0,575,
,40895,,,,,,,,575,0.027994057163596153
9.999999999999994e-05,40899,,,,,,,,,
9.999999999999994e-05,40899,,,,,,,,,
9.999999999999994e-05,40899,,,,,,,,,
,40899,0.004801520612090826,0.0005780673818662763,0.0024920152500271797,0.0009863664163276553,0.0007409507525153458,4.1205535126209725e-06,28.0,576,
9.999999999999994e-05,40949,,,,,,,,,
9.999999999999994e-05,40949,,,,,,,,,
9.999999999999994e-05,40949,,,,,,,,,
,40949,0.003093167906627059,0.0012497218558564782,0.0010787107748910785,0.00044403880019672215,0.0003186834801454097,2.013156517932657e-06,28.0,576,
,40966,,,,,,,,576,0.02932661585509777
9.999999999999994e-05,40999,,,,,,,,,
9.999999999999994e-05,40999,,,,,,,,,
9.999999999999994e-05,40999,,,,,,,,,
,40999,0.003165624802932143,0.0003381138085387647,0.0023026885464787483,0.000316222314722836,0.00020625724573619664,2.3429774955729954e-06,28.0,577,
,41037,,,,,,,,577,0.027423180639743805
9.999999999999994e-05,41049,,,,,,,,,
9.999999999999994e-05,41049,,,,,,,,,
9.999999999999994e-05,41049,,,,,,,,,
,41049,0.0032390460837632418,0.0003242093953303993,0.002243309747427702,0.0003838927368633449,0.0002854210324585438,2.2130006982479244e-06,28.0,578,
9.999999999999994e-05,41099,,,,,,,,,
9.999999999999994e-05,41099,,,,,,,,,
9.999999999999994e-05,41099,,,,,,,,,
,41099,0.003096099942922592,0.0006357041420415044,0.0018239375203847885,0.00038082938408479095,0.00025309310876764357,2.535708745199372e-06,28.0,578,
,41108,,,,,,,,578,0.029577061533927917
9.999999999999994e-05,41149,,,,,,,,,
9.999999999999994e-05,41149,,,,,,,,,
9.999999999999994e-05,41149,,,,,,,,,
,41149,0.0038705957122147083,0.00033025830634869635,0.0024959323927760124,0.0005797329358756542,0.0004615407669916749,3.1310150916397106e-06,28.0,579,
,41179,,,,,,,,579,0.027089739218354225
9.999999999999994e-05,41199,,,,,,,,,
9.999999999999994e-05,41199,,,,,,,,,
9.999999999999994e-05,41199,,,,,,,,,
,41199,0.0038229168858379126,0.0005427629221230745,0.0021176664158701897,0.0006634098826907575,0.00048741442151367664,1.1663232726277784e-05,28.0,580,
9.999999999999994e-05,41249,,,,,,,,,
9.999999999999994e-05,41249,,,,,,,,,
9.999999999999994e-05,41249,,,,,,,,,
,41249,0.003759119426831603,0.00026407898985780776,0.002581848995760083,0.0004585270071402192,0.0004177058581262827,3.695850318763405e-05,28.0,580,
,41250,,,,,,,,580,0.029612572863698006
9.999999999999994e-05,41299,,,,,,,,,
9.999999999999994e-05,41299,,,,,,,,,
9.999999999999994e-05,41299,,,,,,,,,
,41299,0.003265343839302659,0.00047744825133122504,0.001796860946342349,0.0005925578298047185,0.00037120841443538666,2.7268342819297686e-05,28.0,581,
,41321,,,,,,,,581,0.028217753395438194
9.999999999999994e-05,41349,,,,,,,,,
9.999999999999994e-05,41349,,,,,,,,,
9.999999999999994e-05,41349,,,,,,,,,
,41349,0.0026868507266044617,0.0003825543390121311,0.0016094173770397902,0.0003703139373101294,0.0003075257409363985,1.7039370504789986e-05,28.0,582,
,41392,,,,,,,,582,0.028528915718197823
9.999999999999994e-05,41399,,,,,,,,,
9.999999999999994e-05,41399,,,,,,,,,
9.999999999999994e-05,41399,,,,,,,,,
,41399,0.004194691311568022,0.00033861887641251087,0.002690010704100132,0.00041671289363875985,0.00032662469311617315,0.0004227242898195982,28.0,583,
9.999999999999994e-05,41449,,,,,,,,,
9.999999999999994e-05,41449,,,,,,,,,
9.999999999999994e-05,41449,,,,,,,,,
,41449,0.003820277052000165,0.0005967339966446161,0.001963774673640728,0.0006799203692935407,0.00057430868037045,5.53935979041853e-06,28.0,583,
,41463,,,,,,,,583,0.027964040637016296
9.999999999999994e-05,41499,,,,,,,,,
9.999999999999994e-05,41499,,,,,,,,,
9.999999999999994e-05,41499,,,,,,,,,
,41499,0.003612344618886709,0.0007340081501752138,0.0017921291291713715,0.0006231063744053245,0.0004577944637276232,5.306664661475224e-06,28.0,584,
,41534,,,,,,,,584,0.028354071080684662
9.999999999999994e-05,41549,,,,,,,,,
9.999999999999994e-05,41549,,,,,,,,,
9.999999999999994e-05,41549,,,,,,,,,
,41549,0.00380063708871603,0.0005593555979430676,0.0025694859214127064,0.00038223466253839433,0.0002865853894036263,2.975600409627077e-06,28.0,585,
9.999999999999994e-05,41599,,,,,,,,,
9.999999999999994e-05,41599,,,,,,,,,
9.999999999999994e-05,41599,,,,,,,,,
,41599,0.0027852212078869343,0.00045382563257589936,0.0014339194167405367,0.0005236411234363914,0.00037000092561356723,3.834204562735977e-06,28.0,585,
,41605,,,,,,,,585,0.028196901082992554
9.999999999999994e-05,41649,,,,,,,,,
9.999999999999994e-05,41649,,,,,,,,,
9.999999999999994e-05,41649,,,,,,,,,
,41649,0.0025559947825968266,0.0003233895404264331,0.00162877282127738,0.0003516741271596402,0.00024934421526268125,2.814108029269846e-06,28.0,586,
,41676,,,,,,,,586,0.027804246172308922
9.999999999999994e-05,41699,,,,,,,,,
9.999999999999994e-05,41699,,,,,,,,,
9.999999999999994e-05,41699,,,,,,,,,
,41699,0.0027575395070016384,0.0003885429759975523,0.0017473448533564806,0.00038582872366532683,0.0002325016539543867,3.3212547805305803e-06,28.0,587,
,41747,,,,,,,,587,0.02840086631476879
9.999999999999994e-05,41749,,,,,,,,,
9.999999999999994e-05,41749,,,,,,,,,
9.999999999999994e-05,41749,,,,,,,,,
,41749,0.0038118634838610888,0.0006053050165064633,0.0021183486096560955,0.000627939123660326,0.0004554461338557303,4.824603365705116e-06,28.0,588,
9.999999999999994e-05,41799,,,,,,,,,
9.999999999999994e-05,41799,,,,,,,,,
9.999999999999994e-05,41799,,,,,,,,,
,41799,0.0039350916631519794,0.0006344872526824474,0.0023889781441539526,0.0005420224624685943,0.0003662657691165805,3.3377002637280384e-06,28.0,588,
,41818,,,,,,,,588,0.028254175558686256
9.999999999999994e-05,41849,,,,,,,,,
9.999999999999994e-05,41849,,,,,,,,,
9.999999999999994e-05,41849,,,,,,,,,
,41849,0.00873974896967411,0.0013702430296689272,0.005422934889793396,0.0009987005032598972,0.0009454776882193983,2.393519025645219e-06,29.0,589,
,41889,,,,,,,,589,0.028745021671056747
9.999999999999994e-05,41899,,,,,,,,,
9.999999999999994e-05,41899,,,,,,,,,
9.999999999999994e-05,41899,,,,,,,,,
,41899,0.005257532000541687,0.0006313304184004664,0.003133756574243307,0.0008734766161069274,0.0006140986806713045,4.869618351222016e-06,29.0,590,
9.999999999999994e-05,41949,,,,,,,,,
9.999999999999994e-05,41949,,,,,,,,,
9.999999999999994e-05,41949,,,,,,,,,
,41949,0.005205201450735331,0.0006479414296336472,0.003669257741421461,0.0005068920436315238,0.00037869872176088393,2.411664581813966e-06,29.0,590,
,41960,,,,,,,,590,0.02850428596138954
9.999999999999994e-05,41999,,,,,,,,,
9.999999999999994e-05,41999,,,,,,,,,
9.999999999999994e-05,41999,,,,,,,,,
,41999,0.0038875029422342777,0.0003501854953356087,0.0025052055716514587,0.0006246898556128144,0.00040508562233299017,2.3363238597085e-06,29.0,591,
,42031,,,,,,,,591,0.03206827864050865
9.999999999999994e-05,42049,,,,,,,,,
9.999999999999994e-05,42049,,,,,,,,,
9.999999999999994e-05,42049,,,,,,,,,
,42049,0.0030999172013252974,0.0005130266072228551,0.0018333521438762546,0.0004181225085631013,0.000332266790792346,3.149217263853643e-06,29.0,592,
9.999999999999994e-05,42099,,,,,,,,,
9.999999999999994e-05,42099,,,,,,,,,
9.999999999999994e-05,42099,,,,,,,,,
,42099,0.0027718134224414825,0.00022482927306555212,0.0016556212212890387,0.0004940796061418951,0.00039423443377017975,3.048864982702071e-06,29.0,592,
,42102,,,,,,,,592,0.027455143630504608
9.999999999999994e-05,42149,,,,,,,,,
9.999999999999994e-05,42149,,,,,,,,,
9.999999999999994e-05,42149,,,,,,,,,
,42149,0.0038929868023842573,0.00040140689816325903,0.002590470016002655,0.0004851957783102989,0.0004096073389519006,6.306703198788455e-06,29.0,593,
,42173,,,,,,,,593,0.027988897636532784
9.999999999999994e-05,42199,,,,,,,,,
9.999999999999994e-05,42199,,,,,,,,,
9.999999999999994e-05,42199,,,,,,,,,
,42199,0.0057326145470142365,0.0015164024662226439,0.003014356829226017,0.000655433745123446,0.0005406661657616496,5.7552801990823355e-06,29.0,594,
,42244,,,,,,,,594,0.027506405487656593
9.999999999999994e-05,42249,,,,,,,,,
9.999999999999994e-05,42249,,,,,,,,,
9.999999999999994e-05,42249,,,,,,,,,
,42249,0.003690375480800867,0.0008238214650191367,0.001961598638445139,0.0005111411446705461,0.0003902225289493799,3.591887207221589e-06,29.0,595,
9.999999999999994e-05,42299,,,,,,,,,
9.999999999999994e-05,42299,,,,,,,,,
9.999999999999994e-05,42299,,,,,,,,,
,42299,0.004880207125097513,0.0004955528420396149,0.0032117506489157677,0.0006609671399928629,0.0005007870495319366,1.1149320016556885e-05,29.0,595,
,42315,,,,,,,,595,0.027940142899751663
9.999999999999994e-05,42349,,,,,,,,,
9.999999999999994e-05,42349,,,,,,,,,
9.999999999999994e-05,42349,,,,,,,,,
,42349,0.0020838254131376743,8.797422196948901e-05,0.0015483151655644178,0.0002548366610426456,0.000166960438946262,2.573898200353142e-05,29.0,596,
,42386,,,,,,,,596,0.028457414358854294
9.999999999999994e-05,42399,,,,,,,,,
9.999999999999994e-05,42399,,,,,,,,,
9.999999999999994e-05,42399,,,,,,,,,
,42399,0.00327015551738441,8.005994459381327e-05,0.0020305514335632324,0.0005811351584270597,0.0004297685227356851,0.00014864014519844204,29.0,597,
9.999999999999994e-05,42449,,,,,,,,,
9.999999999999994e-05,42449,,,,,,,,,
9.999999999999994e-05,42449,,,,,,,,,
,42449,0.002863997360691428,0.00015353094204328954,0.001789403147995472,0.0003853482485283166,0.00029170094057917595,0.0002440138632664457,29.0,597,
,42457,,,,,,,,597,0.02842135727405548
9.999999999999994e-05,42499,,,,,,,,,
9.999999999999994e-05,42499,,,,,,,,,
9.999999999999994e-05,42499,,,,,,,,,
,42499,0.004218132235109806,0.0003071324317716062,0.00261860154569149,0.0006407668115571141,0.000433065346442163,0.0002185661141993478,29.0,598,
,42528,,,,,,,,598,0.028082862496376038
9.999999999999994e-05,42549,,,,,,,,,
9.999999999999994e-05,42549,,,,,,,,,
9.999999999999994e-05,42549,,,,,,,,,
,42549,0.005819509271532297,0.0006142578786239028,0.003469751449301839,0.0009597406606189907,0.0007718285778537393,3.93089976569172e-06,29.0,599,
9.999999999999994e-05,42599,,,,,,,,,
,42599,0.001899007591418922,4.370117312646471e-05,0.0012986812507733703,0.0003191965806763619,0.00023458550276700407,2.8431147711671656e-06,29.0,599,
,42599,,,,,,,,599,0.027785195037722588
9.999999999999994e-05,42649,,,,,,,,,
9.999999999999994e-05,42649,,,,,,,,,
9.999999999999994e-05,42649,,,,,,,,,
,42649,0.003295052796602249,0.00035071917227469385,0.002242014743387699,0.000413270085118711,0.0002860306412912905,3.0183255148585886e-06,29.0,600,
,42670,,,,,,,,600,0.027422532439231873
9.999999999999994e-05,42699,,,,,,,,,
9.999999999999994e-05,42699,,,,,,,,,
9.999999999999994e-05,42699,,,,,,,,,
,42699,0.005809237249195576,0.0010372106917202473,0.0029598684050142765,0.000989817432127893,0.0008182263700291514,4.11435030400753e-06,29.0,601,
,42741,,,,,,,,601,0.02685033529996872
9.999999999999994e-05,42749,,,,,,,,,
9.999999999999994e-05,42749,,,,,,,,,
9.999999999999994e-05,42749,,,,,,,,,
,42749,0.003495297394692898,0.0002092637587338686,0.0022681537084281445,0.0005571796791628003,0.00045771151781082153,2.9885750336688943e-06,29.0,602,
9.999999999999994e-05,42799,,,,,,,,,
9.999999999999994e-05,42799,,,,,,,,,
9.999999999999994e-05,42799,,,,,,,,,
,42799,0.0037049856036901474,0.0005201839376240969,0.0023122504353523254,0.00047853743308223784,0.0003919009177479893,2.112685706379125e-06,29.0,602,
,42812,,,,,,,,602,0.027417708188295364
9.999999999999994e-05,42849,,,,,,,,,
9.999999999999994e-05,42849,,,,,,,,,
9.999999999999994e-05,42849,,,,,,,,,
,42849,0.012494996190071106,0.0010253083892166615,0.008583185262978077,0.0015456614783033729,0.0013374884147197008,3.3526621336932294e-06,29.0,603,
,42883,,,,,,,,603,0.0283208005130291
9.999999999999994e-05,42899,,,,,,,,,
9.999999999999994e-05,42899,,,,,,,,,
9.999999999999994e-05,42899,,,,,,,,,
,42899,0.0025993480812758207,5.923991557210684e-05,0.0016529886052012444,0.0005078252870589495,0.0003764670400414616,2.8272088457015343e-06,29.0,604,
9.999999999999994e-05,42949,,,,,,,,,
9.999999999999994e-05,42949,,,,,,,,,
9.999999999999994e-05,42949,,,,,,,,,
,42949,0.002266934374347329,0.00035744468914344907,0.0012554985005408525,0.0003791556227952242,0.0002723663637880236,2.4690557438589167e-06,29.0,604,
,42954,,,,,,,,604,0.028301162645220757
9.999999999999994e-05,42999,,,,,,,,,
9.999999999999994e-05,42999,,,,,,,,,
9.999999999999994e-05,42999,,,,,,,,,
,42999,0.002603900618851185,0.0004691407084465027,0.0013529574498534203,0.000434660236351192,0.0003449937212280929,2.1483276668732287e-06,29.0,605,
,43025,,,,,,,,605,0.02798137441277504
9.999999999999994e-05,43049,,,,,,,,,
9.999999999999994e-05,43049,,,,,,,,,
9.999999999999994e-05,43049,,,,,,,,,
,43049,0.003020993899554014,0.0002894338103942573,0.002115251962095499,0.00034564497764222324,0.00026859345962293446,2.0696559204225196e-06,29.0,606,
,43096,,,,,,,,606,0.027609674260020256
9.999999999999994e-05,43099,,,,,,,,,
9.999999999999994e-05,43099,,,,,,,,,
9.999999999999994e-05,43099,,,,,,,,,
,43099,0.002949862042441964,0.0003421207657083869,0.0019865077920258045,0.00035327867954038084,0.00026509587769396603,2.8589286102942424e-06,29.0,607,
9.999999999999994e-05,43149,,,,,,,,,
9.999999999999994e-05,43149,,,,,,,,,
9.999999999999994e-05,43149,,,,,,,,,
,43149,0.002928420202806592,0.0004385267093311995,0.0019435251597315073,0.0003388268523849547,0.0002054769720416516,2.06451341000502e-06,29.0,607,
,43167,,,,,,,,607,0.027698971331119537
9.999999999999994e-05,43199,,,,,,,,,
9.999999999999994e-05,43199,,,,,,,,,
9.999999999999994e-05,43199,,,,,,,,,
,43199,0.002771926810964942,0.00043941327021457255,0.0014734698925167322,0.0005148990894667804,0.00030890980269759893,3.523503983160481e-05,29.0,608,
,43238,,,,,,,,608,0.02726929634809494
9.999999999999994e-05,43249,,,,,,,,,
9.999999999999994e-05,43249,,,,,,,,,
9.999999999999994e-05,43249,,,,,,,,,
,43249,0.003059538546949625,0.0006224809912964702,0.0014908546581864357,0.0005618813447654247,0.00037707830779254436,7.243170784931863e-06,29.0,609,
9.999999999999994e-05,43299,,,,,,,,,
9.999999999999994e-05,43299,,,,,,,,,
9.999999999999994e-05,43299,,,,,,,,,
,43299,0.002035825978964567,0.00030374235939234495,0.0011708084493875504,0.000323461223160848,0.00023369102564174682,4.123011876799865e-06,29.0,609,
,43309,,,,,,,,609,0.026696309447288513
9.999999999999994e-05,43349,,,,,,,,,
9.999999999999994e-05,43349,,,,,,,,,
9.999999999999994e-05,43349,,,,,,,,,
,43349,0.004284610506147146,0.001097163069061935,0.002672410337254405,0.000283394125290215,0.00022222143888939172,9.421936738363001e-06,29.0,610,
,43380,,,,,,,,610,0.027990130707621574
9.999999999999994e-05,43399,,,,,,,,,
9.999999999999994e-05,43399,,,,,,,,,
9.999999999999994e-05,43399,,,,,,,,,
,43399,0.002915948163717985,0.00021165268844924867,0.0015754643827676773,0.0002811864542309195,0.0001696752879070118,0.0006779691902920604,29.0,611,
9.999999999999994e-05,43449,,,,,,,,,
9.999999999999994e-05,43449,,,,,,,,,
9.999999999999994e-05,43449,,,,,,,,,
,43449,0.0020883933175355196,6.572122947545722e-05,0.001421764842234552,0.00029902165988460183,0.00022952716972213238,7.235845987452194e-05,29.0,611,
,43451,,,,,,,,611,0.02846394293010235
9.999999999999994e-05,43499,,,,,,,,,
9.999999999999994e-05,43499,,,,,,,,,
9.999999999999994e-05,43499,,,,,,,,,
,43499,0.0023619828280061483,0.0004206246812827885,0.0012061228044331074,0.0004527952114585787,0.00027815476641990244,4.2851320358749945e-06,29.0,612,
,43522,,,,,,,,612,0.029008442535996437
9.999999999999994e-05,43549,,,,,,,,,
9.999999999999994e-05,43549,,,,,,,,,
9.999999999999994e-05,43549,,,,,,,,,
,43549,0.003485728520900011,0.00047825637739151716,0.0023350249975919724,0.00040644098771736026,0.0002629617229104042,3.0443657124124e-06,29.0,613,
,43593,,,,,,,,613,0.028816236183047295
9.999999999999994e-05,43599,,,,,,,,,
9.999999999999994e-05,43599,,,,,,,,,
9.999999999999994e-05,43599,,,,,,,,,
,43599,0.003968158271163702,0.00012032092490699142,0.0024712448939681053,0.0007799658924341202,0.0005925147561356425,4.1118209992419e-06,29.0,614,
9.999999999999994e-05,43649,,,,,,,,,
9.999999999999994e-05,43649,,,,,,,,,
9.999999999999994e-05,43649,,,,,,,,,
,43649,0.0035458889324218035,0.0007525567198172212,0.0018723818939179182,0.00046803243458271027,0.0004511093138717115,1.8084436987919617e-06,29.0,614,
,43664,,,,,,,,614,0.028067251667380333
9.999999999999994e-05,43699,,,,,,,,,
9.999999999999994e-05,43699,,,,,,,,,
9.999999999999994e-05,43699,,,,,,,,,
,43699,0.0035937221255153418,0.00010584817209746689,0.002696123905479908,0.00047125419951044023,0.00031698885140940547,3.507214159981231e-06,29.0,615,
,43735,,,,,,,,615,0.02751035988330841
9.999999999999994e-05,43749,,,,,,,,,
9.999999999999994e-05,43749,,,,,,,,,
9.999999999999994e-05,43749,,,,,,,,,
,43749,0.0019791012164205313,0.00034820233122445643,0.0009033043752424419,0.0004046411195304245,0.0003204701642971486,2.4832081635395298e-06,29.0,616,
9.999999999999994e-05,43799,,,,,,,,,
9.999999999999994e-05,43799,,,,,,,,,
9.999999999999994e-05,43799,,,,,,,,,
,43799,0.0023455084301531315,0.00010795059642987326,0.0013240522239357233,0.0005157729028724134,0.0003950806276407093,2.652164084793185e-06,29.0,616,
,43806,,,,,,,,616,0.028508860617876053
9.999999999999994e-05,43849,,,,,,,,,
9.999999999999994e-05,43849,,,,,,,,,
9.999999999999994e-05,43849,,,,,,,,,
,43849,0.004058804363012314,0.0006447336636483669,0.0023384378291666508,0.0006180292111821473,0.0004535494954325259,4.0538770917919464e-06,29.0,617,
,43877,,,,,,,,617,0.02797437272965908
9.999999999999994e-05,43899,,,,,,,,,
9.999999999999994e-05,43899,,,,,,,,,
9.999999999999994e-05,43899,,,,,,,,,
,43899,0.002915237797424197,0.0002354187163291499,0.0022759772837162018,0.00025302928406745195,0.00014819615171290934,2.6163058919337345e-06,29.0,618,
,43948,,,,,,,,618,0.02671920321881771
9.999999999999994e-05,43949,,,,,,,,,
9.999999999999994e-05,43949,,,,,,,,,
9.999999999999994e-05,43949,,,,,,,,,
,43949,0.0030368566513061523,0.0005124316667206585,0.0014120121486485004,0.0006476728594861925,0.00046135735465213656,3.3826438539108494e-06,29.0,619,
9.999999999999994e-05,43999,,,,,,,,,
9.999999999999994e-05,43999,,,,,,,,,
9.999999999999994e-05,43999,,,,,,,,,
,43999,0.004499121103435755,0.00042336012120358646,0.00283288792707026,0.0006683672545477748,0.0005702389753423631,4.2668980313465e-06,29.0,619,
,44019,,,,,,,,619,0.027919374406337738
9.999999999999994e-05,44049,,,,,,,,,
9.999999999999994e-05,44049,,,,,,,,,
9.999999999999994e-05,44049,,,,,,,,,
,44049,0.0035038022324442863,0.00014785834355279803,0.0022910269908607006,0.0006242130766622722,0.00043811596697196364,2.587756171124056e-06,29.0,620,
,44090,,,,,,,,620,0.028743695467710495
9.999999999999994e-05,44099,,,,,,,,,
9.999999999999994e-05,44099,,,,,,,,,
9.999999999999994e-05,44099,,,,,,,,,
,44099,0.0037289783358573914,0.0006107577355578542,0.0020745990332216024,0.0006183658260852098,0.00042167954961769283,3.576106564651127e-06,29.0,621,
9.999999999999994e-05,44149,,,,,,,,,
9.999999999999994e-05,44149,,,,,,,,,
9.999999999999994e-05,44149,,,,,,,,,
,44149,0.004213906358927488,0.000823356444016099,0.0022912127897143364,0.0006240046350285411,0.0004729270876850933,2.405834038654575e-06,29.0,621,
,44161,,,,,,,,621,0.026867516338825226
9.999999999999994e-05,44199,,,,,,,,,
9.999999999999994e-05,44199,,,,,,,,,
9.999999999999994e-05,44199,,,,,,,,,
,44199,0.003002205863595009,0.0004550048615783453,0.0017077865777537227,0.0004957448691129684,0.0003405529132578522,3.1166523513093125e-06,29.0,622,
,44232,,,,,,,,622,0.027704285457730293
9.999999999999994e-05,44249,,,,,,,,,
9.999999999999994e-05,44249,,,,,,,,,
9.999999999999994e-05,44249,,,,,,,,,
,44249,0.003038844559341669,0.0002413303154753521,0.002229716395959258,0.0003424761234782636,0.00022348726633936167,1.834245495047071e-06,29.0,623,
9.999999999999994e-05,44299,,,,,,,,,
9.999999999999994e-05,44299,,,,,,,,,
9.999999999999994e-05,44299,,,,,,,,,
,44299,0.00527094816789031,0.00018038070993497968,0.004261954687535763,0.00047036889009177685,0.0003552011039573699,3.0428320769715356e-06,29.0,623,
,44303,,,,,,,,623,0.02809324860572815
9.999999999999994e-05,44349,,,,,,,,,
9.999999999999994e-05,44349,,,,,,,,,
9.999999999999994e-05,44349,,,,,,,,,
,44349,0.0019745752215385437,6.525433855131269e-05,0.0013970111031085253,0.00029408553382381797,0.00021606319933198392,2.161203838113579e-06,29.0,624,
,44374,,,,,,,,624,0.02803635783493519
9.999999999999994e-05,44399,,,,,,,,,
9.999999999999994e-05,44399,,,,,,,,,
9.999999999999994e-05,44399,,,,,,,,,
,44399,0.0026930607855319977,0.00015733999316580594,0.0018209978006780148,0.00041820824844762683,0.0002943924337159842,2.1222228951955913e-06,29.0,625,
,44445,,,,,,,,625,0.027612686157226562
9.999999999999994e-05,44449,,,,,,,,,
9.999999999999994e-05,44449,,,,,,,,,
9.999999999999994e-05,44449,,,,,,,,,
,44449,0.0048997472040355206,0.00045397027861326933,0.003607273567467928,0.0004357860889285803,0.00040110695408657193,1.6104805808936362e-06,29.0,626,
9.999999999999994e-05,44499,,,,,,,,,
9.999999999999994e-05,44499,,,,,,,,,
9.999999999999994e-05,44499,,,,,,,,,
,44499,0.002910838695243001,0.0003786663874052465,0.0018649199046194553,0.0003884269972331822,0.000276029109954834,2.7963722004642477e-06,29.0,626,
,44516,,,,,,,,626,0.027133746072649956
9.999999999999994e-05,44549,,,,,,,,,
9.999999999999994e-05,44549,,,,,,,,,
9.999999999999994e-05,44549,,,,,,,,,
,44549,0.003923987969756126,0.00031516706803813577,0.002779293106868863,0.00044826639350503683,0.00033916867687366903,4.209280086797662e-05,29.0,627,
,44587,,,,,,,,627,0.02833336591720581
9.999999999999994e-05,44599,,,,,,,,,
9.999999999999994e-05,44599,,,,,,,,,
9.999999999999994e-05,44599,,,,,,,,,
,44599,0.0027968690264970064,0.0003800395643338561,0.001662115566432476,0.00043414230458438396,0.0003155148297082633,5.056699592387304e-06,29.0,628,
9.999999999999994e-05,44649,,,,,,,,,
9.999999999999994e-05,44649,,,,,,,,,
9.999999999999994e-05,44649,,,,,,,,,
,44649,0.004174283239990473,0.000627891393378377,0.0023082923144102097,0.0006894208490848541,0.0005441453540697694,4.533171249931911e-06,29.0,628,
,44658,,,,,,,,628,0.030323199927806854
9.999999999999994e-05,44699,,,,,,,,,
9.999999999999994e-05,44699,,,,,,,,,
9.999999999999994e-05,44699,,,,,,,,,
,44699,0.0039093391969799995,9.16784701985307e-05,0.0028359845746308565,0.0005436901119537652,0.0004109858418814838,2.7000323825632222e-05,29.0,629,
,44729,,,,,,,,629,0.027893323451280594
9.999999999999994e-05,44749,,,,,,,,,
9.999999999999994e-05,44749,,,,,,,,,
9.999999999999994e-05,44749,,,,,,,,,
,44749,0.0036621273029595613,0.00019031018018722534,0.0023693828843533993,0.0006425764877349138,0.0004583692061714828,1.4885823702570633e-06,29.0,630,
9.999999999999994e-05,44799,,,,,,,,,
9.999999999999994e-05,44799,,,,,,,,,
9.999999999999994e-05,44799,,,,,,,,,
,44799,0.00530200032517314,0.0005442648543976247,0.003513818606734276,0.0005966831813566387,0.0004660945851355791,0.00018113919941242784,29.0,630,
,44800,,,,,,,,630,0.02748015895485878
9.999999999999994e-05,44849,,,,,,,,,
9.999999999999994e-05,44849,,,,,,,,,
9.999999999999994e-05,44849,,,,,,,,,
,44849,0.0060143559239804745,0.0007524564280174673,0.0037696838844567537,0.0007607763400301337,0.0006763978162780404,5.504158980329521e-05,29.0,631,
,44871,,,,,,,,631,0.027630403637886047
9.999999999999994e-05,44899,,,,,,,,,
9.999999999999994e-05,44899,,,,,,,,,
9.999999999999994e-05,44899,,,,,,,,,
,44899,0.0034688643645495176,0.0001645257871132344,0.0024379531387239695,0.000452857231721282,0.0004095516342204064,3.976462721766438e-06,29.0,632,
,44942,,,,,,,,632,0.028409479185938835
9.999999999999994e-05,44949,,,,,,,,,
9.999999999999994e-05,44949,,,,,,,,,
9.999999999999994e-05,44949,,,,,,,,,
,44949,0.002994406269863248,0.00042115370160900056,0.0014478028751909733,0.0006907470524311066,0.0004314823017921299,3.22036999023112e-06,29.0,633,
9.999999999999994e-05,44999,,,,,,,,,
9.999999999999994e-05,44999,,,,,,,,,
9.999999999999994e-05,44999,,,,,,,,,
,44999,0.004353686701506376,0.0005166117916814983,0.0030662990175187588,0.000398268603021279,0.0003709689772222191,1.5381480125142843e-06,30.0,633,
,45013,,,,,,,,633,0.02668778784573078
9.999999999999994e-05,45049,,,,,,,,,
9.999999999999994e-05,45049,,,,,,,,,
9.999999999999994e-05,45049,,,,,,,,,
,45049,0.0039030127227306366,0.0004226269666105509,0.002855515107512474,0.0003566094674170017,0.0002653811243362725,2.8800470772694098e-06,30.0,634,
,45084,,,,,,,,634,0.027874963358044624
9.999999999999994e-05,45099,,,,,,,,,
9.999999999999994e-05,45099,,,,,,,,,
9.999999999999994e-05,45099,,,,,,,,,
,45099,0.0022949979174882174,5.12103179062251e-05,0.0016052077990025282,0.00035469571594148874,0.00028199536609463394,1.8888193835664424e-06,30.0,635,
9.999999999999994e-05,45149,,,,,,,,,
9.999999999999994e-05,45149,,,,,,,,,
9.999999999999994e-05,45149,,,,,,,,,
,45149,0.004458400420844555,0.0004043625667691231,0.0033357737120240927,0.000404022925067693,0.0003124066279269755,1.8349112451687688e-06,30.0,635,
,45155,,,,,,,,635,0.029286079108715057
9.999999999999994e-05,45199,,,,,,,,,
9.999999999999994e-05,45199,,,,,,,,,
9.999999999999994e-05,45199,,,,,,,,,
,45199,0.001952923135831952,0.0004554616170935333,0.0010328670032322407,0.0002861995599232614,0.0001765733031788841,1.8215920363218174e-06,30.0,636,
,45226,,,,,,,,636,0.029772920534014702
9.999999999999994e-05,45249,,,,,,,,,
9.999999999999994e-05,45249,,,,,,,,,
9.999999999999994e-05,45249,,,,,,,,,
,45249,0.004370104055851698,0.0005485297297127545,0.0028301968704909086,0.0005605104379355907,0.0004279018030501902,2.9651212116732495e-06,30.0,637,
,45297,,,,,,,,637,0.027685757726430893
9.999999999999994e-05,45299,,,,,,,,,
9.999999999999994e-05,45299,,,,,,,,,
9.999999999999994e-05,45299,,,,,,,,,
,45299,0.0037146101240068674,0.0004020205815322697,0.002586950547993183,0.0004154121270403266,0.0003082938783336431,1.9332835563545814e-06,30.0,638,
9.999999999999994e-05,45349,,,,,,,,,
9.999999999999994e-05,45349,,,,,,,,,
9.999999999999994e-05,45349,,,,,,,,,
,45349,0.0028990856371819973,0.00039710785495117307,0.0018052554223686457,0.0004192347696516663,0.00027478631818667054,2.7011881229555e-06,30.0,638,
,45368,,,,,,,,638,0.028378784656524658
9.999999999999994e-05,45399,,,,,,,,,
9.999999999999994e-05,45399,,,,,,,,,
9.999999999999994e-05,45399,,,,,,,,,
,45399,0.00413338840007782,0.000713244779035449,0.002410107757896185,0.0005784297245554626,0.00042861278052441776,2.993316002175561e-06,30.0,639,
,45439,,,,,,,,639,0.02838846668601036
9.999999999999994e-05,45449,,,,,,,,,
9.999999999999994e-05,45449,,,,,,,,,
9.999999999999994e-05,45449,,,,,,,,,
,45449,0.00451494799926877,0.0007447596872225404,0.0022884695790708065,0.0007816540892235935,0.0006979828467592597,2.081994125546771e-06,30.0,640,
9.999999999999994e-05,45499,,,,,,,,,
9.999999999999994e-05,45499,,,,,,,,,
9.999999999999994e-05,45499,,,,,,,,,
,45499,0.0037327928002923727,0.0006291338359005749,0.0025544646196067333,0.0003151866840198636,0.0002319254126632586,2.082225364574697e-06,30.0,640,
,45510,,,,,,,,640,0.02795497700572014
9.999999999999994e-05,45549,,,,,,,,,
9.999999999999994e-05,45549,,,,,,,,,
9.999999999999994e-05,45549,,,,,,,,,
,45549,0.0024894855450838804,0.00029021353111602366,0.0015754925552755594,0.00036567123606801033,0.00025629400624893606,1.8144172599932062e-06,30.0,641,
,45581,,,,,,,,641,0.02766910009086132
9.999999999999994e-05,45599,,,,,,,,,
9.999999999999994e-05,45599,,,,,,,,,
9.999999999999994e-05,45599,,,,,,,,,
,45599,0.0014283512718975544,4.911044743494131e-05,0.0008899412350729108,0.0002776917244773358,0.00020941061666235328,2.19717776417383e-06,30.0,642,
9.999999999999994e-05,45649,,,,,,,,,
9.999999999999994e-05,45649,,,,,,,,,
9.999999999999994e-05,45649,,,,,,,,,
,45649,0.0033328544814139605,0.00010332740930607542,0.002251804806292057,0.0005571268848143518,0.0004179040261078626,2.691358076845063e-06,30.0,642,
,45652,,,,,,,,642,0.028438935056328773
9.999999999999994e-05,45699,,,,,,,,,
9.999999999999994e-05,45699,,,,,,,,,
9.999999999999994e-05,45699,,,,,,,,,
,45699,0.005168677307665348,0.00030884845182299614,0.004037122707813978,0.0004612905904650688,0.0003599599003791809,1.4556275118593476e-06,30.0,643,
,45723,,,,,,,,643,0.027586210519075394
9.999999999999994e-05,45749,,,,,,,,,
9.999999999999994e-05,45749,,,,,,,,,
9.999999999999994e-05,45749,,,,,,,,,
,45749,0.00424541812390089,0.0006577798631042242,0.0023659784346818924,0.0006732215988449752,0.0005459253443405032,2.5125773390755057e-06,30.0,644,
,45794,,,,,,,,644,0.027825623750686646
9.999999999999994e-05,45799,,,,,,,,,
9.999999999999994e-05,45799,,,,,,,,,
9.999999999999994e-05,45799,,,,,,,,,
,45799,0.0242464542388916,0.005247490014880896,0.017997819930315018,0.0005745193921029568,0.000424747820943594,1.875846123766678e-06,30.0,645,
9.999999999999994e-05,45849,,,,,,,,,
9.999999999999994e-05,45849,,,,,,,,,
9.999999999999994e-05,45849,,,,,,,,,
,45849,0.003916642162948847,0.0006829804042354226,0.0019012752454727888,0.0007357833674177527,0.0005941522540524602,2.4507310172339203e-06,30.0,645,
,45865,,,,,,,,645,0.02828313782811165
9.999999999999994e-05,45899,,,,,,,,,
9.999999999999994e-05,45899,,,,,,,,,
9.999999999999994e-05,45899,,,,,,,,,
,45899,0.005332469008862972,0.0006263015093281865,0.0033128962386399508,0.0006865516770631075,0.0006418802076950669,6.483893957920372e-05,30.0,646,
,45936,,,,,,,,646,0.028414562344551086
9.999999999999994e-05,45949,,,,,,,,,
9.999999999999994e-05,45949,,,,,,,,,
9.999999999999994e-05,45949,,,,,,,,,
,45949,0.0023418653290718794,4.16805014538113e-05,0.001688655698671937,0.00032350505352951586,0.0002805007388815284,7.5235357144265436e-06,30.0,647,
9.999999999999994e-05,45999,,,,,,,,,
9.999999999999994e-05,45999,,,,,,,,,
9.999999999999994e-05,45999,,,,,,,,,
,45999,0.00260205683298409,0.0003251287271268666,0.001352993887849152,0.000536914449185133,0.0003844060702249408,2.6136153792322148e-06,30.0,647,
,46007,,,,,,,,647,0.027914127334952354
9.999999999999994e-05,46049,,,,,,,,,
9.999999999999994e-05,46049,,,,,,,,,
9.999999999999994e-05,46049,,,,,,,,,
,46049,0.002842008601874113,0.00046211632434278727,0.001514017814770341,0.0004994565970264375,0.00036226282827556133,4.154803264100337e-06,30.0,648,
,46078,,,,,,,,648,0.02766452729701996
9.999999999999994e-05,46099,,,,,,,,,
9.999999999999994e-05,46099,,,,,,,,,
9.999999999999994e-05,46099,,,,,,,,,
,46099,0.0032551512122154236,0.000828860211186111,0.0017079361714422703,0.00038515834603458643,0.0003163453657180071,1.6851179680088535e-05,30.0,649,
9.999999999999994e-05,46149,,,,,,,,,
,46149,0.0018948381766676903,0.00023719467571936548,0.0010111263254657388,0.00023629862698726356,0.0001706821785774082,0.000239536224398762,30.0,649,
,46149,,,,,,,,649,0.027603531256318092
9.999999999999994e-05,46199,,,,,,,,,
9.999999999999994e-05,46199,,,,,,,,,
9.999999999999994e-05,46199,,,,,,,,,
,46199,0.0016249120235443115,0.0002777051995508373,0.00104698003269732,0.00017809122800827026,0.00011935415386687964,2.781403281915118e-06,30.0,650,
,46220,,,,,,,,650,0.027746116742491722
9.999999999999994e-05,46249,,,,,,,,,
9.999999999999994e-05,46249,,,,,,,,,
9.999999999999994e-05,46249,,,,,,,,,
,46249,0.0028309798799455166,0.00034108536783605814,0.0017168686026707292,0.0004548713914118707,0.0003152439894620329,2.9104335226293188e-06,30.0,651,
,46291,,,,,,,,651,0.027845636010169983
9.999999999999994e-05,46299,,,,,,,,,
9.999999999999994e-05,46299,,,,,,,,,
9.999999999999994e-05,46299,,,,,,,,,
,46299,0.0015829550102353096,0.0002711758716031909,0.0008225524798035622,0.00028327194740995765,0.00020359791233204305,2.3567824882775312e-06,30.0,652,
9.999999999999994e-05,46349,,,,,,,,,
9.999999999999994e-05,46349,,,,,,,,,
9.999999999999994e-05,46349,,,,,,,,,
,46349,0.0023937197402119637,0.0001835367875173688,0.0015699579380452633,0.00037980644265189767,0.0002586742048151791,1.744286805660522e-06,30.0,652,
,46362,,,,,,,,652,0.027905816212296486
9.999999999999994e-05,46399,,,,,,,,,
9.999999999999994e-05,46399,,,,,,,,,
9.999999999999994e-05,46399,,,,,,,,,
,46399,0.003059786045923829,0.00042854290222749114,0.00179652264341712,0.00046764302533119917,0.0003652299928944558,1.8473289173925878e-06,30.0,653,
,46433,,,,,,,,653,0.027712155133485794
9.999999999999994e-05,46449,,,,,,,,,
9.999999999999994e-05,46449,,,,,,,,,
9.999999999999994e-05,46449,,,,,,,,,
,46449,0.0028809630312025547,0.0003848194028250873,0.001654557534493506,0.00047230476047843695,0.0003666006668936461,2.680897750906297e-06,30.0,654,
9.999999999999994e-05,46499,,,,,,,,,
9.999999999999994e-05,46499,,,,,,,,,
9.999999999999994e-05,46499,,,,,,,,,
,46499,0.0028479306492954493,0.0005833859322592616,0.0017957865493372083,0.00028142851078882813,0.0001854693837231025,1.8604306433189777e-06,30.0,654,
,46504,,,,,,,,654,0.028923047706484795
9.999999999999994e-05,46549,,,,,,,,,
9.999999999999994e-05,46549,,,,,,,,,
9.999999999999994e-05,46549,,,,,,,,,
,46549,0.0034073987044394016,0.0005380179500207305,0.0020055253989994526,0.0005027922452427447,0.0003587276441976428,2.33539526561799e-06,30.0,655,
,46575,,,,,,,,655,0.02863161265850067
9.999999999999994e-05,46599,,,,,,,,,
9.999999999999994e-05,46599,,,,,,,,,
9.999999999999994e-05,46599,,,,,,,,,
,46599,0.004341796040534973,0.000586278794799,0.002620765706524253,0.0006135200383141637,0.0005198975559324026,1.3336718893697252e-06,30.0,656,
,46646,,,,,,,,656,0.02827020362019539
9.999999999999994e-05,46649,,,,,,,,,
9.999999999999994e-05,46649,,,,,,,,,
9.999999999999994e-05,46649,,,,,,,,,
,46649,0.003270091488957405,0.0005054028006270528,0.0016785796033218503,0.0005690217367373407,0.0005143503076396883,2.73702039521595e-06,30.0,657,
9.999999999999994e-05,46699,,,,,,,,,
9.999999999999994e-05,46699,,,,,,,,,
9.999999999999994e-05,46699,,,,,,,,,
,46699,0.002963635139167309,7.871732668718323e-05,0.0020171692594885826,0.0005181879969313741,0.00034789368510246277,1.6671154980940628e-06,30.0,657,
,46717,,,,,,,,657,0.028242703527212143
9.999999999999994e-05,46749,,,,,,,,,
9.999999999999994e-05,46749,,,,,,,,,
9.999999999999994e-05,46749,,,,,,,,,
,46749,0.002479243092238903,0.0003791863564401865,0.0015218285843729973,0.00033871567575260997,0.00023713221889920533,2.3802676878403872e-06,30.0,658,
,46788,,,,,,,,658,0.027309732511639595
9.999999999999994e-05,46799,,,,,,,,,
9.999999999999994e-05,46799,,,,,,,,,
9.999999999999994e-05,46799,,,,,,,,,
,46799,0.004523919429630041,0.0004999059601686895,0.002869656775146723,0.000640493119135499,0.0005106031312607229,3.260239054725389e-06,30.0,659,
9.999999999999994e-05,46849,,,,,,,,,
9.999999999999994e-05,46849,,,,,,,,,
9.999999999999994e-05,46849,,,,,,,,,
,46849,0.003415771760046482,0.00011503540736157447,0.002253879327327013,0.0006059614242985845,0.0004227316239848733,1.8164033463108353e-05,30.0,659,
,46859,,,,,,,,659,0.02859417162835598
9.999999999999994e-05,46899,,,,,,,,,
9.999999999999994e-05,46899,,,,,,,,,
9.999999999999994e-05,46899,,,,,,,,,
,46899,0.006465781480073929,0.00038285553455352783,0.004836874548345804,0.000619573809672147,0.0005021076649427414,0.00012436987890396267,30.0,660,
,46930,,,,,,,,660,0.02735173888504505
9.999999999999994e-05,46949,,,,,,,,,
9.999999999999994e-05,46949,,,,,,,,,
9.999999999999994e-05,46949,,,,,,,,,
,46949,0.004453460685908794,0.00014329097757581621,0.003115893341600895,0.0006936348509043455,0.000497492786962539,3.1486445095652016e-06,30.0,661,
9.999999999999994e-05,46999,,,,,,,,,
9.999999999999994e-05,46999,,,,,,,,,
9.999999999999994e-05,46999,,,,,,,,,
,46999,0.0018086913041770458,0.00031892969855107367,0.0009876496624201536,0.0003086283686570823,0.00019091804279014468,2.56553289545991e-06,30.0,661,
,47001,,,,,,,,661,0.027471574023365974
9.999999999999994e-05,47049,,,,,,,,,
9.999999999999994e-05,47049,,,,,,,,,
9.999999999999994e-05,47049,,,,,,,,,
,47049,0.002827930264174938,0.0004288119962438941,0.0017332599963992834,0.0004159288655500859,0.000247311923885718,2.6173863716394408e-06,30.0,662,
,47072,,,,,,,,662,0.028468918055295944
9.999999999999994e-05,47099,,,,,,,,,
9.999999999999994e-05,47099,,,,,,,,,
9.999999999999994e-05,47099,,,,,,,,,
,47099,0.004086129367351532,0.0008135554962791502,0.0021752656903117895,0.000591068179346621,0.0005037236260250211,2.5164395083265845e-06,30.0,663,
,47143,,,,,,,,663,0.028851237148046494
9.999999999999994e-05,47149,,,,,,,,,
9.999999999999994e-05,47149,,,,,,,,,
9.999999999999994e-05,47149,,,,,,,,,
,47149,0.0022127083502709866,0.00019598232756834477,0.0014182801824063063,0.00034095224691554904,0.0002555820974521339,1.911470917548286e-06,30.0,664,
9.999999999999994e-05,47199,,,,,,,,,
9.999999999999994e-05,47199,,,,,,,,,
9.999999999999994e-05,47199,,,,,,,,,
,47199,0.0025359296705573797,0.00044142495607957244,0.0016029051039367914,0.00027177727315574884,0.00021801753609906882,1.8046517880065949e-06,30.0,664,
,47214,,,,,,,,664,0.028694998472929
9.999999999999994e-05,47249,,,,,,,,,
9.999999999999994e-05,47249,,,,,,,,,
9.999999999999994e-05,47249,,,,,,,,,
,47249,0.002866284688934684,0.00029370805714279413,0.0019353869138285518,0.0003628440899774432,0.0002726627280935645,1.6827818853926146e-06,30.0,665,
,47285,,,,,,,,665,0.027337057515978813
9.999999999999994e-05,47299,,,,,,,,,
9.999999999999994e-05,47299,,,,,,,,,
9.999999999999994e-05,47299,,,,,,,,,
,47299,0.003960091155022383,3.3770691516110674e-05,0.0027923928573727608,0.0006314890924841166,0.0004997678915970027,2.670684125405387e-06,30.0,666,
9.999999999999994e-05,47349,,,,,,,,,
9.999999999999994e-05,47349,,,,,,,,,
9.999999999999994e-05,47349,,,,,,,,,
,47349,0.0017454284243285656,9.351396147394553e-05,0.001300011295825243,0.00021200728951953351,0.00013830626267008483,1.589534349477617e-06,30.0,666,
,47356,,,,,,,,666,0.02697250247001648
9.999999999999994e-05,47399,,,,,,,,,
9.999999999999994e-05,47399,,,,,,,,,
9.999999999999994e-05,47399,,,,,,,,,
,47399,0.0032491080928593874,9.175185550702736e-05,0.0022333075758069754,0.0005143835442140698,0.00040781573625281453,1.8496224356567836e-06,30.0,667,
,47427,,,,,,,,667,0.028551578521728516
9.999999999999994e-05,47449,,,,,,,,,
9.999999999999994e-05,47449,,,,,,,,,
9.999999999999994e-05,47449,,,,,,,,,
,47449,0.005638261325657368,0.00021530440426431596,0.004242341034114361,0.0006471751257777214,0.0005311892600730062,2.251564410471474e-06,30.0,668,
,47498,,,,,,,,668,0.027686895802617073
9.999999999999994e-05,47499,,,,,,,,,
9.999999999999994e-05,47499,,,,,,,,,
9.999999999999994e-05,47499,,,,,,,,,
,47499,0.003902512602508068,0.0004666874883696437,0.002509173471480608,0.00045965725439600646,0.00046078802552074194,6.2063709265203215e-06,30.0,669,
9.999999999999994e-05,47549,,,,,,,,,
9.999999999999994e-05,47549,,,,,,,,,
9.999999999999994e-05,47549,,,,,,,,,
,47549,0.0018210620619356632,0.0001729317446006462,0.0013076324248686433,0.00019023753702640533,0.00012454063107725233,2.571977711340878e-05,30.0,669,
,47569,,,,,,,,669,0.02748793736100197
9.999999999999994e-05,47599,,,,,,,,,
9.999999999999994e-05,47599,,,,,,,,,
9.999999999999994e-05,47599,,,,,,,,,
,47599,0.0015929595101624727,0.00013013224815949798,0.0011052375193685293,0.0002176723792217672,0.0001372010592604056,2.716149310799665e-06,30.0,670,
,47640,,,,,,,,670,0.027880579233169556
9.999999999999994e-05,47649,,,,,,,,,
9.999999999999994e-05,47649,,,,,,,,,
9.999999999999994e-05,47649,,,,,,,,,
,47649,0.0024911665823310614,0.00020339759066700935,0.0018845417071133852,0.00024395713990088552,0.00015727280697319657,1.9973278995166766e-06,30.0,671,
9.999999999999994e-05,47699,,,,,,,,,
9.999999999999994e-05,47699,,,,,,,,,
9.999999999999994e-05,47699,,,,,,,,,
,47699,0.0036704165395349264,0.0004864622897002846,0.0022742985747754574,0.0005141216097399592,0.00039281981298699975,2.714062475206447e-06,30.0,671,
,47711,,,,,,,,671,0.02764955163002014
9.999999999999994e-05,47749,,,,,,,,,
9.999999999999994e-05,47749,,,,,,,,,
9.999999999999994e-05,47749,,,,,,,,,
,47749,0.0022637387737631798,0.000337241857778281,0.001239628647454083,0.00040216371417045593,0.00028209242736920714,2.6120881102542626e-06,30.0,672,
,47782,,,,,,,,672,0.027875836938619614
9.999999999999994e-05,47799,,,,,,,,,
9.999999999999994e-05,47799,,,,,,,,,
9.999999999999994e-05,47799,,,,,,,,,
,47799,0.0037692333571612835,0.0002875485806725919,0.0029423062223941088,0.00031926517840474844,0.00021777897200081497,2.3343054635915905e-06,30.0,673,
9.999999999999994e-05,47849,,,,,,,,,
9.999999999999994e-05,47849,,,,,,,,,
9.999999999999994e-05,47849,,,,,,,,,
,47849,0.003201237414032221,0.0005386711563915014,0.0018840235425159335,0.0004668597539421171,0.0003091625403612852,2.52071549766697e-06,30.0,673,
,47853,,,,,,,,673,0.02726507931947708
9.999999999999994e-05,47899,,,,,,,,,
9.999999999999994e-05,47899,,,,,,,,,
9.999999999999994e-05,47899,,,,,,,,,
,47899,0.0031607910059392452,0.00012843121658079326,0.002277280669659376,0.0003993783029727638,0.00035336363362148404,2.337133764740429e-06,30.0,674,
,47924,,,,,,,,674,0.027687475085258484
9.999999999999994e-05,47949,,,,,,,,,
9.999999999999994e-05,47949,,,,,,,,,
9.999999999999994e-05,47949,,,,,,,,,
,47949,0.004843215458095074,0.0005962050054222345,0.0033423947170376778,0.0005201066378504038,0.0003833130467683077,1.1967190403083805e-06,30.0,675,
,47995,,,,,,,,675,0.030232297256588936
9.999999999999994e-05,47999,,,,,,,,,
9.999999999999994e-05,47999,,,,,,,,,
9.999999999999994e-05,47999,,,,,,,,,
,47999,0.004811872262507677,2.6836045435629785e-05,0.002838009037077427,0.001022137003019452,0.0009237270569428802,1.1633242138486821e-06,30.0,676,
9.999999999999994e-05,48049,,,,,,,,,
9.999999999999994e-05,48049,,,,,,,,,
9.999999999999994e-05,48049,,,,,,,,,
,48049,0.003188877599313855,0.00037144473753869534,0.001986109185963869,0.0004601824621204287,0.0003693652688525617,1.7758268313627923e-06,30.0,676,
,48066,,,,,,,,676,0.027963457629084587
9.999999999999994e-05,48099,,,,,,,,,
9.999999999999994e-05,48099,,,,,,,,,
9.999999999999994e-05,48099,,,,,,,,,
,48099,0.004873667843639851,0.0005651491228491068,0.0036523654125630856,0.00034124896046705544,0.00031371781369671226,1.1858807056341902e-06,30.0,677,
,48137,,,,,,,,677,0.027504419907927513
9.999999999999994e-05,48149,,,,,,,,,
9.999999999999994e-05,48149,,,,,,,,,
9.999999999999994e-05,48149,,,,,,,,,
,48149,0.0029684901237487793,0.0005643580807372928,0.0017556598177179694,0.0003721365937963128,0.00027473532827571034,1.6002550182747655e-06,30.0,678,
9.999999999999994e-05,48199,,,,,,,,,
9.999999999999994e-05,48199,,,,,,,,,
9.999999999999994e-05,48199,,,,,,,,,
,48199,0.003063195152208209,7.003924110904336e-05,0.0019155681366100907,0.0005489634349942207,0.0005265469662845135,2.0773347841895884e-06,30.0,678,
,48208,,,,,,,,678,0.027589065954089165
9.999999999999994e-05,48249,,,,,,,,,
9.999999999999994e-05,48249,,,,,,,,,
9.999999999999994e-05,48249,,,,,,,,,
,48249,0.003565631341189146,0.0006670154398307204,0.001853463239967823,0.0005915234796702862,0.00045121938455849886,2.409694161542575e-06,31.0,679,
,48279,,,,,,,,679,0.02748081460595131
9.999999999999994e-05,48299,,,,,,,,,
9.999999999999994e-05,48299,,,,,,,,,
9.999999999999994e-05,48299,,,,,,,,,
,48299,0.004837728571146727,0.0015035767573863268,0.0022181717213243246,0.000633012386970222,0.0004810701939277351,1.8975661078002304e-06,31.0,680,
9.999999999999994e-05,48349,,,,,,,,,
9.999999999999994e-05,48349,,,,,,,,,
9.999999999999994e-05,48349,,,,,,,,,
,48349,0.0038355947472155094,0.0001705575705273077,0.0029901517555117607,0.000469091726699844,0.0002033884811680764,2.405244458714151e-06,31.0,680,
,48350,,,,,,,,680,0.027470503002405167
9.999999999999994e-05,48399,,,,,,,,,
9.999999999999994e-05,48399,,,,,,,,,
9.999999999999994e-05,48399,,,,,,,,,
,48399,0.001744049834087491,0.00032662804005667567,0.0009541696636006236,0.00026980473194271326,0.000188605030416511,4.842430371354567e-06,31.0,681,
,48421,,,,,,,,681,0.02789752371609211
9.999999999999994e-05,48449,,,,,,,,,
9.999999999999994e-05,48449,,,,,,,,,
9.999999999999994e-05,48449,,,,,,,,,
,48449,0.002541497116908431,0.00026042276294901967,0.0015898505225777626,0.00023649269132874906,0.00015044223982840776,0.0003042889875359833,31.0,682,
,48492,,,,,,,,682,0.027585871517658234
9.999999999999994e-05,48499,,,,,,,,,
9.999999999999994e-05,48499,,,,,,,,,
9.999999999999994e-05,48499,,,,,,,,,
,48499,0.0030672969296574593,7.790255767758936e-05,0.0025368116330355406,0.00024511036463081837,0.00016713781224098057,4.033454388263635e-05,31.0,683,
9.999999999999994e-05,48549,,,,,,,,,
9.999999999999994e-05,48549,,,,,,,,,
9.999999999999994e-05,48549,,,,,,,,,
,48549,0.005204962100833654,0.00047439956688322127,0.0033285832032561302,0.000711029046215117,0.0006882555899210274,2.6941927444568137e-06,31.0,683,
,48563,,,,,,,,683,0.027818860486149788
9.999999999999994e-05,48599,,,,,,,,,
9.999999999999994e-05,48599,,,,,,,,,
9.999999999999994e-05,48599,,,,,,,,,
,48599,0.0025192636530846357,0.0004273160011507571,0.0012633432634174824,0.00046011453378014266,0.00036626611836254597,2.2237966277316445e-06,31.0,684,
,48634,,,,,,,,684,0.027680622413754463
9.999999999999994e-05,48649,,,,,,,,,
9.999999999999994e-05,48649,,,,,,,,,
9.999999999999994e-05,48649,,,,,,,,,
,48649,0.002039755694568157,0.00028389671933837235,0.001306917518377304,0.00028076328453607857,0.00016604701522737741,2.1313896922947606e-06,31.0,685,
9.999999999999994e-05,48699,,,,,,,,,
9.999999999999994e-05,48699,,,,,,,,,
9.999999999999994e-05,48699,,,,,,,,,
,48699,0.0011828109854832292,4.0189337596530095e-05,0.0007830234826542437,0.00021266957628540695,0.00014537715469487011,1.5515162203882937e-06,31.0,685,
,48705,,,,,,,,685,0.02790817804634571
9.999999999999994e-05,48749,,,,,,,,,
9.999999999999994e-05,48749,,,,,,,,,
9.999999999999994e-05,48749,,,,,,,,,
,48749,0.002002970315515995,0.00010631023906171322,0.0013401430333033204,0.00036525080213323236,0.00018840155098587275,2.864806674551801e-06,31.0,686,
,48776,,,,,,,,686,0.0277799554169178
9.999999999999994e-05,48799,,,,,,,,,
9.999999999999994e-05,48799,,,,,,,,,
9.999999999999994e-05,48799,,,,,,,,,
,48799,0.001783556304872036,7.037621980998665e-05,0.001122168032452464,0.0003653688181657344,0.0002233950508525595,2.2482174699689494e-06,31.0,687,
,48847,,,,,,,,687,0.027741551399230957
9.999999999999994e-05,48849,,,,,,,,,
9.999999999999994e-05,48849,,,,,,,,,
9.999999999999994e-05,48849,,,,,,,,,
,48849,0.003919606097042561,0.0011138783302158117,0.002051884774118662,0.0004175867943558842,0.0003351582563482225,1.0980378419844783e-06,31.0,688,
9.999999999999994e-05,48899,,,,,,,,,
9.999999999999994e-05,48899,,,,,,,,,
9.999999999999994e-05,48899,,,,,,,,,
,48899,0.0030995956622064114,0.0004177401424385607,0.0018003928707912564,0.00048675102880224586,0.000392039364669472,2.672166147021926e-06,31.0,688,
,48918,,,,,,,,688,0.027597304433584213
9.999999999999994e-05,48949,,,,,,,,,
9.999999999999994e-05,48949,,,,,,,,,
9.999999999999994e-05,48949,,,,,,,,,
,48949,0.0022064114455133677,0.00043199770152568817,0.0011716216104105115,0.0003822812286671251,0.00021829194156453013,2.2188153252500342e-06,31.0,689,
,48989,,,,,,,,689,0.027587104588747025
9.999999999999994e-05,48999,,,,,,,,,
9.999999999999994e-05,48999,,,,,,,,,
9.999999999999994e-05,48999,,,,,,,,,
,48999,0.003845426021143794,0.00032442176598124206,0.0029111322946846485,0.000350301677826792,0.00025755714159458876,2.013347739193705e-06,31.0,690,
9.999999999999994e-05,49049,,,,,,,,,
9.999999999999994e-05,49049,,,,,,,,,
9.999999999999994e-05,49049,,,,,,,,,
,49049,0.0029657729901373386,0.0006410659989342093,0.0017731341067701578,0.0003348756581544876,0.00021469594503287226,2.001399252549163e-06,31.0,690,
,49060,,,,,,,,690,0.027767565101385117
9.999999999999994e-05,49099,,,,,,,,,
9.999999999999994e-05,49099,,,,,,,,,
9.999999999999994e-05,49099,,,,,,,,,
,49099,0.0019579033832997084,0.0003290398162789643,0.001185923581942916,0.0002690127585083246,0.00017233383550774306,1.5934331258904422e-06,31.0,691,
,49131,,,,,,,,691,0.02760176919400692
9.999999999999994e-05,49149,,,,,,,,,
9.999999999999994e-05,49149,,,,,,,,,
9.999999999999994e-05,49149,,,,,,,,,
,49149,0.002256167819723487,0.00012154375144746155,0.001499190810136497,0.00036579527659341693,0.0002680264296941459,1.611446464266919e-06,31.0,692,
9.999999999999994e-05,49199,,,,,,,,,
9.999999999999994e-05,49199,,,,,,,,,
9.999999999999994e-05,49199,,,,,,,,,
,49199,0.005350992549210787,0.0005692144623026252,0.003397722030058503,0.0007340406882576644,0.0006475382251664996,2.477277575962944e-06,31.0,692,
,49202,,,,,,,,692,0.026893718168139458
9.999999999999994e-05,49249,,,,,,,,,
9.999999999999994e-05,49249,,,,,,,,,
9.999999999999994e-05,49249,,,,,,,,,
,49249,0.0075865332037210464,0.00035398348700255156,0.00380187900736928,0.0017680905293673277,0.001661115325987339,1.465002128497872e-06,31.0,693,
,49273,,,,,,,,693,0.027484353631734848
9.999999999999994e-05,49299,,,,,,,,,
9.999999999999994e-05,49299,,,,,,,,,
9.999999999999994e-05,49299,,,,,,,,,
,49299,0.0029048635624349117,0.0005027618026360869,0.0019179629161953926,0.0002896366931963712,0.00019328403868712485,1.2179049235783168e-06,31.0,694,
,49344,,,,,,,,694,0.027349866926670074
9.999999999999994e-05,49349,,,,,,,,,
9.999999999999994e-05,49349,,,,,,,,,
9.999999999999994e-05,49349,,,,,,,,,
,49349,0.003411907935515046,0.00026127404998987913,0.002675960771739483,0.00025869152159430087,0.00021491092047654092,1.0705198292271234e-06,31.0,695,
9.999999999999994e-05,49399,,,,,,,,,
9.999999999999994e-05,49399,,,,,,,,,
9.999999999999994e-05,49399,,,,,,,,,
,49399,0.004823246039450169,0.0005233740666881204,0.003478782717138529,0.0004400244797579944,0.00037957256427034736,1.4924830793461297e-06,31.0,695,
,49415,,,,,,,,695,0.02689637430012226
9.999999999999994e-05,49449,,,,,,,,,
9.999999999999994e-05,49449,,,,,,,,,
9.999999999999994e-05,49449,,,,,,,,,
,49449,0.0018575550056993961,0.0002796153421513736,0.0011581797152757645,0.00024155013670679182,0.00017711988766677678,1.0899243534367997e-06,31.0,696,
,49486,,,,,,,,696,0.02761574648320675
9.999999999999994e-05,49499,,,,,,,,,
9.999999999999994e-05,49499,,,,,,,,,
9.999999999999994e-05,49499,,,,,,,,,
,49499,0.0028098654001951218,0.0006210942519828677,0.0017586962785571814,0.0002514368970878422,0.00017698961892165244,1.6484802927152487e-06,31.0,697,
9.999999999999994e-05,49549,,,,,,,,,
9.999999999999994e-05,49549,,,,,,,,,
9.999999999999994e-05,49549,,,,,,,,,
,49549,0.0019165417179465294,7.028487016214058e-05,0.0013087145052850246,0.0002888523449655622,0.00024741850211285055,1.2715069033220061e-06,31.0,697,
,49557,,,,,,,,697,0.02769397757947445
9.999999999999994e-05,49599,,,,,,,,,
9.999999999999994e-05,49599,,,,,,,,,
9.999999999999994e-05,49599,,,,,,,,,
,49599,0.002419903874397278,0.0002528358600102365,0.0017547933384776115,0.00023426589905284345,0.00017686917271930724,1.1396457466616994e-06,31.0,698,
,49628,,,,,,,,698,0.026995837688446045
9.999999999999994e-05,49649,,,,,,,,,
9.999999999999994e-05,49649,,,,,,,,,
9.999999999999994e-05,49649,,,,,,,,,
,49649,0.00235088262706995,0.00037936019361950457,0.001419911626726389,0.0003459835425019264,0.0002028683666139841,2.7588807824940886e-06,31.0,699,
9.999999999999994e-05,49699,,,,,,,,,
,49699,0.0025936798192560673,0.00012783959391526878,0.0019392524845898151,0.00031914468854665756,0.00020607185433618724,1.3710250641452149e-06,31.0,699,
,49699,,,,,,,,699,0.027554301545023918
9.999999999999994e-05,49749,,,,,,,,,
9.999999999999994e-05,49749,,,,,,,,,
9.999999999999994e-05,49749,,,,,,,,,
,49749,0.002787448465824127,0.0003942337934859097,0.0016138451173901558,0.00045254582073539495,0.000325128436088562,1.6955600585788488e-06,31.0,700,
,49770,,,,,,,,700,0.027190081775188446
9.999999999999994e-05,49799,,,,,,,,,
9.999999999999994e-05,49799,,,,,,,,,
9.999999999999994e-05,49799,,,,,,,,,
,49799,0.002495423424988985,0.000381102116080001,0.0014870432205498219,0.00038399387267418206,0.00022899273608345538,1.4291523257270455e-05,31.0,701,
,49841,,,,,,,,701,0.027819134294986725
9.999999999999994e-05,49849,,,,,,,,,
9.999999999999994e-05,49849,,,,,,,,,
9.999999999999994e-05,49849,,,,,,,,,
,49849,0.002601760672405362,0.0004052487784065306,0.0012361221015453339,0.0005001362296752632,0.0003547012456692755,0.00010555245535215363,31.0,702,
9.999999999999994e-05,49899,,,,,,,,,
9.999999999999994e-05,49899,,,,,,,,,
9.999999999999994e-05,49899,,,,,,,,,
,49899,0.002145972568541765,0.00027934121317230165,0.0011162413284182549,0.0003297785297036171,0.0002639926387928426,0.00015661884390283376,31.0,702,
,49912,,,,,,,,702,0.02708550915122032
9.999999999999994e-05,49949,,,,,,,,,
9.999999999999994e-05,49949,,,,,,,,,
9.999999999999994e-05,49949,,,,,,,,,
,49949,0.0017168415943160653,0.0002896327059715986,0.0009176636813208461,0.0003117377054877579,0.00019309505296405405,4.712430836661952e-06,31.0,703,
,49983,,,,,,,,703,0.027768157422542572
9.999999999999994e-05,49999,,,,,,,,,
9.999999999999994e-05,49999,,,,,,,,,
9.999999999999994e-05,49999,,,,,,,,,
,49999,0.002450759755447507,0.0002838203217834234,0.0016951813595369458,0.0003091897815465927,0.00015972508117556572,2.8431422833818942e-06,31.0,704,
9.999999999999994e-05,50049,,,,,,,,,
9.999999999999994e-05,50049,,,,,,,,,
9.999999999999994e-05,50049,,,,,,,,,
,50049,0.0029630339704453945,0.0005678431480191648,0.0014978381805121899,0.000499374233186245,0.0003953062114305794,2.672197979336488e-06,31.0,704,
,50054,,,,,,,,704,0.029678914695978165
9.999999999999994e-05,50099,,,,,,,,,
9.999999999999994e-05,50099,,,,,,,,,
9.999999999999994e-05,50099,,,,,,,,,
,50099,0.004404065199196339,0.0004285644390620291,0.002310206415131688,0.0008614311227574944,0.0008017652435228229,2.0977718122594524e-06,31.0,705,
,50125,,,,,,,,705,0.02757827565073967
9.999999999999994e-05,50149,,,,,,,,,
9.999999999999994e-05,50149,,,,,,,,,
9.999999999999994e-05,50149,,,,,,,,,
,50149,0.00149057456292212,4.7718473069835454e-05,0.0011325511150062084,0.00017529670731164515,0.00013340094301383942,1.6073411188699538e-06,31.0,706,
,50196,,,,,,,,706,0.02743355929851532
9.999999999999994e-05,50199,,,,,,,,,
9.999999999999994e-05,50199,,,,,,,,,
9.999999999999994e-05,50199,,,,,,,,,
,50199,0.0011985733872279525,0.00017636716074775904,0.0007089534192346036,0.00019657169468700886,0.00011523799184942618,1.4431087720367941e-06,31.0,707,
9.999999999999994e-05,50249,,,,,,,,,
9.999999999999994e-05,50249,,,,,,,,,
9.999999999999994e-05,50249,,,,,,,,,
,50249,0.0018488920759409666,0.00022939752670936286,0.0012714164331555367,0.00020600161224137992,0.00014024629490450025,1.8303068145542056e-06,31.0,707,
,50267,,,,,,,,707,0.026991572231054306
9.999999999999994e-05,50299,,,,,,,,,
9.999999999999994e-05,50299,,,,,,,,,
9.999999999999994e-05,50299,,,,,,,,,
,50299,0.00283893384039402,0.00029982379055581987,0.0015858039259910583,0.0005342686781659722,0.00041598454117774963,3.0528856314049335e-06,31.0,708,
,50338,,,,,,,,708,0.028157006949186325
9.999999999999994e-05,50349,,,,,,,,,
9.999999999999994e-05,50349,,,,,,,,,
9.999999999999994e-05,50349,,,,,,,,,
,50349,0.0022459852043539286,0.0003554879513103515,0.0012131829280406237,0.00037986779352650046,0.00029533059569075704,2.1158864456083393e-06,31.0,709,
9.999999999999994e-05,50399,,,,,,,,,
9.999999999999994e-05,50399,,,,,,,,,
9.999999999999994e-05,50399,,,,,,,,,
,50399,0.003872230416163802,0.0004879455373156816,0.002256001578643918,0.0005821975646540523,0.0005441605462692678,1.925242258948856e-06,31.0,709,
,50409,,,,,,,,709,0.02757987380027771
9.999999999999994e-05,50449,,,,,,,,,
9.999999999999994e-05,50449,,,,,,,,,
9.999999999999994e-05,50449,,,,,,,,,
,50449,0.005615199450403452,0.0010300315916538239,0.0037331953644752502,0.00047150556929409504,0.0003788357716985047,1.6313814512614044e-06,31.0,710,
,50480,,,,,,,,710,0.02764144353568554
9.999999999999994e-05,50499,,,,,,,,,
9.999999999999994e-05,50499,,,,,,,,,
9.999999999999994e-05,50499,,,,,,,,,
,50499,0.00311297713778913,2.4779197701718658e-05,0.002071552909910679,0.0005799024365842342,0.0004332521348260343,3.490422841423424e-06,31.0,711,
9.999999999999994e-05,50549,,,,,,,,,
9.999999999999994e-05,50549,,,,,,,,,
9.999999999999994e-05,50549,,,,,,,,,
,50549,0.003377145156264305,0.00040359346894547343,0.0023632608354091644,0.00037761309067718685,0.00022976487525738776,2.91271180685726e-06,31.0,711,
,50551,,,,,,,,711,0.027025260031223297
9.999999999999994e-05,50599,,,,,,,,,
9.999999999999994e-05,50599,,,,,,,,,
9.999999999999994e-05,50599,,,,,,,,,
,50599,0.0021361629478633404,5.835857518832199e-05,0.0016005558427423239,0.0002649749512784183,0.0001923124073073268,1.99609585251892e-05,31.0,712,
,50622,,,,,,,,712,0.026808755472302437
9.999999999999994e-05,50649,,,,,,,,,
9.999999999999994e-05,50649,,,,,,,,,
9.999999999999994e-05,50649,,,,,,,,,
,50649,0.004687726031988859,0.000539197470061481,0.0022949930280447006,0.00041985136340372264,0.0002626494679134339,0.00117103464435786,31.0,713,
,50693,,,,,,,,713,0.027137724682688713
9.999999999999994e-05,50699,,,,,,,,,
9.999999999999994e-05,50699,,,,,,,,,
9.999999999999994e-05,50699,,,,,,,,,
,50699,0.0028868773952126503,0.0003226115077268332,0.0017522501293569803,0.0004584442940540612,0.00031951727578416467,3.405430106795393e-05,31.0,714,
9.999999999999994e-05,50749,,,,,,,,,
9.999999999999994e-05,50749,,,,,,,,,
9.999999999999994e-05,50749,,,,,,,,,
,50749,0.0031141932122409344,0.00021717458730563521,0.0022645308636128902,0.00032186851603910327,0.00030843025888316333,2.1888697574468097e-06,31.0,714,
,50764,,,,,,,,714,0.028317121788859367
9.999999999999994e-05,50799,,,,,,,,,
9.999999999999994e-05,50799,,,,,,,,,
9.999999999999994e-05,50799,,,,,,,,,
,50799,0.00226879445835948,2.3022630557534285e-05,0.0016721767606213689,0.0003689088043756783,0.00020292526460252702,1.7611961311558844e-06,31.0,715,
,50835,,,,,,,,715,0.02896811068058014
9.999999999999994e-05,50849,,,,,,,,,
9.999999999999994e-05,50849,,,,,,,,,
9.999999999999994e-05,50849,,,,,,,,,
,50849,0.0037631415762007236,0.00025242744595743716,0.0030280407518148422,0.0002892875636462122,0.00019108495325781405,2.3006123228697106e-06,31.0,716,
9.999999999999994e-05,50899,,,,,,,,,
9.999999999999994e-05,50899,,,,,,,,,
9.999999999999994e-05,50899,,,,,,,,,
,50899,0.002016830025240779,0.00024299426877405494,0.001229951623827219,0.00029682202148251235,0.000245835428358987,1.226616859639762e-06,31.0,716,
,50906,,,,,,,,716,0.027386119589209557
9.999999999999994e-05,50949,,,,,,,,,
9.999999999999994e-05,50949,,,,,,,,,
9.999999999999994e-05,50949,,,,,,,,,
,50949,0.0021595368161797523,5.8644989621825516e-05,0.0016379491426050663,0.000255134713370353,0.00020616159599740058,1.6462676057926728e-06,31.0,717,
,50977,,,,,,,,717,0.027167916297912598
9.999999999999994e-05,50999,,,,,,,,,
9.999999999999994e-05,50999,,,,,,,,,
9.999999999999994e-05,50999,,,,,,,,,
,50999,0.0033189516980201006,0.000822400557808578,0.0015519766602665186,0.0005539985140785575,0.00038910791045054793,1.467897163820453e-06,31.0,718,
,51048,,,,,,,,718,0.028377586975693703
9.999999999999994e-05,51049,,,,,,,,,
9.999999999999994e-05,51049,,,,,,,,,
9.999999999999994e-05,51049,,,,,,,,,
,51049,0.0031659631058573723,0.0005321065546013415,0.0017315851291641593,0.0005515744560398161,0.0003474786353763193,3.218499159629573e-06,31.0,719,
9.999999999999994e-05,51099,,,,,,,,,
9.999999999999994e-05,51099,,,,,,,,,
9.999999999999994e-05,51099,,,,,,,,,
,51099,0.003380943089723587,0.0005226247012615204,0.0019445600919425488,0.000510835787281394,0.00040016695857048035,2.7554699499887647e-06,31.0,719,
,51119,,,,,,,,719,0.027379272505640984
9.999999999999994e-05,51149,,,,,,,,,
9.999999999999994e-05,51149,,,,,,,,,
9.999999999999994e-05,51149,,,,,,,,,
,51149,0.006069682072848082,0.0005029095336794853,0.004759364761412144,0.00041427864925935864,0.00039205222856253386,1.0768144420580938e-06,31.0,720,
,51190,,,,,,,,720,0.028574801981449127
9.999999999999994e-05,51199,,,,,,,,,
9.999999999999994e-05,51199,,,,,,,,,
9.999999999999994e-05,51199,,,,,,,,,
,51199,0.00358003587462008,0.0002301840577274561,0.002855143044143915,0.0002806581906042993,0.00021296099293977022,1.0894060551436269e-06,31.0,721,
9.999999999999994e-05,51249,,,,,,,,,
9.999999999999994e-05,51249,,,,,,,,,
9.999999999999994e-05,51249,,,,,,,,,
,51249,0.006692165043205023,0.0005679496098309755,0.005004378035664558,0.0006414564559236169,0.0004767446080222726,1.6369878039768082e-06,31.0,721,
,51261,,,,,,,,721,0.02808317542076111
9.999999999999994e-05,51299,,,,,,,,,
9.999999999999994e-05,51299,,,,,,,,,
9.999999999999994e-05,51299,,,,,,,,,
,51299,0.0038725226186215878,0.0004499174247030169,0.0025815144181251526,0.000493289902806282,0.0003460247244220227,1.7759614365786547e-06,31.0,722,
,51332,,,,,,,,722,0.027443524450063705
9.999999999999994e-05,51349,,,,,,,,,
9.999999999999994e-05,51349,,,,,,,,,
9.999999999999994e-05,51349,,,,,,,,,
,51349,0.002260677982121706,0.00042759894859045744,0.0012600794434547424,0.0003193095908500254,0.0002519682457204908,1.721863441161986e-06,31.0,723,
9.999999999999994e-05,51399,,,,,,,,,
9.999999999999994e-05,51399,,,,,,,,,
9.999999999999994e-05,51399,,,,,,,,,
,51399,0.003173066070303321,0.00012391079508233815,0.002337818266823888,0.00035029457649216056,0.00035948355798609555,1.558768531140231e-06,31.0,723,
,51403,,,,,,,,723,0.027879411354660988
9.999999999999994e-05,51449,,,,,,,,,
9.999999999999994e-05,51449,,,,,,,,,
9.999999999999994e-05,51449,,,,,,,,,
,51449,0.0029590812046080828,0.00025821325834840536,0.0021618264727294445,0.00030497091938741505,0.00023252269602380693,1.5478207160413149e-06,31.0,724,
,51474,,,,,,,,724,0.027661342173814774
9.999999999999994e-05,51499,,,,,,,,,
9.999999999999994e-05,51499,,,,,,,,,
9.999999999999994e-05,51499,,,,,,,,,
,51499,0.004807564429938793,0.0001847757666837424,0.0039464510045945644,0.0003747493610717356,0.0003000609576702118,1.5272155451384606e-06,31.0,725,
,51545,,,,,,,,725,0.02824414148926735
9.999999999999994e-05,51549,,,,,,,,,
9.999999999999994e-05,51549,,,,,,,,,
9.999999999999994e-05,51549,,,,,,,,,
,51549,0.00236744387075305,9.00773738976568e-05,0.0016239534597843885,0.0003683119430206716,0.0002837025676853955,1.3985132909510867e-06,31.0,726,
9.999999999999994e-05,51599,,,,,,,,,
9.999999999999994e-05,51599,,,,,,,,,
9.999999999999994e-05,51599,,,,,,,,,
,51599,0.002067041816189885,5.987601252854802e-05,0.0012142602354288101,0.00047467186232097447,0.0003153492580167949,2.884602963604266e-06,32.0,726,
,51616,,,,,,,,726,0.0275320652872324
9.999999999999994e-05,51649,,,,,,,,,
9.999999999999994e-05,51649,,,,,,,,,
9.999999999999994e-05,51649,,,,,,,,,
,51649,0.00680825999006629,0.000332671741489321,0.005847232881933451,0.0004249300400260836,0.00020220832084305584,1.217302042277879e-06,32.0,727,
,51687,,,,,,,,727,0.02752685360610485
9.999999999999994e-05,51699,,,,,,,,,
9.999999999999994e-05,51699,,,,,,,,,
9.999999999999994e-05,51699,,,,,,,,,
,51699,0.002742849290370941,0.00038332006079144776,0.0016052871942520142,0.0004345701017882675,0.00031741076963953674,2.2612941847910406e-06,32.0,728,
9.999999999999994e-05,51749,,,,,,,,,
9.999999999999994e-05,51749,,,,,,,,,
9.999999999999994e-05,51749,,,,,,,,,
,51749,0.003950182348489761,0.00030516483820974827,0.0028446654323488474,0.00044308259384706616,0.00035575812216848135,1.511375899099221e-06,32.0,728,
,51758,,,,,,,,728,0.0282076895236969
9.999999999999994e-05,51799,,,,,,,,,
9.999999999999994e-05,51799,,,,,,,,,
9.999999999999994e-05,51799,,,,,,,,,
,51799,0.0022438950836658478,0.00030028613400645554,0.0013729615602642298,0.00034677167423069477,0.00022237541270442307,1.500399434917199e-06,32.0,729,
,51829,,,,,,,,729,0.028408773243427277
9.999999999999994e-05,51849,,,,,,,,,
9.999999999999994e-05,51849,,,,,,,,,
9.999999999999994e-05,51849,,,,,,,,,
,51849,0.0021119327284395695,0.0003646549885161221,0.0010911760618910193,0.0004020251508336514,0.0002523224102333188,1.75403897628712e-06,32.0,730,
9.999999999999994e-05,51899,,,,,,,,,
9.999999999999994e-05,51899,,,,,,,,,
9.999999999999994e-05,51899,,,,,,,,,
,51899,0.00230809161439538,0.0005832469323650002,0.0011532350908964872,0.0003404804156161845,0.0002291893179062754,1.9397759842831874e-06,32.0,730,
,51900,,,,,,,,730,0.028175441548228264
9.999999999999994e-05,51949,,,,,,,,,
9.999999999999994e-05,51949,,,,,,,,,
9.999999999999994e-05,51949,,,,,,,,,
,51949,0.0035529693122953176,0.00044307002099230886,0.0021531174425035715,0.0005538202822208405,0.00040101277409121394,1.9487206373014487e-06,32.0,731,
,51971,,,,,,,,731,0.027887463569641113
9.999999999999994e-05,51999,,,,,,,,,
9.999999999999994e-05,51999,,,,,,,,,
9.999999999999994e-05,51999,,,,,,,,,
,51999,0.002237247535958886,0.0003867392661049962,0.001159745268523693,0.00040129045373760164,0.00028703740099444985,2.4350997591682244e-06,32.0,732,
,52042,,,,,,,,732,0.02757837064564228
9.999999999999994e-05,52049,,,,,,,,,
9.999999999999994e-05,52049,,,,,,,,,
9.999999999999994e-05,52049,,,,,,,,,
,52049,0.0035246696788817644,0.00012786182924173772,0.002870747819542885,0.000296075944788754,0.00022877493756823242,1.209312131322804e-06,32.0,733,
9.999999999999994e-05,52099,,,,,,,,,
9.999999999999994e-05,52099,,,,,,,,,
9.999999999999994e-05,52099,,,,,,,,,
,52099,0.0029777814634144306,0.000372146547306329,0.001619822345674038,0.000567189825233072,0.0004170100437477231,1.6126692798934528e-06,32.0,733,
,52113,,,,,,,,733,0.02713337168097496
9.999999999999994e-05,52149,,,,,,,,,
9.999999999999994e-05,52149,,,,,,,,,
9.999999999999994e-05,52149,,,,,,,,,
,52149,0.0025839065201580524,0.00019284847076050937,0.001897370908409357,0.00025533779989928007,0.0002370551519561559,1.2941619615958189e-06,32.0,734,
,52184,,,,,,,,734,0.02772769145667553
9.999999999999994e-05,52199,,,,,,,,,
9.999999999999994e-05,52199,,,,,,,,,
9.999999999999994e-05,52199,,,,,,,,,
,52199,0.002343216212466359,0.00020554753427859396,0.0016771035734564066,0.00021889015624765307,0.0002316062746103853,1.0068856681755278e-05,32.0,735,
9.999999999999994e-05,52249,,,,,,,,,
9.999999999999994e-05,52249,,,,,,,,,
9.999999999999994e-05,52249,,,,,,,,,
,52249,0.0025647555012255907,0.00025125680258497596,0.0015430034836754203,0.00028038627351634204,0.00018436745449434966,0.00030574158881790936,32.0,735,
,52255,,,,,,,,735,0.027773650363087654
9.999999999999994e-05,52299,,,,,,,,,
9.999999999999994e-05,52299,,,,,,,,,
9.999999999999994e-05,52299,,,,,,,,,
,52299,0.0014699450694024563,6.0708640376105905e-05,0.0009573566494509578,0.00025526725221425295,0.00019068863184656948,5.9238795984128956e-06,32.0,736,
,52326,,,,,,,,736,0.02831222489476204
9.999999999999994e-05,52349,,,,,,,,,
9.999999999999994e-05,52349,,,,,,,,,
9.999999999999994e-05,52349,,,,,,,,,
,52349,0.002545374445617199,0.0004091053851880133,0.0014061538968235254,0.0004483734956011176,0.00027923390734940767,2.507999624867807e-06,32.0,737,
,52397,,,,,,,,737,0.027679942548274994
9.999999999999994e-05,52399,,,,,,,,,
9.999999999999994e-05,52399,,,,,,,,,
9.999999999999994e-05,52399,,,,,,,,,
,52399,0.002071492839604616,0.00028688908787444234,0.0013191807083785534,0.0002912270720116794,0.00017266433860640973,1.5316194321712828e-06,32.0,738,
9.999999999999994e-05,52449,,,,,,,,,
9.999999999999994e-05,52449,,,,,,,,,
9.999999999999994e-05,52449,,,,,,,,,
,52449,0.001550004817545414,3.3190510293934494e-05,0.0012603290379047394,0.00015581506886519492,9.969946404453367e-05,9.708201105240732e-07,32.0,738,
,52468,,,,,,,,738,0.0270208939909935
9.999999999999994e-05,52499,,,,,,,,,
9.999999999999994e-05,52499,,,,,,,,,
9.999999999999994e-05,52499,,,,,,,,,
,52499,0.002961326390504837,0.00028980072238482535,0.002095574513077736,0.0003097181033808738,0.00026433359016664326,1.899397034321737e-06,32.0,739,
,52539,,,,,,,,739,0.027583250775933266
9.999999999999994e-05,52549,,,,,,,,,
9.999999999999994e-05,52549,,,,,,,,,
9.999999999999994e-05,52549,,,,,,,,,
,52549,0.003086574375629425,0.0005004454869776964,0.0017735566943883896,0.00047131022438406944,0.0003393571823835373,1.9046846091441694e-06,32.0,740,
9.999999999999994e-05,52599,,,,,,,,,
9.999999999999994e-05,52599,,,,,,,,,
9.999999999999994e-05,52599,,,,,,,,,
,52599,0.0016709535848349333,6.459085852839053e-05,0.0012009318452328444,0.0002443776174914092,0.00015978183364495635,1.2715331649815198e-06,32.0,740,
,52610,,,,,,,,740,0.027280084788799286
9.999999999999994e-05,52649,,,,,,,,,
9.999999999999994e-05,52649,,,,,,,,,
9.999999999999994e-05,52649,,,,,,,,,
,52649,0.002132704481482506,0.0002744895755313337,0.0013662453275173903,0.0002963197766803205,0.0001941551745403558,1.4946516557756695e-06,32.0,741,
,52681,,,,,,,,741,0.027749989181756973
9.999999999999994e-05,52699,,,,,,,,,
9.999999999999994e-05,52699,,,,,,,,,
9.999999999999994e-05,52699,,,,,,,,,
,52699,0.0019548109266906977,0.00022760755382478237,0.001122348359785974,0.00031708989990875125,0.00028685102006420493,9.140398447016196e-07,32.0,742,
9.999999999999994e-05,52749,,,,,,,,,
9.999999999999994e-05,52749,,,,,,,,,
9.999999999999994e-05,52749,,,,,,,,,
,52749,0.0015423489967361093,0.00010333439422538504,0.001029329840093851,0.00023273835540749133,0.00017582453438080847,1.1218882036700961e-06,32.0,742,
,52752,,,,,,,,742,0.027433335781097412
9.999999999999994e-05,52799,,,,,,,,,
9.999999999999994e-05,52799,,,,,,,,,
9.999999999999994e-05,52799,,,,,,,,,
,52799,0.0025012234691530466,0.0005729578551836312,0.0012053812388330698,0.00042027037125080824,0.0003007301711477339,1.8838176174540422e-06,32.0,743,
,52823,,,,,,,,743,0.027605721727013588
9.999999999999994e-05,52849,,,,,,,,,
9.999999999999994e-05,52849,,,,,,,,,
9.999999999999994e-05,52849,,,,,,,,,
,52849,0.0018276406917721033,0.0002765377575997263,0.0011009895242750645,0.0002899034880101681,0.00015803601127117872,2.1739740532211727e-06,32.0,744,
,52894,,,,,,,,744,0.02684067003428936
9.999999999999994e-05,52899,,,,,,,,,
9.999999999999994e-05,52899,,,,,,,,,
9.999999999999994e-05,52899,,,,,,,,,
,52899,0.0017772286664694548,1.2317854270804673e-05,0.0013030156260356307,0.0002757059410214424,0.00018441001884639263,1.7792223161450238e-06,32.0,745,
9.999999999999994e-05,52949,,,,,,,,,
9.999999999999994e-05,52949,,,,,,,,,
9.999999999999994e-05,52949,,,,,,,,,
,52949,0.002131723565980792,0.0004057487822137773,0.001028196420520544,0.00042983252205885947,0.00026521258405409753,2.7332964691595407e-06,32.0,745,
,52965,,,,,,,,745,0.027573829516768456
9.999999999999994e-05,52999,,,,,,,,,
9.999999999999994e-05,52999,,,,,,,,,
9.999999999999994e-05,52999,,,,,,,,,
,52999,0.0018763734260573983,0.00022659120440948755,0.0012708387803286314,0.0002409660373814404,0.00013649204629473388,1.4853625316391117e-06,32.0,746,
,53036,,,,,,,,746,0.02835545316338539
9.999999999999994e-05,53049,,,,,,,,,
9.999999999999994e-05,53049,,,,,,,,,
9.999999999999994e-05,53049,,,,,,,,,
,53049,0.002669744659215212,0.000499596178997308,0.0014048854354768991,0.0003985679359175265,0.00036512879887595773,1.5664259080949705e-06,32.0,747,
9.999999999999994e-05,53099,,,,,,,,,
9.999999999999994e-05,53099,,,,,,,,,
9.999999999999994e-05,53099,,,,,,,,,
,53099,0.0036849610041826963,0.0004662979918066412,0.002154637360945344,0.0005578462732955813,0.0005043743876740336,1.804731368793e-06,32.0,747,
,53107,,,,,,,,747,0.0275172870606184
9.999999999999994e-05,53149,,,,,,,,,
9.999999999999994e-05,53149,,,,,,,,,
9.999999999999994e-05,53149,,,,,,,,,
,53149,0.00214887666516006,0.0004039636696688831,0.0011062296107411385,0.00038162205601111054,0.00025496058515273035,2.1007867871958297e-06,32.0,748,
,53178,,,,,,,,748,0.02769361063838005
9.999999999999994e-05,53199,,,,,,,,,
9.999999999999994e-05,53199,,,,,,,,,
9.999999999999994e-05,53199,,,,,,,,,
,53199,0.0031799154821783304,0.0002784939424600452,0.002138539683073759,0.0004088278510607779,0.0003531292895786464,9.24701282656315e-07,32.0,749,
9.999999999999994e-05,53249,,,,,,,,,
,53249,0.0036159034352749586,0.0003899379225913435,0.002378086792305112,0.0005066118901595473,0.0003396300016902387,1.6366484487662092e-06,32.0,749,
,53249,,,,,,,,749,0.02932313270866871
9.999999999999994e-05,53299,,,,,,,,,
9.999999999999994e-05,53299,,,,,,,,,
9.999999999999994e-05,53299,,,,,,,,,
,53299,0.0025650940369814634,6.461856537498534e-05,0.0018700688378885388,0.00037107360549271107,0.0002423625555820763,1.6970474462141283e-05,32.0,750,
,53320,,,,,,,,750,0.027557555586099625
9.999999999999994e-05,53349,,,,,,,,,
9.999999999999994e-05,53349,,,,,,,,,
9.999999999999994e-05,53349,,,,,,,,,
,53349,0.002684023231267929,0.0002612795797176659,0.0013597607612609863,0.0004363415646366775,0.0003683543764054775,0.00025828706566244364,32.0,751,
,53391,,,,,,,,751,0.030714653432369232
9.999999999999994e-05,53399,,,,,,,,,
9.999999999999994e-05,53399,,,,,,,,,
9.999999999999994e-05,53399,,,,,,,,,
,53399,0.004776126705110073,6.023538298904896e-05,0.004018333740532398,0.00042280135676264763,0.00026705602067522705,7.700855348957703e-06,32.0,752,
9.999999999999994e-05,53449,,,,,,,,,
9.999999999999994e-05,53449,,,,,,,,,
9.999999999999994e-05,53449,,,,,,,,,
,53449,0.002538882428780198,4.433823050931096e-05,0.0016074811574071646,0.0005246656946837902,0.00036044116131961346,1.956128244273714e-06,32.0,752,
,53462,,,,,,,,752,0.027810145169496536
9.999999999999994e-05,53499,,,,,,,,,
9.999999999999994e-05,53499,,,,,,,,,
9.999999999999994e-05,53499,,,,,,,,,
,53499,0.002853955142199993,0.00023357079771813005,0.002111417707055807,0.00028784730238839984,0.00021933179232291877,1.7875130424727104e-06,32.0,753,
,53533,,,,,,,,753,0.02703481912612915
9.999999999999994e-05,53549,,,,,,,,,
9.999999999999994e-05,53549,,,,,,,,,
9.999999999999994e-05,53549,,,,,,,,,
,53549,0.003791096154600382,0.0005479867104440928,0.002154433634132147,0.0005829081637784839,0.0005029559833928943,2.8117731289967196e-06,32.0,754,
9.999999999999994e-05,53599,,,,,,,,,
9.999999999999994e-05,53599,,,,,,,,,
9.999999999999994e-05,53599,,,,,,,,,
,53599,0.0020927595905959606,0.00041403656359761953,0.0012448248453438282,0.0002487669698894024,0.0001835740404203534,1.557129280627123e-06,32.0,754,
,53604,,,,,,,,754,0.028815170750021935
9.999999999999994e-05,53649,,,,,,,,,
9.999999999999994e-05,53649,,,,,,,,,
9.999999999999994e-05,53649,,,,,,,,,
,53649,0.004375086631625891,0.000505648204125464,0.00277267349883914,0.0006161083001643419,0.0004783203185070306,2.336304760319763e-06,32.0,755,
,53675,,,,,,,,755,0.027883974835276604
9.999999999999994e-05,53699,,,,,,,,,
9.999999999999994e-05,53699,,,,,,,,,
9.999999999999994e-05,53699,,,,,,,,,
,53699,0.003595809917896986,9.053155372384936e-05,0.002723812125623226,0.0004736720002256334,0.000306150148389861,1.6439465753137483e-06,32.0,756,
,53746,,,,,,,,756,0.02770487777888775
9.999999999999994e-05,53749,,,,,,,,,
9.999999999999994e-05,53749,,,,,,,,,
9.999999999999994e-05,53749,,,,,,,,,
,53749,0.0026255392003804445,0.00017870892770588398,0.0017986425664275885,0.00033008100581355393,0.0003169932751916349,1.113503799388127e-06,32.0,757,
9.999999999999994e-05,53799,,,,,,,,,
9.999999999999994e-05,53799,,,,,,,,,
9.999999999999994e-05,53799,,,,,,,,,
,53799,0.0032173641957342625,5.6462755310349166e-05,0.0021759907249361277,0.0005041840486228466,0.0004795709392055869,1.1558518053789157e-06,32.0,757,
,53817,,,,,,,,757,0.02726614847779274
9.999999999999994e-05,53849,,,,,,,,,
9.999999999999994e-05,53849,,,,,,,,,
9.999999999999994e-05,53849,,,,,,,,,
,53849,0.002957659075036645,0.00033039890695363283,0.0020325304940342903,0.00032270682277157903,0.00027103754109703004,9.85490487437346e-07,32.0,758,
,53888,,,,,,,,758,0.028044113889336586
9.999999999999994e-05,53899,,,,,,,,,
9.999999999999994e-05,53899,,,,,,,,,
9.999999999999994e-05,53899,,,,,,,,,
,53899,0.002984047634527087,0.00039997888961806893,0.00192690035328269,0.0003979697357863188,0.00025771892978809774,1.4798596339460346e-06,32.0,759,
9.999999999999994e-05,53949,,,,,,,,,
9.999999999999994e-05,53949,,,,,,,,,
9.999999999999994e-05,53949,,,,,,,,,
,53949,0.0027684830129146576,1.692037403699942e-05,0.0020250945817679167,0.000411498622270301,0.0003139871987514198,9.822987294683116e-07,32.0,759,
,53959,,,,,,,,759,0.026744069531559944
9.999999999999994e-05,53999,,,,,,,,,
9.999999999999994e-05,53999,,,,,,,,,
9.999999999999994e-05,53999,,,,,,,,,
,53999,0.002906345995143056,0.0003067809157073498,0.0019877231679856777,0.00039133772952482104,0.00021923672466073185,1.267217726308445e-06,32.0,760,
,54030,,,,,,,,760,0.028858987614512444
9.999999999999994e-05,54049,,,,,,,,,
9.999999999999994e-05,54049,,,,,,,,,
9.999999999999994e-05,54049,,,,,,,,,
,54049,0.0015959261218085885,0.0002141101285815239,0.0010182020487263799,0.00020965277508366853,0.00014988076873123646,4.080414328200277e-06,32.0,761,
9.999999999999994e-05,54099,,,,,,,,,
9.999999999999994e-05,54099,,,,,,,,,
9.999999999999994e-05,54099,,,,,,,,,
,54099,0.0022482110653072596,0.00045210059033706784,0.0012733163312077522,0.00030235893791541457,0.00021895082318224013,1.4843362805549987e-06,32.0,761,
,54101,,,,,,,,761,0.02871496044099331
9.999999999999994e-05,54149,,,,,,,,,
9.999999999999994e-05,54149,,,,,,,,,
9.999999999999994e-05,54149,,,,,,,,,
,54149,0.002059044549241662,0.00024490756914019585,0.0013298405101522803,0.0002777589252218604,0.00020526866137515754,1.268933715437015e-06,32.0,762,
,54172,,,,,,,,762,0.027630476281046867
9.999999999999994e-05,54199,,,,,,,,,
9.999999999999994e-05,54199,,,,,,,,,
9.999999999999994e-05,54199,,,,,,,,,
,54199,0.0025190506130456924,0.00023539461835753173,0.001632851199246943,0.00032383360667154193,0.0003259828663431108,9.884273595162085e-07,32.0,763,
,54243,,,,,,,,763,0.027323342859745026
9.999999999999994e-05,54249,,,,,,,,,
9.999999999999994e-05,54249,,,,,,,,,
9.999999999999994e-05,54249,,,,,,,,,
,54249,0.0027985689230263233,0.0003944290801882744,0.001944543095305562,0.0002675293944776058,0.00019084774248767644,1.2196629768368439e-06,32.0,764,
9.999999999999994e-05,54299,,,,,,,,,
9.999999999999994e-05,54299,,,,,,,,,
9.999999999999994e-05,54299,,,,,,,,,
,54299,0.0022215864155441523,0.00015093537513166666,0.001423417590558529,0.0003645569086074829,0.00028114684391766787,1.5297378013201524e-06,32.0,764,
,54314,,,,,,,,764,0.02759535238146782
9.999999999999994e-05,54349,,,,,,,,,
9.999999999999994e-05,54349,,,,,,,,,
9.999999999999994e-05,54349,,,,,,,,,
,54349,0.004007362294942141,0.0005405236734077334,0.00248732790350914,0.0005559406708925962,0.00042120780562981963,2.3621817035746062e-06,32.0,765,
,54385,,,,,,,,765,0.02817707322537899
9.999999999999994e-05,54399,,,,,,,,,
9.999999999999994e-05,54399,,,,,,,,,
9.999999999999994e-05,54399,,,,,,,,,
,54399,0.003510531736537814,0.0006236344343051314,0.0022933431901037693,0.0003748723247554153,0.00021602583001367748,2.655849357324769e-06,32.0,766,
9.999999999999994e-05,54449,,,,,,,,,
9.999999999999994e-05,54449,,,,,,,,,
9.999999999999994e-05,54449,,,,,,,,,
,54449,0.0016486219828948379,2.2919964976608753e-05,0.0010803141631186008,0.0002982218866236508,0.000237257219851017,9.908647371048573e-06,32.0,766,
,54456,,,,,,,,766,0.02777210809290409
9.999999999999994e-05,54499,,,,,,,,,
9.999999999999994e-05,54499,,,,,,,,,
9.999999999999994e-05,54499,,,,,,,,,
,54499,0.0020085370633751154,0.00031580778886564076,0.0011626800987869501,0.0003276114584878087,0.0001892421714728698,1.3195625797379762e-05,32.0,767,
,54527,,,,,,,,767,0.02747681736946106
9.999999999999994e-05,54549,,,,,,,,,
9.999999999999994e-05,54549,,,,,,,,,
9.999999999999994e-05,54549,,,,,,,,,
,54549,0.001028080703690648,0.0001765224733389914,0.0005736509338021278,0.00016819796292111278,0.0001046347024384886,5.074614819022827e-06,32.0,768,
,54598,,,,,,,,768,0.02709680236876011
9.999999999999994e-05,54599,,,,,,,,,
9.999999999999994e-05,54599,,,,,,,,,
9.999999999999994e-05,54599,,,,,,,,,
,54599,0.0017219698056578636,3.20709623338189e-05,0.001147761708125472,0.00028908468084409833,0.00025184929836541414,1.2031057394779054e-06,32.0,769,
9.999999999999994e-05,54649,,,,,,,,,
9.999999999999994e-05,54649,,,,,,,,,
9.999999999999994e-05,54649,,,,,,,,,
,54649,0.0014224823098629713,5.941905692452565e-05,0.0009813816286623478,0.0002260461333207786,0.00015457540575880557,1.0599950428513694e-06,32.0,769,
,54669,,,,,,,,769,0.026683511212468147
9.999999999999994e-05,54699,,,,,,,,,
9.999999999999994e-05,54699,,,,,,,,,
9.999999999999994e-05,54699,,,,,,,,,
,54699,0.0018725405680015683,0.00013609763118438423,0.0009661014191806316,0.00039395951898768544,0.00037476629950106144,1.615689939171716e-06,32.0,770,
,54740,,,,,,,,770,0.027729934081435204
9.999999999999994e-05,54749,,,,,,,,,
9.999999999999994e-05,54749,,,,,,,,,
9.999999999999994e-05,54749,,,,,,,,,
,54749,0.0017252707621082664,0.00038152001798152924,0.0007693832740187645,0.00034076307201758027,0.00023169914493337274,1.905371618704521e-06,32.0,771,
9.999999999999994e-05,54799,,,,,,,,,
9.999999999999994e-05,54799,,,,,,,,,
9.999999999999994e-05,54799,,,,,,,,,
,54799,0.002404854167252779,0.00033376255305483937,0.0013938065385445952,0.0003875534166581929,0.00028794421814382076,1.7874980358101311e-06,32.0,771,
,54811,,,,,,,,771,0.028786398470401764
9.999999999999994e-05,54849,,,,,,,,,
9.999999999999994e-05,54849,,,,,,,,,
9.999999999999994e-05,54849,,,,,,,,,
,54849,0.002281236695125699,0.00018816927331499755,0.0013526612892746925,0.00039175289566628635,0.00034783093724399805,8.221341545322502e-07,32.0,772,
,54882,,,,,,,,772,0.02723630703985691
9.999999999999994e-05,54899,,,,,,,,,
9.999999999999994e-05,54899,,,,,,,,,
9.999999999999994e-05,54899,,,,,,,,,
,54899,0.0024576860014349222,0.00023787931422702968,0.0014020941453054547,0.0004526519333012402,0.00036326044937595725,1.8000142745222547e-06,32.0,773,
9.999999999999994e-05,54949,,,,,,,,,
9.999999999999994e-05,54949,,,,,,,,,
9.999999999999994e-05,54949,,,,,,,,,
,54949,0.0017067610751837492,6.43990351818502e-05,0.0011072236811742187,0.000244283553911373,0.00020431994926184416,8.653488475829363e-05,32.0,773,
,54953,,,,,,,,773,0.02816043607890606
9.999999999999994e-05,54999,,,,,,,,,
9.999999999999994e-05,54999,,,,,,,,,
9.999999999999994e-05,54999,,,,,,,,,
,54999,0.0024166833609342575,0.00040619325591251254,0.001399745000526309,0.00035872525768354535,0.00025004203780554235,1.977932015506667e-06,32.0,774,
,55024,,,,,,,,774,0.027988607063889503
9.999999999999994e-05,55049,,,,,,,,,
9.999999999999994e-05,55049,,,,,,,,,
9.999999999999994e-05,55049,,,,,,,,,
,55049,0.0022881762124598026,0.00014451626338995993,0.0016559603391215205,0.0002632809046190232,0.0002234952844446525,9.234994990947598e-07,32.0,775,
,55095,,,,,,,,775,0.02885996364057064
9.999999999999994e-05,55099,,,,,,,,,
9.999999999999994e-05,55099,,,,,,,,,
9.999999999999994e-05,55099,,,,,,,,,
,55099,0.0035611712373793125,0.0005675277207046747,0.0019519965862855315,0.0005625046323984861,0.00047779997112229466,1.3424147482510307e-06,33.0,776,
9.999999999999994e-05,55149,,,,,,,,,
9.999999999999994e-05,55149,,,,,,,,,
9.999999999999994e-05,55149,,,,,,,,,
,55149,0.002794707426801324,9.401608258485794e-05,0.0018022445729002357,0.0005180789157748222,0.00037862116005271673,1.7463521544414107e-06,33.0,776,
,55166,,,,,,,,776,0.027780180796980858
9.999999999999994e-05,55199,,,,,,,,,
9.999999999999994e-05,55199,,,,,,,,,
9.999999999999994e-05,55199,,,,,,,,,
,55199,0.0028558068443089724,0.0003006259212270379,0.0016627097502350807,0.0005303982179611921,0.00036049095797352493,1.5820306771274772e-06,33.0,777,
,55237,,,,,,,,777,0.027303719893097878
9.999999999999994e-05,55249,,,,,,,,,
9.999999999999994e-05,55249,,,,,,,,,
9.999999999999994e-05,55249,,,,,,,,,
,55249,0.001497136428952217,0.00019105058163404465,0.001017061760649085,0.00016745313769206405,0.00012079760927008465,7.732806466265174e-07,33.0,778,
9.999999999999994e-05,55299,,,,,,,,,
9.999999999999994e-05,55299,,,,,,,,,
9.999999999999994e-05,55299,,,,,,,,,
,55299,0.0038619758561253548,0.0005500458646565676,0.0023045758716762066,0.0005665007047355175,0.0004394176648929715,1.4355781559061143e-06,33.0,778,
,55308,,,,,,,,778,0.027854491025209427
9.999999999999994e-05,55349,,,,,,,,,
9.999999999999994e-05,55349,,,,,,,,,
9.999999999999994e-05,55349,,,,,,,,,
,55349,0.004908283706754446,0.000277188781183213,0.0040194569155573845,0.0003369740443304181,0.00027320528170093894,1.4589680858989595e-06,33.0,779,
,55379,,,,,,,,779,0.02724260278046131
9.999999999999994e-05,55399,,,,,,,,,
9.999999999999994e-05,55399,,,,,,,,,
9.999999999999994e-05,55399,,,,,,,,,
,55399,0.0027762039098888636,3.316575021017343e-05,0.0017866992857307196,0.0005214611301198602,0.00043308534077368677,1.7922462802744121e-06,33.0,780,
9.999999999999994e-05,55449,,,,,,,,,
9.999999999999994e-05,55449,,,,,,,,,
9.999999999999994e-05,55449,,,,,,,,,
,55449,0.002595605794340372,0.0002767004771158099,0.001675157225690782,0.00033337261993438005,0.0003094709827564657,9.042921078616928e-07,33.0,780,
,55450,,,,,,,,780,0.026843294501304626
9.999999999999994e-05,55499,,,,,,,,,
9.999999999999994e-05,55499,,,,,,,,,
9.999999999999994e-05,55499,,,,,,,,,
,55499,0.001810061396099627,0.0002382167731411755,0.0011448189616203308,0.00025480089243501425,0.00017147781909443438,7.469939760085254e-07,33.0,781,
,55521,,,,,,,,781,0.027500273659825325
9.999999999999994e-05,55549,,,,,,,,,
9.999999999999994e-05,55549,,,,,,,,,
9.999999999999994e-05,55549,,,,,,,,,
,55549,0.0034655961208045483,0.0009380768751725554,0.0014140019193291664,0.0006505526835098863,0.00046161285717971623,1.3518734931494691e-06,33.0,782,
,55592,,,,,,,,782,0.027532590553164482
9.999999999999994e-05,55599,,,,,,,,,
9.999999999999994e-05,55599,,,,,,,,,
9.999999999999994e-05,55599,,,,,,,,,
,55599,0.0023070327006280422,0.0002896646619774401,0.0014653046382591128,0.0003470746160019189,0.00020316521113272756,1.82345809207618e-06,33.0,783,
9.999999999999994e-05,55649,,,,,,,,,
9.999999999999994e-05,55649,,,,,,,,,
9.999999999999994e-05,55649,,,,,,,,,
,55649,0.0014951004413887858,4.310843360144645e-05,0.0009439723799005151,0.0003261942765675485,0.00018009227642323822,1.732908117446641e-06,33.0,783,
,55663,,,,,,,,783,0.02723042294383049
9.999999999999994e-05,55699,,,,,,,,,
9.999999999999994e-05,55699,,,,,,,,,
9.999999999999994e-05,55699,,,,,,,,,
,55699,0.002081935526803136,0.00021341652609407902,0.0015635737217962742,0.0001763613399816677,0.00012757891090586782,1.0051733170257648e-06,33.0,784,
,55734,,,,,,,,784,0.02741900272667408
9.999999999999994e-05,55749,,,,,,,,,
9.999999999999994e-05,55749,,,,,,,,,
9.999999999999994e-05,55749,,,,,,,,,
,55749,0.001574655412696302,4.77412213513162e-05,0.0011036539217457175,0.000267521885689348,0.00015444422024302185,1.2941515024067485e-06,33.0,785,
9.999999999999994e-05,55799,,,,,,,,,
9.999999999999994e-05,55799,,,,,,,,,
9.999999999999994e-05,55799,,,,,,,,,
,55799,0.0009839271660894156,2.7882382710231468e-05,0.0007012512069195509,0.0001678129192441702,8.573901141062379e-05,1.2417100379025214e-06,33.0,785,
,55805,,,,,,,,785,0.02759246528148651
9.999999999999994e-05,55849,,,,,,,,,
9.999999999999994e-05,55849,,,,,,,,,
9.999999999999994e-05,55849,,,,,,,,,
,55849,0.001335581298917532,0.00018040367285721004,0.0008575114188715816,0.0002022935077548027,9.008443157654256e-05,5.288285137794446e-06,33.0,786,
,55876,,,,,,,,786,0.02760806865990162
9.999999999999994e-05,55899,,,,,,,,,
9.999999999999994e-05,55899,,,,,,,,,
9.999999999999994e-05,55899,,,,,,,,,
,55899,0.002737958449870348,0.00019382366735953838,0.0020382755901664495,0.00028550869319587946,0.00019522642833180726,2.512408173060976e-05,33.0,787,
,55947,,,,,,,,787,0.027503903955221176
9.999999999999994e-05,55949,,,,,,,,,
9.999999999999994e-05,55949,,,,,,,,,
9.999999999999994e-05,55949,,,,,,,,,
,55949,0.0021247612312436104,0.00030578687437810004,0.0010254292283207178,0.0003028983192052692,0.00017171938088722527,0.00031892748665995896,33.0,788,
9.999999999999994e-05,55999,,,,,,,,,
9.999999999999994e-05,55999,,,,,,,,,
9.999999999999994e-05,55999,,,,,,,,,
,55999,0.002647173358127475,0.0003754962235689163,0.0016648219898343086,0.0003373405197635293,0.0002624712069518864,7.043628102110233e-06,33.0,788,
,56018,,,,,,,,788,0.027828091755509377
9.999999999999994e-05,56049,,,,,,,,,
9.999999999999994e-05,56049,,,,,,,,,
9.999999999999994e-05,56049,,,,,,,,,
,56049,0.0018046163022518158,9.223597589880228e-05,0.0012948130024597049,0.00021929801732767373,0.0001716301339911297,2.6639050702215172e-05,33.0,789,
,56089,,,,,,,,789,0.027385279536247253
9.999999999999994e-05,56099,,,,,,,,,
9.999999999999994e-05,56099,,,,,,,,,
9.999999999999994e-05,56099,,,,,,,,,
,56099,0.0019806348718702793,0.00025318056577816606,0.0013331739464774728,0.00021814630599692464,0.00017459300579503179,1.541021106277185e-06,33.0,790,
9.999999999999994e-05,56149,,,,,,,,,
9.999999999999994e-05,56149,,,,,,,,,
9.999999999999994e-05,56149,,,,,,,,,
,56149,0.001388704520650208,0.0001980646775336936,0.0007741483859717846,0.00023330065596383065,0.00018242269288748503,7.680799285481044e-07,33.0,790,
,56160,,,,,,,,790,0.02805616520345211
9.999999999999994e-05,56199,,,,,,,,,
9.999999999999994e-05,56199,,,,,,,,,
9.999999999999994e-05,56199,,,,,,,,,
,56199,0.0018499703146517277,6.204539386089891e-05,0.0012539769522845745,0.00028477210435085,0.0002480358234606683,1.1399201866879594e-06,33.0,791,
,56231,,,,,,,,791,0.02831021137535572
9.999999999999994e-05,56249,,,,,,,,,
9.999999999999994e-05,56249,,,,,,,,,
9.999999999999994e-05,56249,,,,,,,,,
,56249,0.0022406347561627626,0.00031620723893865943,0.0013273530639708042,0.00034199608489871025,0.00025394174735993147,1.1365286809450481e-06,33.0,792,
9.999999999999994e-05,56299,,,,,,,,,
9.999999999999994e-05,56299,,,,,,,,,
9.999999999999994e-05,56299,,,,,,,,,
,56299,0.0022143975365906954,0.00010261349234497175,0.0015262358356267214,0.00034701055847108364,0.00023718024021945894,1.3573466048910632e-06,33.0,792,
,56302,,,,,,,,792,0.028020774945616722
9.999999999999994e-05,56349,,,,,,,,,
9.999999999999994e-05,56349,,,,,,,,,
9.999999999999994e-05,56349,,,,,,,,,
,56349,0.003860299475491047,0.00028084631776437163,0.002914266660809517,0.0003377869143150747,0.00032652559457346797,8.738109045225428e-07,33.0,793,
,56373,,,,,,,,793,0.02811930701136589
9.999999999999994e-05,56399,,,,,,,,,
9.999999999999994e-05,56399,,,,,,,,,
9.999999999999994e-05,56399,,,,,,,,,
,56399,0.0024760770611464977,0.0003042530734091997,0.0015820797998458147,0.00034397351555526257,0.0002445040736347437,1.2665694839597563e-06,33.0,794,
,56444,,,,,,,,794,0.028122998774051666
9.999999999999994e-05,56449,,,,,,,,,
9.999999999999994e-05,56449,,,,,,,,,
9.999999999999994e-05,56449,,,,,,,,,
,56449,0.0025194180198013783,0.00021426159946713597,0.0019268682226538658,0.00022525532403960824,0.00015232533041853458,7.075755661389849e-07,33.0,795,
9.999999999999994e-05,56499,,,,,,,,,
9.999999999999994e-05,56499,,,,,,,,,
9.999999999999994e-05,56499,,,,,,,,,
,56499,0.003279757220298052,0.0005876108771190047,0.0015647076070308685,0.0006143834907561541,0.0005109180347062647,2.137231376764248e-06,33.0,795,
,56515,,,,,,,,795,0.0277719609439373
9.999999999999994e-05,56549,,,,,,,,,
9.999999999999994e-05,56549,,,,,,,,,
9.999999999999994e-05,56549,,,,,,,,,
,56549,0.00227533420547843,0.0005029846797697246,0.0011065250728279352,0.0003740940592251718,0.0002903847780544311,1.345513396699971e-06,33.0,796,
,56586,,,,,,,,796,0.027959221974015236
9.999999999999994e-05,56599,,,,,,,,,
9.999999999999994e-05,56599,,,,,,,,,
9.999999999999994e-05,56599,,,,,,,,,
,56599,0.0019845995120704174,0.00011516943050082773,0.0012060092994943261,0.0003899021539837122,0.0002721540513448417,1.364696345262928e-06,33.0,797,
9.999999999999994e-05,56649,,,,,,,,,
9.999999999999994e-05,56649,,,,,,,,,
9.999999999999994e-05,56649,,,,,,,,,
,56649,0.0019702634308487177,0.00022963425726629794,0.0012148016830906272,0.0002969361376017332,0.00022740295389667153,1.4885907830830547e-06,33.0,797,
,56657,,,,,,,,797,0.02765795774757862
9.999999999999994e-05,56699,,,,,,,,,
9.999999999999994e-05,56699,,,,,,,,,
9.999999999999994e-05,56699,,,,,,,,,
,56699,0.0016466843662783504,0.00025949039263650775,0.0009461712324991822,0.0002637172001414001,0.00017587294860277325,1.4326365089800674e-06,33.0,798,
,56728,,,,,,,,798,0.028254298493266106
9.999999999999994e-05,56749,,,,,,,,,
9.999999999999994e-05,56749,,,,,,,,,
9.999999999999994e-05,56749,,,,,,,,,
,56749,0.0027267555706202984,0.00038249773206189275,0.0017028017900884151,0.0003516304714139551,0.00028815242694690824,1.673342012509238e-06,33.0,799,
9.999999999999994e-05,56799,,,,,,,,,
,56799,0.002951964270323515,4.2211868276353925e-05,0.0023544803261756897,0.0003405081224627793,0.0002137183619197458,1.0455522669872153e-06,33.0,799,
,56799,,,,,,,,799,0.02841569483280182
9.999999999999994e-05,56849,,,,,,,,,
9.999999999999994e-05,56849,,,,,,,,,
9.999999999999994e-05,56849,,,,,,,,,
,56849,0.00212745345197618,0.00036196166183799505,0.0011217372957617044,0.0003664876567199826,0.00027563967159949243,1.6271688991764677e-06,33.0,800,
,56870,,,,,,,,800,0.027373498305678368
9.999999999999994e-05,56899,,,,,,,,,
9.999999999999994e-05,56899,,,,,,,,,
9.999999999999994e-05,56899,,,,,,,,,
,56899,0.0014519551768898964,4.061272193212062e-05,0.0010798705043271184,0.00022972782608121634,0.00010057691542897373,1.1671954780467786e-06,33.0,801,
,56941,,,,,,,,801,0.027660086750984192
9.999999999999994e-05,56949,,,,,,,,,
9.999999999999994e-05,56949,,,,,,,,,
9.999999999999994e-05,56949,,,,,,,,,
,56949,0.0025085192173719406,0.0005681918701156974,0.001440207939594984,0.0002733586588874459,0.00022597148199565709,7.893720521678915e-07,33.0,802,
9.999999999999994e-05,56999,,,,,,,,,
9.999999999999994e-05,56999,,,,,,,,,
9.999999999999994e-05,56999,,,,,,,,,
,56999,0.0015766300493851304,9.849939669948071e-05,0.0011500619584694505,0.00019953958690166473,0.00012706669804174453,1.4623557262893883e-06,33.0,802,
,57012,,,,,,,,802,0.027968408539891243
9.999999999999994e-05,57049,,,,,,,,,
9.999999999999994e-05,57049,,,,,,,,,
9.999999999999994e-05,57049,,,,,,,,,
,57049,0.0022449062671512365,0.00023600927670486271,0.0015042980667203665,0.00028891072724945843,0.00021444118465296924,1.2469557759686722e-06,33.0,803,
,57083,,,,,,,,803,0.027073655277490616
9.999999999999994e-05,57099,,,,,,,,,
9.999999999999994e-05,57099,,,,,,,,,
9.999999999999994e-05,57099,,,,,,,,,
,57099,0.0015489996876567602,2.346459950786084e-05,0.001282017445191741,0.00014885513519402593,9.364970173919573e-05,1.0127592986464151e-06,33.0,804,
9.999999999999994e-05,57149,,,,,,,,,
9.999999999999994e-05,57149,,,,,,,,,
9.999999999999994e-05,57149,,,,,,,,,
,57149,0.001439248793758452,0.00020663064788095653,0.0008164128521457314,0.0002568660711403936,0.00015821449051145464,1.1246462463532225e-06,33.0,804,
,57154,,,,,,,,804,0.02725851908326149
9.999999999999994e-05,57199,,,,,,,,,
9.999999999999994e-05,57199,,,,,,,,,
9.999999999999994e-05,57199,,,,,,,,,
,57199,0.0016454244032502174,0.00015204341616481543,0.0009358981624245644,0.00032764370553195477,0.00022817772696726024,1.6613942079857225e-06,33.0,805,
,57225,,,,,,,,805,0.026918528601527214
9.999999999999994e-05,57249,,,,,,,,,
9.999999999999994e-05,57249,,,,,,,,,
9.999999999999994e-05,57249,,,,,,,,,
,57249,0.0019012594129890203,0.0003003509482368827,0.0012639074120670557,0.0002176034467993304,0.00011815811012638733,1.2395466910675168e-06,33.0,806,
,57296,,,,,,,,806,0.027931855991482735
9.999999999999994e-05,57299,,,,,,,,,
9.999999999999994e-05,57299,,,,,,,,,
9.999999999999994e-05,57299,,,,,,,,,
,57299,0.0015026632463559508,2.7727859560400248e-05,0.0009985031792894006,0.00023791842977516353,0.0002362595550948754,2.254126911793719e-06,33.0,807,
9.999999999999994e-05,57349,,,,,,,,,
9.999999999999994e-05,57349,,,,,,,,,
9.999999999999994e-05,57349,,,,,,,,,
,57349,0.0027076341211795807,0.0003078987938351929,0.0017845851834863424,0.0003505136410240084,0.0002627661742735654,1.8704405420066905e-06,33.0,807,
,57367,,,,,,,,807,0.02735402248799801
9.999999999999994e-05,57399,,,,,,,,,
9.999999999999994e-05,57399,,,,,,,,,
9.999999999999994e-05,57399,,,,,,,,,
,57399,0.001986324554309249,4.932437150273472e-05,0.0012286771088838577,0.0004235349770169705,0.0002786149852909148,6.173003384901676e-06,33.0,808,
,57438,,,,,,,,808,0.02794579230248928
9.999999999999994e-05,57449,,,,,,,,,
9.999999999999994e-05,57449,,,,,,,,,
9.999999999999994e-05,57449,,,,,,,,,
,57449,0.0013670584885403514,0.00022088742116466165,0.0006884909817017615,0.00027580055757425725,0.00017875821504276246,3.1213010061037494e-06,33.0,809,
9.999999999999994e-05,57499,,,,,,,,,
9.999999999999994e-05,57499,,,,,,,,,
9.999999999999994e-05,57499,,,,,,,,,
,57499,0.00193886854685843,7.519757491536438e-05,0.0011696461588144302,0.0003138204920105636,0.000289414165308699,9.079013398149982e-05,33.0,809,
,57509,,,,,,,,809,0.028229856863617897
9.999999999999994e-05,57549,,,,,,,,,
9.999999999999994e-05,57549,,,,,,,,,
9.999999999999994e-05,57549,,,,,,,,,
,57549,0.0033546453341841698,0.00043878916767425835,0.0019496071618050337,0.0005298504838719964,0.00042170326923951507,1.4695322533953004e-05,33.0,810,
,57580,,,,,,,,810,0.027646897360682487
9.999999999999994e-05,57599,,,,,,,,,
9.999999999999994e-05,57599,,,,,,,,,
9.999999999999994e-05,57599,,,,,,,,,
,57599,0.002501718932762742,0.0002207329380325973,0.00174337241332978,0.0003114260034635663,0.00021914896205998957,7.03878913554945e-06,33.0,811,
9.999999999999994e-05,57649,,,,,,,,,
9.999999999999994e-05,57649,,,,,,,,,
9.999999999999994e-05,57649,,,,,,,,,
,57649,0.0017092705238610506,0.000413270085118711,0.0008208497893065214,0.00027012539794668555,0.00017420713265892118,3.0818162485957146e-05,33.0,811,
,57651,,,,,,,,811,0.02738058753311634
9.999999999999994e-05,57699,,,,,,,,,
9.999999999999994e-05,57699,,,,,,,,,
9.999999999999994e-05,57699,,,,,,,,,
,57699,0.0016463976353406906,2.4502103769918904e-05,0.0007895042654126883,0.0002191378443967551,0.00017051538452506065,0.00044273812090978026,33.0,812,
,57722,,,,,,,,812,0.02701093629002571
9.999999999999994e-05,57749,,,,,,,,,
9.999999999999994e-05,57749,,,,,,,,,
9.999999999999994e-05,57749,,,,,,,,,
,57749,0.0016035792650654912,0.00013151188613846898,0.001252015819773078,0.0001558208605274558,6.077535726944916e-05,3.4554479952930706e-06,33.0,813,
,57793,,,,,,,,813,0.026905793696641922
9.999999999999994e-05,57799,,,,,,,,,
9.999999999999994e-05,57799,,,,,,,,,
9.999999999999994e-05,57799,,,,,,,,,
,57799,0.007416947279125452,0.00021580170141533017,0.00592753104865551,0.0005724815418943763,0.0006545283831655979,4.6604083763668314e-05,33.0,814,
9.999999999999994e-05,57849,,,,,,,,,
9.999999999999994e-05,57849,,,,,,,,,
9.999999999999994e-05,57849,,,,,,,,,
,57849,0.00301409256644547,0.00023542196140624583,0.00219009630382061,0.0003346004814375192,0.00024927270715124905,4.701053967437474e-06,33.0,814,
,57864,,,,,,,,814,0.027072694152593613
9.999999999999994e-05,57899,,,,,,,,,
9.999999999999994e-05,57899,,,,,,,,,
9.999999999999994e-05,57899,,,,,,,,,
,57899,0.0021959857549518347,0.00026113505009561777,0.0014245372731238604,0.0002584542671684176,0.0002508741454221308,9.85013116405753e-07,33.0,815,
,57935,,,,,,,,815,0.02830333448946476
9.999999999999994e-05,57949,,,,,,,,,
9.999999999999994e-05,57949,,,,,,,,,
9.999999999999994e-05,57949,,,,,,,,,
,57949,0.0017867046408355236,0.0003230131114833057,0.0010077431797981262,0.0002728176477830857,0.00018185922817792743,1.2714214108200395e-06,33.0,816,
9.999999999999994e-05,57999,,,,,,,,,
9.999999999999994e-05,57999,,,,,,,,,
9.999999999999994e-05,57999,,,,,,,,,
,57999,0.002150049665942788,0.0002808064455166459,0.001304661389440298,0.000330144859617576,0.00023360594059340656,8.30981036870071e-07,33.0,816,
,58006,,,,,,,,816,0.0284634530544281
9.999999999999994e-05,58049,,,,,,,,,
9.999999999999994e-05,58049,,,,,,,,,
9.999999999999994e-05,58049,,,,,,,,,
,58049,0.0018092187820002437,0.000226819101953879,0.0010419458849355578,0.00028550263959914446,0.0002543096779845655,6.415118605218595e-07,33.0,817,
,58077,,,,,,,,817,0.027361318469047546
9.999999999999994e-05,58099,,,,,,,,,
9.999999999999994e-05,58099,,,,,,,,,
9.999999999999994e-05,58099,,,,,,,,,
,58099,0.003881653770804405,0.00011796307808253914,0.0032944832928478718,0.00030514775426127017,0.00016319280257448554,8.665419954922982e-07,33.0,818,
,58148,,,,,,,,818,0.027514854446053505
9.999999999999994e-05,58149,,,,,,,,,
9.999999999999994e-05,58149,,,,,,,,,
9.999999999999994e-05,58149,,,,,,,,,
,58149,0.0017652265960350633,0.00016526371473446488,0.0009785352740436792,0.0003654450993053615,0.00025456471485085785,1.4177727507558302e-06,33.0,819,
9.999999999999994e-05,58199,,,,,,,,,
9.999999999999994e-05,58199,,,,,,,,,
9.999999999999994e-05,58199,,,,,,,,,
,58199,0.0049371011555194855,0.00024188298266381025,0.0039184181950986385,0.0004147329891566187,0.0003610585117712617,1.0084125960929669e-06,33.0,819,
,58219,,,,,,,,819,0.028036290779709816
9.999999999999994e-05,58249,,,,,,,,,
9.999999999999994e-05,58249,,,,,,,,,
9.999999999999994e-05,58249,,,,,,,,,
,58249,0.0022390394005924463,0.0003150550473947078,0.0013654029462486506,0.0003490629605948925,0.0002079815894830972,1.5368602817034116e-06,33.0,820,
,58290,,,,,,,,820,0.02773314155638218
9.999999999999994e-05,58299,,,,,,,,,
9.999999999999994e-05,58299,,,,,,,,,
9.999999999999994e-05,58299,,,,,,,,,
,58299,0.002732746070250869,0.00044835027074441314,0.0015825219452381134,0.0003792775678448379,0.0003214224416296929,1.1737799923139391e-06,33.0,821,
9.999999999999994e-05,58349,,,,,,,,,
9.999999999999994e-05,58349,,,,,,,,,
9.999999999999994e-05,58349,,,,,,,,,
,58349,0.0018019074341282248,2.4905319151002914e-05,0.0011651453096419573,0.00037585111567750573,0.00023439747747033834,1.6081198737083469e-06,33.0,821,
,58361,,,,,,,,821,0.027561740949749947
9.999999999999994e-05,58399,,,,,,,,,
9.999999999999994e-05,58399,,,,,,,,,
9.999999999999994e-05,58399,,,,,,,,,
,58399,0.002290518255904317,3.0360872187884524e-05,0.001707990188151598,0.0003203104715794325,0.00023037250502966344,1.4841938309473335e-06,33.0,822,
,58432,,,,,,,,822,0.02813464216887951
9.999999999999994e-05,58449,,,,,,,,,
9.999999999999994e-05,58449,,,,,,,,,
9.999999999999994e-05,58449,,,,,,,,,
,58449,0.002575839404016733,0.0005203835316933692,0.0014687669463455677,0.0003547258966136724,0.00023106277512852103,9.003784384731262e-07,33.0,823,
9.999999999999994e-05,58499,,,,,,,,,
9.999999999999994e-05,58499,,,,,,,,,
9.999999999999994e-05,58499,,,,,,,,,
,58499,0.002359330654144287,0.00042501575080677867,0.0013315256219357252,0.0003289128071628511,0.0002724874357227236,1.3889275578549132e-06,33.0,823,
,58503,,,,,,,,823,0.027438152581453323
9.999999999999994e-05,58549,,,,,,,,,
9.999999999999994e-05,58549,,,,,,,,,
9.999999999999994e-05,58549,,,,,,,,,
,58549,0.0027317097410559654,0.0003062313189730048,0.0017990980995818973,0.00037591170985251665,0.00024843571009114385,2.0327672700659605e-06,33.0,824,
,58574,,,,,,,,824,0.02699897438287735
9.999999999999994e-05,58599,,,,,,,,,
9.999999999999994e-05,58599,,,,,,,,,
9.999999999999994e-05,58599,,,,,,,,,
,58599,0.0015615972224622965,0.00021327787544578314,0.0009413030929863453,0.00023376275203190744,0.00017234832921531051,9.051451002051181e-07,33.0,825,
,58645,,,,,,,,825,0.02831173501908779
9.999999999999994e-05,58649,,,,,,,,,
9.999999999999994e-05,58649,,,,,,,,,
9.999999999999994e-05,58649,,,,,,,,,
,58649,0.0038658329285681248,0.00019214421627111733,0.003152802586555481,0.0002743136719800532,0.000245955801801756,6.167254014144419e-07,33.0,826,
9.999999999999994e-05,58699,,,,,,,,,
9.999999999999994e-05,58699,,,,,,,,,
9.999999999999994e-05,58699,,,,,,,,,
,58699,0.00416772672906518,0.000989055959507823,0.0023339265026152134,0.0004375914577394724,0.0004059546045027673,1.1980548606516095e-06,34.0,826,
,58716,,,,,,,,826,0.027382321655750275
9.999999999999994e-05,58749,,,,,,,,,
9.999999999999994e-05,58749,,,,,,,,,
9.999999999999994e-05,58749,,,,,,,,,
,58749,0.002429487183690071,3.107538941549137e-05,0.0019765037577599287,0.00022695623920299113,0.00019126346160192043,3.688327296913485e-06,34.0,827,
,58787,,,,,,,,827,0.028221478685736656
9.999999999999994e-05,58799,,,,,,,,,
9.999999999999994e-05,58799,,,,,,,,,
9.999999999999994e-05,58799,,,,,,,,,
,58799,0.0040595270693302155,0.0002039786777459085,0.0027242230717092752,0.0006281493697315454,0.00047758809523656964,2.558776395744644e-05,34.0,828,
9.999999999999994e-05,58849,,,,,,,,,
9.999999999999994e-05,58849,,,,,,,,,
9.999999999999994e-05,58849,,,,,,,,,
,58849,0.007907932624220848,0.000401241093641147,0.005805784836411476,0.0008872762555256486,0.0008080430561676621,5.587189207290066e-06,34.0,828,
,58858,,,,,,,,828,0.02792450599372387
9.999999999999994e-05,58899,,,,,,,,,
9.999999999999994e-05,58899,,,,,,,,,
9.999999999999994e-05,58899,,,,,,,,,
,58899,0.002714902861043811,0.00038829108234494925,0.0014633587561547756,0.00045332079753279686,0.00034014490665867925,6.978715100558475e-05,34.0,829,
,58929,,,,,,,,829,0.027828525751829147
9.999999999999994e-05,58949,,,,,,,,,
9.999999999999994e-05,58949,,,,,,,,,
9.999999999999994e-05,58949,,,,,,,,,
,58949,0.0023564586881548166,1.5337191143771634e-05,0.0016055500600486994,0.00041786563815549016,0.00030428468016907573,1.3421131370705552e-05,34.0,830,
9.999999999999994e-05,58999,,,,,,,,,
9.999999999999994e-05,58999,,,,,,,,,
9.999999999999994e-05,58999,,,,,,,,,
,58999,0.0022258993703871965,0.0004419788019731641,0.0013193385675549507,0.00025467367959208786,0.00020872030290775,1.1878886425620294e-06,34.0,830,
,59000,,,,,,,,830,0.028132889419794083
9.999999999999994e-05,59049,,,,,,,,,
9.999999999999994e-05,59049,,,,,,,,,
9.999999999999994e-05,59049,,,,,,,,,
,59049,0.0022673639468848705,0.00020275676797609776,0.0014443364925682545,0.0003658937057480216,0.0002533915685489774,9.853190476860618e-07,34.0,831,
,59071,,,,,,,,831,0.027537144720554352
9.999999999999994e-05,59099,,,,,,,,,
9.999999999999994e-05,59099,,,,,,,,,
9.999999999999994e-05,59099,,,,,,,,,
,59099,0.001577625167556107,6.363523425534368e-05,0.0009121057810261846,0.00033816444920375943,0.0002623099135234952,1.4097537359702983e-06,34.0,832,
,59142,,,,,,,,832,0.027721146121621132
9.999999999999994e-05,59149,,,,,,,,,
9.999999999999994e-05,59149,,,,,,,,,
9.999999999999994e-05,59149,,,,,,,,,
,59149,0.004559798166155815,0.000685333157889545,0.0014900285750627518,0.0012976640136912465,0.0010848327074199915,1.9401393274165457e-06,34.0,833,
9.999999999999994e-05,59199,,,,,,,,,
9.999999999999994e-05,59199,,,,,,,,,
9.999999999999994e-05,59199,,,,,,,,,
,59199,0.0022453314159065485,0.0002805808908306062,0.0011748380493372679,0.00040301677654497325,0.0003860690339934081,8.265895985459792e-07,34.0,833,
,59213,,,,,,,,833,0.027991678565740585
9.999999999999994e-05,59249,,,,,,,,,
9.999999999999994e-05,59249,,,,,,,,,
9.999999999999994e-05,59249,,,,,,,,,
,59249,0.0017947361338883638,0.00016147202404681593,0.0011747600510716438,0.0002552198711782694,0.0002024970599450171,7.87149872394366e-07,34.0,834,
,59284,,,,,,,,834,0.027275847271084785
9.999999999999994e-05,59299,,,,,,,,,
9.999999999999994e-05,59299,,,,,,,,,
9.999999999999994e-05,59299,,,,,,,,,
,59299,0.004471559077501297,0.0002546191099099815,0.003447535913437605,0.000423486897489056,0.0003452954115346074,6.21523440713645e-07,34.0,835,
9.999999999999994e-05,59349,,,,,,,,,
9.999999999999994e-05,59349,,,,,,,,,
9.999999999999994e-05,59349,,,,,,,,,
,59349,0.0021208850666880608,3.9357488276436925e-05,0.0012534580891951919,0.0004936597542837262,0.00033278873888775706,1.6208648503379663e-06,34.0,835,
,59355,,,,,,,,835,0.027366161346435547
9.999999999999994e-05,59399,,,,,,,,,
9.999999999999994e-05,59399,,,,,,,,,
9.999999999999994e-05,59399,,,,,,,,,
,59399,0.0013356939889490604,0.00012146314111305401,0.0008621702436357737,0.00021496813860721886,0.00013618891534861177,9.036205597112712e-07,34.0,836,
,59426,,,,,,,,836,0.027612637728452682
9.999999999999994e-05,59449,,,,,,,,,
9.999999999999994e-05,59449,,,,,,,,,
9.999999999999994e-05,59449,,,,,,,,,
,59449,0.0033410030882805586,2.5938898033928126e-05,0.0027759955264627934,0.0004411196568980813,9.716290514916182e-05,7.857551054257783e-07,34.0,837,
,59497,,,,,,,,837,0.027619197964668274
9.999999999999994e-05,59499,,,,,,,,,
9.999999999999994e-05,59499,,,,,,,,,
9.999999999999994e-05,59499,,,,,,,,,
,59499,0.0023145328741520643,0.00042225548531860113,0.0011834504548460245,0.00042968045454472303,0.00027789207524619997,1.2545408480946207e-06,34.0,838,
9.999999999999994e-05,59549,,,,,,,,,
9.999999999999994e-05,59549,,,,,,,,,
9.999999999999994e-05,59549,,,,,,,,,
,59549,0.002492882078513503,0.00020536943338811398,0.0012356615625321865,0.0005492529598996043,0.0005016978830099106,9.003521768136125e-07,34.0,838,
,59568,,,,,,,,838,0.026700681075453758
9.999999999999994e-05,59599,,,,,,,,,
9.999999999999994e-05,59599,,,,,,,,,
9.999999999999994e-05,59599,,,,,,,,,
,59599,0.004203546326607466,0.00014784849190618843,0.0023896750062704086,0.0008312282734550536,0.0008340813219547272,7.132021551115031e-07,34.0,839,
,59639,,,,,,,,839,0.02771790511906147
9.999999999999994e-05,59649,,,,,,,,,
9.999999999999994e-05,59649,,,,,,,,,
9.999999999999994e-05,59649,,,,,,,,,
,59649,0.003266202285885811,0.0003086710930801928,0.0024940152652561665,0.0002631981624290347,0.00019972198060713708,5.957558073532709e-07,34.0,840,
9.999999999999994e-05,59699,,,,,,,,,
9.999999999999994e-05,59699,,,,,,,,,
9.999999999999994e-05,59699,,,,,,,,,
,59699,0.0021853691432625055,0.00027497083647176623,0.0013352412497624755,0.00031882899929769337,0.0002552180958446115,1.110185280595033e-06,34.0,840,
,59710,,,,,,,,840,0.02693937160074711
9.999999999999994e-05,59749,,,,,,,,,
9.999999999999994e-05,59749,,,,,,,,,
9.999999999999994e-05,59749,,,,,,,,,
,59749,0.003795855212956667,0.0007750627701170743,0.0023241564631462097,0.0003840560675598681,0.00031180106452666223,7.790417839714792e-07,34.0,841,
,59781,,,,,,,,841,0.02893627993762493
9.999999999999994e-05,59799,,,,,,,,,
9.999999999999994e-05,59799,,,,,,,,,
9.999999999999994e-05,59799,,,,,,,,,
,59799,0.0021326960995793343,0.0003292556502856314,0.0013004726497456431,0.00028697727248072624,0.0002021274995058775,1.3863075764675159e-05,34.0,842,
9.999999999999994e-05,59849,,,,,,,,,
9.999999999999994e-05,59849,,,,,,,,,
9.999999999999994e-05,59849,,,,,,,,,
,59849,0.001921861432492733,3.8195277738850564e-05,0.0012201090576127172,0.000393054069718346,0.00025907898088917136,1.142404380516382e-05,34.0,842,
,59852,,,,,,,,842,0.02718576043844223
9.999999999999994e-05,59899,,,,,,,,,
9.999999999999994e-05,59899,,,,,,,,,
9.999999999999994e-05,59899,,,,,,,,,
,59899,0.0014715276192873716,1.015415728033986e-05,0.0006620007334277034,0.00020914713968522847,0.0001308331557083875,0.0004593924095388502,34.0,843,
,59923,,,,,,,,843,0.027837950736284256
9.999999999999994e-05,59949,,,,,,,,,
9.999999999999994e-05,59949,,,,,,,,,
9.999999999999994e-05,59949,,,,,,,,,
,59949,0.0020137771498411894,0.00016526343824807554,0.0013752758968621492,0.00024345343990717083,0.0002197964786319062,9.988024430640507e-06,34.0,844,
,59994,,,,,,,,844,0.027474159374833107
9.999999999999994e-05,59999,,,,,,,,,
9.999999999999994e-05,59999,,,,,,,,,
9.999999999999994e-05,59999,,,,,,,,,
,59999,0.0027033002115786076,0.00019692216301336884,0.0020616035908460617,0.0002515507221687585,0.00019221758702769876,1.0063611171062803e-06,34.0,845,
9.999999999999994e-05,60049,,,,,,,,,
9.999999999999994e-05,60049,,,,,,,,,
9.999999999999994e-05,60049,,,,,,,,,
,60049,0.0018720071529969573,5.917474118177779e-05,0.001361129223369062,0.00025640163221396506,0.000194285370525904,1.0161801355934585e-06,34.0,845,
,60065,,,,,,,,845,0.029712896794080734
9.999999999999994e-05,60099,,,,,,,,,
9.999999999999994e-05,60099,,,,,,,,,
9.999999999999994e-05,60099,,,,,,,,,
,60099,0.010111327283084393,0.0005707029486075044,0.007772794459015131,0.0008697562152519822,0.0008969569462351501,1.1167004458911833e-06,34.0,846,
,60136,,,,,,,,846,0.027294375002384186
9.999999999999994e-05,60149,,,,,,,,,
9.999999999999994e-05,60149,,,,,,,,,
9.999999999999994e-05,60149,,,,,,,,,
,60149,0.003148098476231098,0.000534339458681643,0.002130703069269657,0.00030283117666840553,0.00017923812265507877,9.867967492027674e-07,34.0,847,
9.999999999999994e-05,60199,,,,,,,,,
9.999999999999994e-05,60199,,,,,,,,,
9.999999999999994e-05,60199,,,,,,,,,
,60199,0.0023930820170789957,0.0005056756781414151,0.0015320624224841595,0.00020650986698456109,0.00014807569095864892,7.586560855088464e-07,34.0,847,
,60207,,,,,,,,847,0.026903795078396797
9.999999999999994e-05,60249,,,,,,,,,
9.999999999999994e-05,60249,,,,,,,,,
9.999999999999994e-05,60249,,,,,,,,,
,60249,0.0018916962435469031,0.00036400786484591663,0.0010115308687090874,0.00032855907920747995,0.00018601969350129366,1.578736373630818e-06,34.0,848,
,60278,,,,,,,,848,0.026935676112771034
9.999999999999994e-05,60299,,,,,,,,,
9.999999999999994e-05,60299,,,,,,,,,
9.999999999999994e-05,60299,,,,,,,,,
,60299,0.0027058690320700407,0.0003648992860689759,0.0016599331283941865,0.0003879182040691376,0.00029193205409683287,1.1863143072332605e-06,34.0,849,
9.999999999999994e-05,60349,,,,,,,,,
,60349,0.0019725412130355835,0.0002558527048677206,0.0013435212895274162,0.0002162037417292595,0.00015610903210472316,8.545044352104014e-07,34.0,849,
,60349,,,,,,,,849,0.027262968942523003
9.999999999999994e-05,60399,,,,,,,,,
9.999999999999994e-05,60399,,,,,,,,,
9.999999999999994e-05,60399,,,,,,,,,
,60399,0.0017648697830736637,0.0002743359364103526,0.001101443893276155,0.00023285251518245786,0.0001552276371512562,1.0098381153511582e-06,34.0,850,
,60420,,,,,,,,850,0.02662642113864422
9.999999999999994e-05,60449,,,,,,,,,
9.999999999999994e-05,60449,,,,,,,,,
9.999999999999994e-05,60449,,,,,,,,,
,60449,0.004017499275505543,0.00039962658775039017,0.002865202259272337,0.00045588973443955183,0.0002951623173430562,1.6187296978387167e-06,34.0,851,
,60491,,,,,,,,851,0.02773081138730049
9.999999999999994e-05,60499,,,,,,,,,
9.999999999999994e-05,60499,,,,,,,,,
9.999999999999994e-05,60499,,,,,,,,,
,60499,0.0026811116840690374,0.0002706904779188335,0.0018132143886759877,0.00036177446600049734,0.00023427199630532414,1.1604613519011764e-06,34.0,852,
9.999999999999994e-05,60549,,,,,,,,,
9.999999999999994e-05,60549,,,,,,,,,
9.999999999999994e-05,60549,,,,,,,,,
,60549,0.0022334959357976913,6.463848694693297e-05,0.0015338272787630558,0.000338660494890064,0.00029576075030490756,6.088133090997871e-07,34.0,852,
,60562,,,,,,,,852,0.02821870520710945
9.999999999999994e-05,60599,,,,,,,,,
9.999999999999994e-05,60599,,,,,,,,,
9.999999999999994e-05,60599,,,,,,,,,
,60599,0.0027491762302815914,0.0003605069941841066,0.0015723370015621185,0.0004800212336704135,0.00033469367190264165,1.6172976984307752e-06,34.0,853,
,60633,,,,,,,,853,0.02803654968738556
9.999999999999994e-05,60649,,,,,,,,,
9.999999999999994e-05,60649,,,,,,,,,
9.999999999999994e-05,60649,,,,,,,,,
,60649,0.0026073961053043604,0.00021120187011547387,0.0017063840059563518,0.0003569213440641761,0.0003316749644000083,1.2140436638219398e-06,34.0,854,
9.999999999999994e-05,60699,,,,,,,,,
9.999999999999994e-05,60699,,,,,,,,,
9.999999999999994e-05,60699,,,,,,,,,
,60699,0.002143562538549304,0.00037686125142499804,0.0009982099290937185,0.0004660996200982481,0.00030086247716099024,1.5292623629648006e-06,34.0,854,
,60704,,,,,,,,854,0.027175256982445717
9.999999999999994e-05,60749,,,,,,,,,
9.999999999999994e-05,60749,,,,,,,,,
9.999999999999994e-05,60749,,,,,,,,,
,60749,0.0019488093676045537,2.5709581677801907e-05,0.0014148338232189417,0.00031048429082147777,0.00019672804046422243,1.0536102763580857e-06,34.0,855,
,60775,,,,,,,,855,0.02701842598617077
9.999999999999994e-05,60799,,,,,,,,,
9.999999999999994e-05,60799,,,,,,,,,
9.999999999999994e-05,60799,,,,,,,,,
,60799,0.0020787499379366636,3.672859747894108e-05,0.0014336986932903528,0.00034389487700536847,0.00026317601441405714,1.252042693522526e-06,34.0,856,
,60846,,,,,,,,856,0.027191633358597755
9.999999999999994e-05,60849,,,,,,,,,
9.999999999999994e-05,60849,,,,,,,,,
9.999999999999994e-05,60849,,,,,,,,,
,60849,0.0020015572663396597,0.00033795993658713996,0.0012544901110231876,0.00022782280575484037,0.00018038538109976798,8.988926083475235e-07,34.0,857,
9.999999999999994e-05,60899,,,,,,,,,
9.999999999999994e-05,60899,,,,,,,,,
9.999999999999994e-05,60899,,,,,,,,,
,60899,0.00109344650991261,0.0001728446950437501,0.000596723984926939,0.0001983757538255304,0.00012418981350492686,1.3123301414452726e-06,34.0,857,
,60917,,,,,,,,857,0.027155421674251556
9.999999999999994e-05,60949,,,,,,,,,
9.999999999999994e-05,60949,,,,,,,,,
9.999999999999994e-05,60949,,,,,,,,,
,60949,0.0016880746698006988,0.0002732335706241429,0.0009250143775716424,0.00029778439784422517,0.00019063260697294027,1.4096826816967223e-06,34.0,858,
,60988,,,,,,,,858,0.02673214301466942
9.999999999999994e-05,60999,,,,,,,,,
9.999999999999994e-05,60999,,,,,,,,,
9.999999999999994e-05,60999,,,,,,,,,
,60999,0.0020232410170137882,0.00013319647405296564,0.001599190291017294,0.00016619010420981795,0.00012300988601054996,1.6542725234103273e-06,34.0,859,
9.999999999999994e-05,61049,,,,,,,,,
9.999999999999994e-05,61049,,,,,,,,,
9.999999999999994e-05,61049,,,,,,,,,
,61049,0.0030980859883129597,0.00026276346761733294,0.0019577208440750837,0.00048320781206712127,0.0003917063877452165,2.6874395189224742e-06,34.0,859,
,61059,,,,,,,,859,0.027487503364682198
9.999999999999994e-05,61099,,,,,,,,,
9.999999999999994e-05,61099,,,,,,,,,
9.999999999999994e-05,61099,,,,,,,,,
,61099,0.0027360538952052593,0.000286255992250517,0.0018131813267245889,0.00037586240796372294,0.0002589356736280024,1.8184740611104644e-06,34.0,860,
,61130,,,,,,,,860,0.028470592573285103
9.999999999999994e-05,61149,,,,,,,,,
9.999999999999994e-05,61149,,,,,,,,,
9.999999999999994e-05,61149,,,,,,,,,
,61149,0.0022873850539326668,0.00035833820584230125,0.001254374859854579,0.0003456411650404334,0.00032506429124623537,3.96661926060915e-06,34.0,861,
9.999999999999994e-05,61199,,,,,,,,,
9.999999999999994e-05,61199,,,,,,,,,
9.999999999999994e-05,61199,,,,,,,,,
,61199,0.001564864651300013,0.00025724663282744586,0.0008168134372681379,0.00024187896633520722,0.00014566710160579532,0.00010325849871151149,34.0,861,
,61201,,,,,,,,861,0.027123121544718742
9.999999999999994e-05,61249,,,,,,,,,
9.999999999999994e-05,61249,,,,,,,,,
9.999999999999994e-05,61249,,,,,,,,,
,61249,0.0020016098860651255,0.00035083090187981725,0.001109972596168518,0.0003128131793346256,0.0002068754256470129,2.1117830328876153e-05,34.0,862,
,61272,,,,,,,,862,0.02712588757276535
9.999999999999994e-05,61299,,,,,,,,,
9.999999999999994e-05,61299,,,,,,,,,
9.999999999999994e-05,61299,,,,,,,,,
,61299,0.0024415848311036825,1.8828894098987803e-05,0.002023798879235983,0.00021407456370070577,0.00018370142788626254,1.1810939213319216e-06,34.0,863,
,61343,,,,,,,,863,0.027795255184173584
9.999999999999994e-05,61349,,,,,,,,,
9.999999999999994e-05,61349,,,,,,,,,
9.999999999999994e-05,61349,,,,,,,,,
,61349,0.0016574888722971082,9.572497219778597e-05,0.0009941055905073881,0.0003090414102189243,0.00025750024360604584,1.1167351203766884e-06,34.0,864,
9.999999999999994e-05,61399,,,,,,,,,
9.999999999999994e-05,61399,,,,,,,,,
9.999999999999994e-05,61399,,,,,,,,,
,61399,0.002443262841552496,0.00031545100500807166,0.0014537640381604433,0.00040058151353150606,0.00027159193996340036,1.8743996861303458e-06,34.0,864,
,61414,,,,,,,,864,0.027407294139266014
9.999999999999994e-05,61449,,,,,,,,,
9.999999999999994e-05,61449,,,,,,,,,
9.999999999999994e-05,61449,,,,,,,,,
,61449,0.0020560252014547586,1.3032204151386395e-05,0.0015325008425861597,0.000290440337266773,0.00021920097060501575,8.507878419550252e-07,34.0,865,
,61485,,,,,,,,865,0.027489792555570602
9.999999999999994e-05,61499,,,,,,,,,
9.999999999999994e-05,61499,,,,,,,,,
9.999999999999994e-05,61499,,,,,,,,,
,61499,0.0034394157119095325,2.030908035521861e-05,0.003045821562409401,0.0002635241544339806,0.00010896640742430463,7.944836397655308e-07,34.0,866,
9.999999999999994e-05,61549,,,,,,,,,
9.999999999999994e-05,61549,,,,,,,,,
9.999999999999994e-05,61549,,,,,,,,,
,61549,0.0027236435562372208,0.0003227485285606235,0.0017344439402222633,0.00038218387635424733,0.0002830306184478104,1.2366991768431035e-06,34.0,866,
,61556,,,,,,,,866,0.029386818408966064
9.999999999999994e-05,61599,,,,,,,,,
9.999999999999994e-05,61599,,,,,,,,,
9.999999999999994e-05,61599,,,,,,,,,
,61599,0.0073882476426661015,0.00010939174535451457,0.005090736318379641,0.0011573715601116419,0.0010301906149834394,5.575826094172953e-07,34.0,867,
,61627,,,,,,,,867,0.028288014233112335
9.999999999999994e-05,61649,,,,,,,,,
9.999999999999994e-05,61649,,,,,,,,,
9.999999999999994e-05,61649,,,,,,,,,
,61649,0.00298086809925735,0.00036401781835593283,0.0018553603440523148,0.0004186234436929226,0.0003417906991671771,1.0756563142422237e-06,34.0,868,
,61698,,,,,,,,868,0.028996504843235016
9.999999999999994e-05,61699,,,,,,,,,
9.999999999999994e-05,61699,,,,,,,,,
9.999999999999994e-05,61699,,,,,,,,,
,61699,0.005599603988230228,0.00023075376520864666,0.004282401874661446,0.000608116970397532,0.000477750290883705,5.80978110065189e-07,34.0,869,
9.999999999999994e-05,61749,,,,,,,,,
9.999999999999994e-05,61749,,,,,,,,,
9.999999999999994e-05,61749,,,,,,,,,
,61749,0.002203746233135462,0.0003604275989346206,0.0012577075976878405,0.0003443805908318609,0.00024017583928070962,1.0547671536187408e-06,34.0,869,
,61769,,,,,,,,869,0.027611298486590385
9.999999999999994e-05,61799,,,,,,,,,
9.999999999999994e-05,61799,,,,,,,,,
9.999999999999994e-05,61799,,,,,,,,,
,61799,0.001866718172095716,0.0002728381659835577,0.001210751011967659,0.00022763284505344927,0.00015495825209654868,5.379824301599001e-07,34.0,870,
,61840,,,,,,,,870,0.027740010991692543
9.999999999999994e-05,61849,,,,,,,,,
9.999999999999994e-05,61849,,,,,,,,,
9.999999999999994e-05,61849,,,,,,,,,
,61849,0.002787594450637698,0.0005128963384777308,0.0018059494905173779,0.0002674419665709138,0.0002003557310672477,9.508324296803039e-07,34.0,871,
9.999999999999994e-05,61899,,,,,,,,,
9.999999999999994e-05,61899,,,,,,,,,
9.999999999999994e-05,61899,,,,,,,,,
,61899,0.0021558995358645916,1.4818637282587588e-05,0.0016625388525426388,0.0002584919857326895,0.00021926109911873937,7.890902224971796e-07,34.0,871,
,61911,,,,,,,,871,0.027374563738703728
9.999999999999994e-05,61949,,,,,,,,,
9.999999999999994e-05,61949,,,,,,,,,
9.999999999999994e-05,61949,,,,,,,,,
,61949,0.0018137047300115228,0.00019819699809886515,0.0011297694873064756,0.000264685251750052,0.00022028194507583976,7.709848546255671e-07,34.0,872,
,61982,,,,,,,,872,0.02793244831264019
9.999999999999994e-05,61999,,,,,,,,,
9.999999999999994e-05,61999,,,,,,,,,
9.999999999999994e-05,61999,,,,,,,,,
,61999,0.0020168041810393333,9.64387072599493e-06,0.0014457067009061575,0.00033379317028447986,0.00022639011149294674,1.2702441836154321e-06,34.0,873,
9.999999999999994e-05,62049,,,,,,,,,
9.999999999999994e-05,62049,,,,,,,,,
9.999999999999994e-05,62049,,,,,,,,,
,62049,0.0027093272656202316,0.00037995638558641076,0.0017178039997816086,0.0003086222568526864,0.00030226432136259973,6.805250336583413e-07,34.0,873,
,62053,,,,,,,,873,0.027040977030992508
9.999999999999994e-05,62099,,,,,,,,,
9.999999999999994e-05,62099,,,,,,,,,
9.999999999999994e-05,62099,,,,,,,,,
,62099,0.0029708307702094316,0.0005969276535324752,0.001198116224259138,0.0006541002658195794,0.0005208237562328577,8.628002206023666e-07,34.0,874,
,62124,,,,,,,,874,0.028264986351132393
9.999999999999994e-05,62149,,,,,,,,,
9.999999999999994e-05,62149,,,,,,,,,
9.999999999999994e-05,62149,,,,,,,,,
,62149,0.0032599421683698893,0.00038257703999988735,0.002106231404468417,0.0004380522295832634,0.00033211297704838216,9.685444410933997e-07,34.0,875,
,62195,,,,,,,,875,0.027671413496136665
9.999999999999994e-05,62199,,,,,,,,,
9.999999999999994e-05,62199,,,,,,,,,
9.999999999999994e-05,62199,,,,,,,,,
,62199,0.002750837942585349,0.0007437678286805749,0.0012945772614330053,0.00039952315273694694,0.0003116055449936539,1.3638524478665204e-06,34.0,876,
9.999999999999994e-05,62249,,,,,,,,,
9.999999999999994e-05,62249,,,,,,,,,
9.999999999999994e-05,62249,,,,,,,,,
,62249,0.0010443109786137938,0.00013646375737152994,0.000549358141142875,0.0001958993379957974,0.0001620222465135157,5.674795602317317e-07,34.0,876,
,62266,,,,,,,,876,0.027627885341644287
9.999999999999994e-05,62299,,,,,,,,,
9.999999999999994e-05,62299,,,,,,,,,
9.999999999999994e-05,62299,,,,,,,,,
,62299,0.0014439751394093037,1.2255182809894904e-05,0.0008812823798507452,0.0003190099960193038,0.00021070928778499365,2.071829658234492e-05,34.0,877,
,62337,,,,,,,,877,0.027503764256834984
9.999999999999994e-05,62349,,,,,,,,,
9.999999999999994e-05,62349,,,,,,,,,
9.999999999999994e-05,62349,,,,,,,,,
,62349,0.0020533925853669643,0.0005199602455832064,0.0008648263174109161,0.00036678166361525655,0.00030099181458353996,8.325976068590535e-07,35.0,878,
9.999999999999994e-05,62399,,,,,,,,,
9.999999999999994e-05,62399,,,,,,,,,
9.999999999999994e-05,62399,,,,,,,,,
,62399,0.0013179664965718985,0.00027329043950885534,0.0006432515801861882,0.000255826860666275,0.0001437491737306118,1.8484603288015933e-06,35.0,878,
,62408,,,,,,,,878,0.027426067739725113
9.999999999999994e-05,62449,,,,,,,,,
9.999999999999994e-05,62449,,,,,,,,,
9.999999999999994e-05,62449,,,,,,,,,
,62449,0.0011250474490225315,5.5513435654575005e-05,0.0006744933780282736,0.00022688000171910971,0.00016702470020391047,1.1358777101122541e-06,35.0,879,
,62479,,,,,,,,879,0.027646157890558243
9.999999999999994e-05,62499,,,,,,,,,
9.999999999999994e-05,62499,,,,,,,,,
9.999999999999994e-05,62499,,,,,,,,,
,62499,0.002086752327159047,0.0002957215765491128,0.0012737817596644163,0.00031375105027109385,0.00020216329721733928,1.3346707419259474e-06,35.0,880,
9.999999999999994e-05,62549,,,,,,,,,
9.999999999999994e-05,62549,,,,,,,,,
9.999999999999994e-05,62549,,,,,,,,,
,62549,0.0013521547662094235,0.00015585034270770848,0.0008529027691110969,0.00019298403640277684,0.00014977120736148208,6.46502087420231e-07,35.0,880,
,62550,,,,,,,,880,0.02682986669242382
9.999999999999994e-05,62599,,,,,,,,,
9.999999999999994e-05,62599,,,,,,,,,
9.999999999999994e-05,62599,,,,,,,,,
,62599,0.003396223997697234,0.0006611443823203444,0.001978384330868721,0.0004122433310840279,0.00034356804098933935,8.83516008798324e-07,35.0,881,
,62621,,,,,,,,881,0.027319712564349174
9.999999999999994e-05,62649,,,,,,,,,
9.999999999999994e-05,62649,,,,,,,,,
9.999999999999994e-05,62649,,,,,,,,,
,62649,0.003749620635062456,0.0005683301715180278,0.0020678865257650614,0.000609425303991884,0.0005032080225646496,7.706865972068044e-07,35.0,882,
,62692,,,,,,,,882,0.027963807806372643
9.999999999999994e-05,62699,,,,,,,,,
9.999999999999994e-05,62699,,,,,,,,,
9.999999999999994e-05,62699,,,,,,,,,
,62699,0.0024209178518503904,2.8815233235945925e-05,0.0014940351247787476,0.0005161432200111449,0.00038062784005887806,1.2963115523234592e-06,35.0,883,
9.999999999999994e-05,62749,,,,,,,,,
9.999999999999994e-05,62749,,,,,,,,,
9.999999999999994e-05,62749,,,,,,,,,
,62749,0.0020497117657214403,0.0003628042759373784,0.0011586290784180164,0.00032257262500934303,0.0002042592386715114,1.446522446713061e-06,35.0,883,
,62763,,,,,,,,883,0.027859367430210114
9.999999999999994e-05,62799,,,,,,,,,
9.999999999999994e-05,62799,,,,,,,,,
9.999999999999994e-05,62799,,,,,,,,,
,62799,0.0035835891030728817,8.241510658990592e-05,0.0027161911129951477,0.0004023882793262601,0.0003763225395232439,6.27225881544291e-06,35.0,884,
,62834,,,,,,,,884,0.027992160990834236
9.999999999999994e-05,62849,,,,,,,,,
9.999999999999994e-05,62849,,,,,,,,,
9.999999999999994e-05,62849,,,,,,,,,
,62849,0.0025310558266937733,0.0006285211420617998,0.0014594807289540768,0.00023992816568352282,0.00020180107094347477,1.3245953596197069e-06,35.0,885,
9.999999999999994e-05,62899,,,,,,,,,
9.999999999999994e-05,62899,,,,,,,,,
9.999999999999994e-05,62899,,,,,,,,,
,62899,0.002088683657348156,0.00038919629878364503,0.0011006805580109358,0.00017184675380121917,0.00010883726645261049,0.00031812276574783027,35.0,885,
,62905,,,,,,,,885,0.027425844222307205
9.999999999999994e-05,62949,,,,,,,,,
9.999999999999994e-05,62949,,,,,,,,,
9.999999999999994e-05,62949,,,,,,,,,
,62949,0.001116446335799992,1.9386685380595736e-05,0.0007770626107230783,0.00017804934759624302,0.00014090925105847418,1.038476739267935e-06,35.0,886,
,62976,,,,,,,,886,0.027998266741633415
9.999999999999994e-05,62999,,,,,,,,,
9.999999999999994e-05,62999,,,,,,,,,
9.999999999999994e-05,62999,,,,,,,,,
,62999,0.0017276922008022666,0.0004134942719247192,0.0008884103153832257,0.00024063687305897474,0.00018184707732871175,3.3037474622688023e-06,35.0,887,
,63047,,,,,,,,887,0.027196016162633896
9.999999999999994e-05,63049,,,,,,,,,
9.999999999999994e-05,63049,,,,,,,,,
9.999999999999994e-05,63049,,,,,,,,,
,63049,0.0020715640857815742,5.488693204824813e-05,0.0016702590510249138,0.00020510348258540034,0.00013781888992525637,3.4956090075866086e-06,35.0,888,
9.999999999999994e-05,63099,,,,,,,,,
9.999999999999994e-05,63099,,,,,,,,,
9.999999999999994e-05,63099,,,,,,,,,
,63099,0.002893161028623581,0.00018807309970725328,0.0019998978823423386,0.0003953799605369568,0.00030878663528710604,1.0234093679173384e-06,35.0,888,
,63118,,,,,,,,888,0.02882685326039791
9.999999999999994e-05,63149,,,,,,,,,
9.999999999999994e-05,63149,,,,,,,,,
9.999999999999994e-05,63149,,,,,,,,,
,63149,0.0023224023170769215,0.0001850328699219972,0.0015771687030792236,0.0002631985116750002,0.00029623458976857364,7.675343454138783e-07,35.0,889,
,63189,,,,,,,,889,0.02725575678050518
9.999999999999994e-05,63199,,,,,,,,,
9.999999999999994e-05,63199,,,,,,,,,
9.999999999999994e-05,63199,,,,,,,,,
,63199,0.0021685524843633175,0.0001840630720835179,0.0016538627678528428,0.00019432880799286067,0.00013560320076067,6.947647079869057e-07,35.0,890,
9.999999999999994e-05,63249,,,,,,,,,
9.999999999999994e-05,63249,,,,,,,,,
9.999999999999994e-05,63249,,,,,,,,,
,63249,0.0022165144328027964,0.00022882016492076218,0.0012243653181940317,0.0004012898134533316,0.0003611541469581425,8.850917652125645e-07,35.0,890,
,63260,,,,,,,,890,0.02765205316245556
9.999999999999994e-05,63299,,,,,,,,,
9.999999999999994e-05,63299,,,,,,,,,
9.999999999999994e-05,63299,,,,,,,,,
,63299,0.001886906218715012,0.00028463208582252264,0.0011685903882607818,0.0002797707566060126,0.00015294042532332242,9.726539929033606e-07,35.0,891,
,63331,,,,,,,,891,0.02796613983809948
9.999999999999994e-05,63349,,,,,,,,,
9.999999999999994e-05,63349,,,,,,,,,
9.999999999999994e-05,63349,,,,,,,,,
,63349,0.0021323785185813904,2.2732943762093782e-05,0.0015017320401966572,0.00033548648934811354,0.00027187156956642866,5.555806978918554e-07,35.0,892,
9.999999999999994e-05,63399,,,,,,,,,
9.999999999999994e-05,63399,,,,,,,,,
9.999999999999994e-05,63399,,,,,,,,,
,63399,0.0015374665381386876,0.0002714079455472529,0.0008200762677006423,0.00028323926380835474,0.0001616107183508575,1.1323585340505815e-06,35.0,892,
,63402,,,,,,,,892,0.02703528292477131
9.999999999999994e-05,63449,,,,,,,,,
9.999999999999994e-05,63449,,,,,,,,,
9.999999999999994e-05,63449,,,,,,,,,
,63449,0.001734873396344483,0.0002143622696166858,0.001210540533065796,0.00021000880224164575,9.925791528075933e-05,7.038291869321256e-07,35.0,893,
,63473,,,,,,,,893,0.027658434584736824
9.999999999999994e-05,63499,,,,,,,,,
9.999999999999994e-05,63499,,,,,,,,,
9.999999999999994e-05,63499,,,,,,,,,
,63499,0.0020626757759600878,0.0001818948658183217,0.0014095779042690992,0.00028561512590385973,0.00018489843932911754,6.893910153848992e-07,35.0,894,
,63544,,,,,,,,894,0.02846347913146019
9.999999999999994e-05,63549,,,,,,,,,
9.999999999999994e-05,63549,,,,,,,,,
9.999999999999994e-05,63549,,,,,,,,,
,63549,0.0031287868041545153,0.00015287956921383739,0.0022929878905415535,0.0003968175733461976,0.0002844646805897355,1.6370955790989683e-06,35.0,895,
9.999999999999994e-05,63599,,,,,,,,,
9.999999999999994e-05,63599,,,,,,,,,
9.999999999999994e-05,63599,,,,,,,,,
,63599,0.002484747441485524,0.000377598509658128,0.0015002405270934105,0.00031665846472606063,0.00028946888050995767,7.811157161086157e-07,35.0,895,
,63615,,,,,,,,895,0.02878865972161293
9.999999999999994e-05,63649,,,,,,,,,
9.999999999999994e-05,63649,,,,,,,,,
9.999999999999994e-05,63649,,,,,,,,,
,63649,0.002795690903440118,2.0901883544865996e-05,0.00225408049300313,0.00026816490571945906,0.0002517906832508743,7.529567369601864e-07,35.0,896,
,63686,,,,,,,,896,0.028059033676981926
9.999999999999994e-05,63699,,,,,,,,,
9.999999999999994e-05,63699,,,,,,,,,
9.999999999999994e-05,63699,,,,,,,,,
,63699,0.0028633875772356987,5.604088073596358e-05,0.0021027191542088985,0.0004355622222647071,0.00026365742087364197,5.407825028669322e-06,35.0,897,
9.999999999999994e-05,63749,,,,,,,,,
9.999999999999994e-05,63749,,,,,,,,,
9.999999999999994e-05,63749,,,,,,,,,
,63749,0.0014282152988016605,3.137858584523201e-05,0.0008797734626568854,0.000238728680415079,0.00019583594985306263,8.249864185927436e-05,35.0,897,
,63757,,,,,,,,897,0.02717386931180954
9.999999999999994e-05,63799,,,,,,,,,
9.999999999999994e-05,63799,,,,,,,,,
9.999999999999994e-05,63799,,,,,,,,,
,63799,0.005026169121265411,0.0008672495023347437,0.003277755342423916,0.000438343093264848,0.00043559016194194555,7.230786195577821e-06,35.0,898,
,63828,,,,,,,,898,0.02723177894949913
9.999999999999994e-05,63849,,,,,,,,,
9.999999999999994e-05,63849,,,,,,,,,
9.999999999999994e-05,63849,,,,,,,,,
,63849,0.001699634944088757,0.00023030448937788606,0.0010116267949342728,0.0002737457398325205,0.0001830004621297121,9.57485326580354e-07,35.0,899,
9.999999999999994e-05,63899,,,,,,,,,
,63899,0.002300735330209136,0.0002303984947502613,0.0016536241164430976,0.00025270969490520656,0.00016306404722854495,9.390070090375957e-07,35.0,899,
,63899,,,,,,,,899,0.02689531072974205
9.999999999999994e-05,63949,,,,,,,,,
9.999999999999994e-05,63949,,,,,,,,,
9.999999999999994e-05,63949,,,,,,,,,
,63949,0.0020274000708013773,0.0003863908350467682,0.0010684974258765578,0.00035194415249861777,0.0002190476661780849,1.5199656218101154e-06,35.0,900,
,63970,,,,,,,,900,0.026990359649062157
9.999999999999994e-05,63999,,,,,,,,,
9.999999999999994e-05,63999,,,,,,,,,
9.999999999999994e-05,63999,,,,,,,,,
,63999,0.0013152220053598285,0.00021649195696227252,0.0007383022457361221,0.0002042799023911357,0.0001553412585053593,8.066322152444627e-07,35.0,901,
,64041,,,,,,,,901,0.027409862726926804
9.999999999999994e-05,64049,,,,,,,,,
9.999999999999994e-05,64049,,,,,,,,,
9.999999999999994e-05,64049,,,,,,,,,
,64049,0.002011653268709779,0.00010473623842699453,0.0011084346333518624,0.0004388737725093961,0.0003582893405109644,1.3195264045862132e-06,35.0,902,
9.999999999999994e-05,64099,,,,,,,,,
9.999999999999994e-05,64099,,,,,,,,,
9.999999999999994e-05,64099,,,,,,,,,
,64099,0.0025514387525618076,7.321553130168468e-05,0.0017184389289468527,0.00043003601604141295,0.0003285935672465712,1.1546583209565142e-06,35.0,902,
,64112,,,,,,,,902,0.02701917476952076
9.999999999999994e-05,64149,,,,,,,,,
9.999999999999994e-05,64149,,,,,,,,,
9.999999999999994e-05,64149,,,,,,,,,
,64149,0.0015361090190708637,0.00014160547289066017,0.001012053806334734,0.0002079877449432388,0.0001738008577376604,6.611761591557297e-07,35.0,903,
,64183,,,,,,,,903,0.026857275515794754
9.999999999999994e-05,64199,,,,,,,,,
9.999999999999994e-05,64199,,,,,,,,,
9.999999999999994e-05,64199,,,,,,,,,
,64199,0.003230230649933219,0.00029613322112709284,0.0020766048692166805,0.0004673483199439943,0.00038932112511247396,8.229831678363553e-07,35.0,904,
9.999999999999994e-05,64249,,,,,,,,,
9.999999999999994e-05,64249,,,,,,,,,
9.999999999999994e-05,64249,,,,,,,,,
,64249,0.004613802768290043,0.00044430626439861953,0.0030113677494227886,0.0005893977358937263,0.0005679530440829694,7.778457415952289e-07,35.0,904,
,64254,,,,,,,,904,0.02707882970571518
9.999999999999994e-05,64299,,,,,,,,,
9.999999999999994e-05,64299,,,,,,,,,
9.999999999999994e-05,64299,,,,,,,,,
,64299,0.0024715305771678686,0.0003921229508705437,0.001413076650351286,0.00038684066385030746,0.00027840526308864355,1.0852967307073413e-06,35.0,905,
,64325,,,,,,,,905,0.028155341744422913
9.999999999999994e-05,64349,,,,,,,,,
9.999999999999994e-05,64349,,,,,,,,,
9.999999999999994e-05,64349,,,,,,,,,
,64349,0.005255460739135742,0.0007197008235380054,0.0028161127120256424,0.0009160897461697459,0.0008028363808989525,7.208148531390179e-07,35.0,906,
,64396,,,,,,,,906,0.027745574712753296
9.999999999999994e-05,64399,,,,,,,,,
9.999999999999994e-05,64399,,,,,,,,,
9.999999999999994e-05,64399,,,,,,,,,
,64399,0.004179573152214289,0.0005817200872115791,0.0028333510272204876,0.00043670658487826586,0.0003270080778747797,7.873653089518484e-07,35.0,907,
9.999999999999994e-05,64449,,,,,,,,,
9.999999999999994e-05,64449,,,,,,,,,
9.999999999999994e-05,64449,,,,,,,,,
,64449,0.004663102328777313,0.0005085211014375091,0.0031302699353545904,0.0005770900752395391,0.0004462548531591892,9.663996252129436e-07,35.0,907,
,64467,,,,,,,,907,0.028180740773677826
9.999999999999994e-05,64499,,,,,,,,,
9.999999999999994e-05,64499,,,,,,,,,
9.999999999999994e-05,64499,,,,,,,,,
,64499,0.001851371955126524,0.00029189378255978227,0.0010072907898575068,0.00032708808430470526,0.00022397437714971602,1.124980485656124e-06,35.0,908,
,64538,,,,,,,,908,0.02781178615987301
9.999999999999994e-05,64549,,,,,,,,,
9.999999999999994e-05,64549,,,,,,,,,
9.999999999999994e-05,64549,,,,,,,,,
,64549,0.002200152026489377,0.00040333272772841156,0.0011596654076129198,0.0003650495200417936,0.0002708724932745099,1.231823716807412e-06,35.0,909,
9.999999999999994e-05,64599,,,,,,,,,
9.999999999999994e-05,64599,,,,,,,,,
9.999999999999994e-05,64599,,,,,,,,,
,64599,0.002261093119159341,0.00036480306880548596,0.0012530258391052485,0.0003825013118330389,0.0002596538979560137,1.1090162388427416e-06,35.0,909,
,64609,,,,,,,,909,0.027557116001844406
9.999999999999994e-05,64649,,,,,,,,,
9.999999999999994e-05,64649,,,,,,,,,
9.999999999999994e-05,64649,,,,,,,,,
,64649,0.0024084257893264294,1.9148123101331294e-05,0.001513965311460197,0.0005088496254757047,0.0003651463193818927,1.3163495395929203e-06,35.0,910,
,64680,,,,,,,,910,0.02671549841761589
9.999999999999994e-05,64699,,,,,,,,,
9.999999999999994e-05,64699,,,,,,,,,
9.999999999999994e-05,64699,,,,,,,,,
,64699,0.0024484097957611084,0.0006779543473385274,0.001295932219363749,0.00029081254615448415,0.00018301433010492474,6.963115879443649e-07,35.0,911,
9.999999999999994e-05,64749,,,,,,,,,
9.999999999999994e-05,64749,,,,,,,,,
9.999999999999994e-05,64749,,,,,,,,,
,64749,0.0026048026047647,0.00026139168767258525,0.0015940302982926369,0.0003553306160029024,0.00039331417065113783,7.357247113759513e-07,35.0,911,
,64751,,,,,,,,911,0.026369178667664528
9.999999999999994e-05,64799,,,,,,,,,
9.999999999999994e-05,64799,,,,,,,,,
9.999999999999994e-05,64799,,,,,,,,,
,64799,0.0013375161215662956,5.956478707958013e-05,0.0009062535827979445,0.00020158792904112488,0.0001684340531937778,1.6757156799940276e-06,35.0,912,
,64822,,,,,,,,912,0.027850259095430374
9.999999999999994e-05,64849,,,,,,,,,
9.999999999999994e-05,64849,,,,,,,,,
9.999999999999994e-05,64849,,,,,,,,,
,64849,0.002702697180211544,0.00018074503168463707,0.0022308153565973043,0.00019588165741879493,9.453390521230176e-05,7.213726007648802e-07,35.0,913,
,64893,,,,,,,,913,0.027570655569434166
9.999999999999994e-05,64899,,,,,,,,,
9.999999999999994e-05,64899,,,,,,,,,
9.999999999999994e-05,64899,,,,,,,,,
,64899,0.0015683656092733145,2.192292049585376e-05,0.0012573165586218238,0.00020257392316125333,8.590668585384265e-05,6.454982326431491e-07,35.0,914,
9.999999999999994e-05,64949,,,,,,,,,
9.999999999999994e-05,64949,,,,,,,,,
9.999999999999994e-05,64949,,,,,,,,,
,64949,0.0012767947046086192,5.817212877445854e-05,0.0007445821538567543,0.0002765794051811099,0.00019653275376185775,9.281519055548415e-07,35.0,914,
,64964,,,,,,,,914,0.02699965238571167
9.999999999999994e-05,64999,,,,,,,,,
9.999999999999994e-05,64999,,,,,,,,,
9.999999999999994e-05,64999,,,,,,,,,
,64999,0.0027798740193247795,0.00030354398768395185,0.0018036945257335901,0.0003873615642078221,0.00028417952125892043,1.0945657322736224e-06,35.0,915,
,65035,,,,,,,,915,0.027380408719182014
9.999999999999994e-05,65049,,,,,,,,,
9.999999999999994e-05,65049,,,,,,,,,
9.999999999999994e-05,65049,,,,,,,,,
,65049,0.0021846983581781387,0.0002980026474688202,0.0012063629692420363,0.000392120738979429,0.00028185034170746803,6.361643499985803e-06,35.0,916,
9.999999999999994e-05,65099,,,,,,,,,
9.999999999999994e-05,65099,,,,,,,,,
9.999999999999994e-05,65099,,,,,,,,,
,65099,0.0020106681622564793,0.00022831710521131754,0.0014460505917668343,0.00020608918566722423,0.00012932044046465307,8.907466622076754e-07,35.0,916,
,65106,,,,,,,,916,0.026711657643318176
9.999999999999994e-05,65149,,,,,,,,,
9.999999999999994e-05,65149,,,,,,,,,
9.999999999999994e-05,65149,,,,,,,,,
,65149,0.0017450902378186584,0.00026332371635362506,0.0010442598722875118,0.0002439993986627087,0.0001926352852024138,8.718685080566502e-07,35.0,917,
,65177,,,,,,,,917,0.027811793610453606
9.999999999999994e-05,65199,,,,,,,,,
9.999999999999994e-05,65199,,,,,,,,,
9.999999999999994e-05,65199,,,,,,,,,
,65199,0.002430811058729887,0.000377702439436689,0.0014495761133730412,0.00037893009721301496,0.00022314107627607882,1.4612453469453612e-06,35.0,918,
,65248,,,,,,,,918,0.02732708863914013
9.999999999999994e-05,65249,,,,,,,,,
9.999999999999994e-05,65249,,,,,,,,,
9.999999999999994e-05,65249,,,,,,,,,
,65249,0.0020905632991343737,0.00010155431664315984,0.0013323407620191574,0.00037860311567783356,0.0002773802261799574,6.847031386314484e-07,35.0,919,
9.999999999999994e-05,65299,,,,,,,,,
9.999999999999994e-05,65299,,,,,,,,,
9.999999999999994e-05,65299,,,,,,,,,
,65299,0.0013723253505304456,2.592794771771878e-05,0.0008758330950513482,0.0002459499810356647,0.00021248566918075085,1.2128667549404781e-05,35.0,919,
,65319,,,,,,,,919,0.027540437877178192
9.999999999999994e-05,65349,,,,,,,,,
9.999999999999994e-05,65349,,,,,,,,,
9.999999999999994e-05,65349,,,,,,,,,
,65349,0.0018724570982158184,0.00029165908927097917,0.000979637959972024,0.00036472492502070963,0.00023303524358198047,3.4000311188719934e-06,35.0,920,
,65390,,,,,,,,920,0.028200950473546982
9.999999999999994e-05,65399,,,,,,,,,
9.999999999999994e-05,65399,,,,,,,,,
9.999999999999994e-05,65399,,,,,,,,,
,65399,0.002115449635311961,4.271675061318092e-05,0.0014032291946932673,0.00033653603168204427,0.00023183974553830922,0.00010112793097505346,35.0,921,
9.999999999999994e-05,65449,,,,,,,,,
9.999999999999994e-05,65449,,,,,,,,,
9.999999999999994e-05,65449,,,,,,,,,
,65449,0.0045081693679094315,0.00033988204086199403,0.002805291209369898,0.0004447406099643558,0.00043517514131963253,0.00048308094847016037,35.0,921,
,65461,,,,,,,,921,0.027325747534632683
9.999999999999994e-05,65499,,,,,,,,,
9.999999999999994e-05,65499,,,,,,,,,
9.999999999999994e-05,65499,,,,,,,,,
,65499,0.0016545479884371161,0.00035465083783492446,0.0007075509056448936,0.00034266457078047097,0.00023490651801694185,1.477510613767663e-05,35.0,922,
,65532,,,,,,,,922,0.02763320505619049
9.999999999999994e-05,65549,,,,,,,,,
9.999999999999994e-05,65549,,,,,,,,,
9.999999999999994e-05,65549,,,,,,,,,
,65549,0.0018391067860648036,0.0002323920198250562,0.0010597483487799764,0.0003351067134644836,0.00021077870042063296,1.0810430239871494e-06,35.0,923,
9.999999999999994e-05,65599,,,,,,,,,
9.999999999999994e-05,65599,,,,,,,,,
9.999999999999994e-05,65599,,,,,,,,,
,65599,0.001371951773762703,4.771532258018851e-05,0.0009407287579961121,0.00021890942298341542,0.00016346746997442096,1.1306854048598325e-06,35.0,923,
,65603,,,,,,,,923,0.02742958255112171
9.999999999999994e-05,65649,,,,,,,,,
9.999999999999994e-05,65649,,,,,,,,,
9.999999999999994e-05,65649,,,,,,,,,
,65649,0.0015463867457583547,0.00041144940769299865,0.0007984108524397016,0.0002015006321016699,0.00013396682334132493,1.0591554655547952e-06,35.0,924,
,65674,,,,,,,,924,0.027205729857087135
9.999999999999994e-05,65699,,,,,,,,,
9.999999999999994e-05,65699,,,,,,,,,
9.999999999999994e-05,65699,,,,,,,,,
,65699,0.001506801345385611,4.325177360442467e-05,0.001073113875463605,0.00024608190869912505,0.00014353165170177817,8.220267204706033e-07,35.0,925,
,65745,,,,,,,,925,0.026882324367761612
9.999999999999994e-05,65749,,,,,,,,,
9.999999999999994e-05,65749,,,,,,,,,
9.999999999999994e-05,65749,,,,,,,,,
,65749,0.003794392803683877,0.0001609546015970409,0.0030048354528844357,0.0003800248960033059,0.0002475115470588207,1.066161303242552e-06,35.0,926,
9.999999999999994e-05,65799,,,,,,,,,
9.999999999999994e-05,65799,,,,,,,,,
9.999999999999994e-05,65799,,,,,,,,,
,65799,0.0016355165280401707,3.518780431477353e-05,0.0011235165875405073,0.00026588974287733436,0.00021000612468924373,9.162613423541188e-07,35.0,926,
,65816,,,,,,,,926,0.026418417692184448
9.999999999999994e-05,65849,,,,,,,,,
9.999999999999994e-05,65849,,,,,,,,,
9.999999999999994e-05,65849,,,,,,,,,
,65849,0.0019274478545412421,0.00019460322801023722,0.0013872218551114202,0.00020233851682860404,0.00014243015903048217,8.539859095435531e-07,35.0,927,
,65887,,,,,,,,927,0.027010824531316757
9.999999999999994e-05,65899,,,,,,,,,
9.999999999999994e-05,65899,,,,,,,,,
9.999999999999994e-05,65899,,,,,,,,,
,65899,0.0021511625964194536,0.00037019859883002937,0.001021685660816729,0.0004528977442532778,0.00030514539685100317,1.2352188605291303e-06,35.0,928,
9.999999999999994e-05,65949,,,,,,,,,
9.999999999999994e-05,65949,,,,,,,,,
9.999999999999994e-05,65949,,,,,,,,,
,65949,0.0014144391752779484,1.234664159710519e-05,0.0009289730805903673,0.0002626794739626348,0.00020939562818966806,1.044315808940155e-06,35.0,928,
,65958,,,,,,,,928,0.027330540120601654
9.999999999999994e-05,65999,,,,,,,,,
9.999999999999994e-05,65999,,,,,,,,,
9.999999999999994e-05,65999,,,,,,,,,
,65999,0.0012640373315662146,6.584338552784175e-05,0.0009154882864095271,0.00017984282749239355,0.00010205709986621514,8.056846922954719e-07,35.0,929,
,66029,,,,,,,,929,0.02711796574294567
9.999999999999994e-05,66049,,,,,,,,,
9.999999999999994e-05,66049,,,,,,,,,
9.999999999999994e-05,66049,,,,,,,,,
,66049,0.0010395570425316691,1.7123258658102714e-05,0.0007183112902566791,0.0001778889272827655,0.00012563119526021183,6.023071250638168e-07,35.0,930,
9.999999999999994e-05,66099,,,,,,,,,
9.999999999999994e-05,66099,,,,,,,,,
9.999999999999994e-05,66099,,,,,,,,,
,66099,0.002581692300736904,0.0001252995862159878,0.0013855628203600645,0.0004952693707309663,0.0005747223040089011,8.381236398236069e-07,35.0,930,
,66100,,,,,,,,930,0.026744693517684937
9.999999999999994e-05,66149,,,,,,,,,
9.999999999999994e-05,66149,,,,,,,,,
9.999999999999994e-05,66149,,,,,,,,,
,66149,0.002367195673286915,0.00012465001782402396,0.001822619466111064,0.00022974835883360356,0.00018958112923428416,5.964604952168884e-07,35.0,931,
,66171,,,,,,,,931,0.027330147102475166
9.999999999999994e-05,66199,,,,,,,,,
9.999999999999994e-05,66199,,,,,,,,,
9.999999999999994e-05,66199,,,,,,,,,
,66199,0.0026752592530101538,0.000297094346024096,0.0018686666153371334,0.0002825079718604684,0.00022539182100445032,1.598904304955795e-06,36.0,932,
,66242,,,,,,,,932,0.0279206745326519
9.999999999999994e-05,66249,,,,,,,,,
9.999999999999994e-05,66249,,,,,,,,,
9.999999999999994e-05,66249,,,,,,,,,
,66249,0.0016787355998530984,0.000282942783087492,0.0009921753080561757,0.00023718962620478123,0.0001653962826821953,1.0317010037397267e-06,36.0,933,
9.999999999999994e-05,66299,,,,,,,,,
9.999999999999994e-05,66299,,,,,,,,,
9.999999999999994e-05,66299,,,,,,,,,
,66299,0.0013848852831870317,3.954421845264733e-05,0.001038248068653047,0.00017384432430844754,0.00013259028492029756,6.584653533536766e-07,36.0,933,
,66313,,,,,,,,933,0.028020350262522697
9.999999999999994e-05,66349,,,,,,,,,
9.999999999999994e-05,66349,,,,,,,,,
9.999999999999994e-05,66349,,,,,,,,,
,66349,0.0017365182284265757,0.00037998234620317817,0.0009317894582636654,0.00025735984672792256,0.00016653171041980386,8.54984875786613e-07,36.0,934,
,66384,,,,,,,,934,0.027331100776791573
9.999999999999994e-05,66399,,,,,,,,,
9.999999999999994e-05,66399,,,,,,,,,
9.999999999999994e-05,66399,,,,,,,,,
,66399,0.0029391187708824873,0.0001800751779228449,0.002414369024336338,0.00019590716692619026,0.0001483298110542819,4.3754153011832386e-07,36.0,935,
9.999999999999994e-05,66449,,,,,,,,,
9.999999999999994e-05,66449,,,,,,,,,
9.999999999999994e-05,66449,,,,,,,,,
,66449,0.002615506062284112,5.517635872820392e-05,0.0015693134628236294,0.0005653653643094003,0.00042466522427275777,9.857914164967951e-07,36.0,935,
,66455,,,,,,,,935,0.027684228494763374
9.999999999999994e-05,66499,,,,,,,,,
9.999999999999994e-05,66499,,,,,,,,,
9.999999999999994e-05,66499,,,,,,,,,
,66499,0.001949678990058601,6.392920477082953e-05,0.001283096382394433,0.0003636229084804654,0.0002374926261836663,1.537887214908551e-06,36.0,936,
,66526,,,,,,,,936,0.027171889320015907
9.999999999999994e-05,66549,,,,,,,,,
9.999999999999994e-05,66549,,,,,,,,,
9.999999999999994e-05,66549,,,,,,,,,
,66549,0.002985520288348198,9.975885404855944e-06,0.0025126792024821043,0.00026302816695533693,0.00019921478815376759,6.222422257451399e-07,36.0,937,
,66597,,,,,,,,937,0.027494702488183975
9.999999999999994e-05,66599,,,,,,,,,
9.999999999999994e-05,66599,,,,,,,,,
9.999999999999994e-05,66599,,,,,,,,,
,66599,0.0026833955198526382,0.00023636706464458257,0.002015528967604041,0.00023490907915402204,0.00019602604152169079,5.643718168357736e-07,36.0,938,
9.999999999999994e-05,66649,,,,,,,,,
9.999999999999994e-05,66649,,,,,,,,,
9.999999999999994e-05,66649,,,,,,,,,
,66649,0.0019778639543801546,2.545783354435116e-05,0.0014323194045573473,0.00030927881016395986,0.00020905985729768872,1.748128511280811e-06,36.0,938,
,66668,,,,,,,,938,0.027214284986257553
9.999999999999994e-05,66699,,,,,,,,,
9.999999999999994e-05,66699,,,,,,,,,
9.999999999999994e-05,66699,,,,,,,,,
,66699,0.0019290536874905229,0.00020610874344129115,0.0014357862528413534,0.00020901970856357366,7.7505836088676e-05,6.330431006063009e-07,36.0,939,
,66739,,,,,,,,939,0.026941223070025444
9.999999999999994e-05,66749,,,,,,,,,
9.999999999999994e-05,66749,,,,,,,,,
9.999999999999994e-05,66749,,,,,,,,,
,66749,0.002167312428355217,0.0009753240738064051,0.0007734269602224231,0.00023552698257844895,0.0001821967016439885,8.378004281439644e-07,36.0,940,
9.999999999999994e-05,66799,,,,,,,,,
9.999999999999994e-05,66799,,,,,,,,,
9.999999999999994e-05,66799,,,,,,,,,
,66799,0.0011798035120591521,2.349019268876873e-05,0.000898740254342556,0.00014310702681541443,0.00011258867016294971,1.8773890815282357e-06,36.0,940,
,66810,,,,,,,,940,0.027345865964889526
9.999999999999994e-05,66849,,,,,,,,,
9.999999999999994e-05,66849,,,,,,,,,
9.999999999999994e-05,66849,,,,,,,,,
,66849,0.001133033074438572,0.00012630103447008878,0.0006061366875655949,0.0001633556530578062,0.00010261296120006591,0.0001346267672488466,36.0,941,
,66881,,,,,,,,941,0.0277198888361454
9.999999999999994e-05,66899,,,,,,,,,
9.999999999999994e-05,66899,,,,,,,,,
9.999999999999994e-05,66899,,,,,,,,,
,66899,0.0012282085372135043,0.0001899086928460747,0.0008224536431953311,0.00012011302169412374,8.187527419067919e-05,1.3857911653758492e-05,36.0,942,
9.999999999999994e-05,66949,,,,,,,,,
9.999999999999994e-05,66949,,,,,,,,,
9.999999999999994e-05,66949,,,,,,,,,
,66949,0.0018642944050952792,0.00036124419420957565,0.0010318816639482975,0.00030359497759491205,0.00016507439431734383,2.499253014320857e-06,36.0,942,
,66952,,,,,,,,942,0.027115795761346817
9.999999999999994e-05,66999,,,,,,,,,
9.999999999999994e-05,66999,,,,,,,,,
9.999999999999994e-05,66999,,,,,,,,,
,66999,0.001405959133990109,0.00035498454235494137,0.0007413134444504976,0.00018854381050914526,0.00012002421135548502,1.0931722727036686e-06,36.0,943,
,67023,,,,,,,,943,0.026999985799193382
9.999999999999994e-05,67049,,,,,,,,,
9.999999999999994e-05,67049,,,,,,,,,
9.999999999999994e-05,67049,,,,,,,,,
,67049,0.0013816319406032562,8.350842108484358e-05,0.0009007251355797052,0.00021649632253684103,0.00017996900714933872,9.330651664640754e-07,36.0,944,
,67094,,,,,,,,944,0.02785647287964821
9.999999999999994e-05,67099,,,,,,,,,
9.999999999999994e-05,67099,,,,,,,,,
9.999999999999994e-05,67099,,,,,,,,,
,67099,0.0014343124348670244,3.572400601115078e-05,0.000875052297487855,0.00032280327286571264,0.00019966065883636475,1.0721274747993448e-06,36.0,945,
9.999999999999994e-05,67149,,,,,,,,,
9.999999999999994e-05,67149,,,,,,,,,
9.999999999999994e-05,67149,,,,,,,,,
,67149,0.002674160059541464,7.673830259591341e-05,0.002119137905538082,0.0002583353780210018,0.00021932084928266704,6.27758993232419e-07,36.0,945,
,67165,,,,,,,,945,0.027052782475948334
9.999999999999994e-05,67199,,,,,,,,,
9.999999999999994e-05,67199,,,,,,,,,
9.999999999999994e-05,67199,,,,,,,,,
,67199,0.0014040741370990872,1.3301762919581961e-05,0.0009502975735813379,0.000252238882239908,0.00018725424888543785,9.816516239880002e-07,36.0,946,
,67236,,,,,,,,946,0.027699949219822884
9.999999999999994e-05,67249,,,,,,,,,
9.999999999999994e-05,67249,,,,,,,,,
9.999999999999994e-05,67249,,,,,,,,,
,67249,0.0014416099293157458,0.00011697089939843863,0.0009113327832892537,0.0002177711867261678,0.0001949012221302837,6.339326432680537e-07,36.0,947,
9.999999999999994e-05,67299,,,,,,,,,
9.999999999999994e-05,67299,,,,,,,,,
9.999999999999994e-05,67299,,,,,,,,,
,67299,0.0016420638421550393,8.637686551082879e-05,0.0009092841064557433,0.0003991241683252156,0.00024596627918072045,1.3123787994118175e-06,36.0,947,
,67307,,,,,,,,947,0.02689988911151886
9.999999999999994e-05,67349,,,,,,,,,
9.999999999999994e-05,67349,,,,,,,,,
9.999999999999994e-05,67349,,,,,,,,,
,67349,0.0031558002810925245,0.00017431456944905221,0.0021570976823568344,0.0004771112580783665,0.00034610682632774115,1.1699667084030807e-06,36.0,948,
,67378,,,,,,,,948,0.027231723070144653
9.999999999999994e-05,67399,,,,,,,,,
9.999999999999994e-05,67399,,,,,,,,,
9.999999999999994e-05,67399,,,,,,,,,
,67399,0.0022003017365932465,1.556500865262933e-05,0.0015947871142998338,0.0003502833133097738,0.00023861881345510483,1.0475533827047911e-06,36.0,949,
9.999999999999994e-05,67449,,,,,,,,,
,67449,0.0020979102700948715,0.0002701852936297655,0.0013674282236024737,0.00026477756910026073,0.00019482866628095508,6.904927545292594e-07,36.0,949,
,67449,,,,,,,,949,0.02798212319612503
9.999999999999994e-05,67499,,,,,,,,,
9.999999999999994e-05,67499,,,,,,,,,
9.999999999999994e-05,67499,,,,,,,,,
,67499,0.002058687387034297,0.0001988565782085061,0.0014309524558484554,0.00022463916684500873,0.00020362756913527846,6.115374731052725e-07,36.0,950,
,67520,,,,,,,,950,0.02701030857861042
9.999999999999994e-05,67549,,,,,,,,,
9.999999999999994e-05,67549,,,,,,,,,
9.999999999999994e-05,67549,,,,,,,,,
,67549,0.001932566869072616,0.0003388540353626013,0.0011597216362133622,0.000277043815003708,0.00015561676991637796,1.3306396340340143e-06,36.0,951,
,67591,,,,,,,,951,0.026349987834692
9.999999999999994e-05,67599,,,,,,,,,
9.999999999999994e-05,67599,,,,,,,,,
9.999999999999994e-05,67599,,,,,,,,,
,67599,0.0032359270844608545,0.00021277251653373241,0.0018488697241991758,0.0006516084540635347,0.0005217832513153553,8.931675665735384e-07,36.0,952,
9.999999999999994e-05,67649,,,,,,,,,
9.999999999999994e-05,67649,,,,,,,,,
9.999999999999994e-05,67649,,,,,,,,,
,67649,0.002846428193151951,0.0007340672891587019,0.0014297928428277373,0.0003947242512367666,0.00028698149253614247,8.623685516795376e-07,36.0,952,
,67662,,,,,,,,952,0.027742471545934677
9.999999999999994e-05,67699,,,,,,,,,
9.999999999999994e-05,67699,,,,,,,,,
9.999999999999994e-05,67699,,,,,,,,,
,67699,0.0036078959237784147,0.0001826206425903365,0.0029226751066744328,0.00027318019419908524,0.00022719241678714752,2.227429376944201e-06,36.0,953,
,67733,,,,,,,,953,0.027893848717212677
9.999999999999994e-05,67749,,,,,,,,,
9.999999999999994e-05,67749,,,,,,,,,
9.999999999999994e-05,67749,,,,,,,,,
,67749,0.002428090665489435,0.0002321877982467413,0.0016415753634646535,0.0003066581557504833,0.0002465726574882865,1.0966786021526786e-06,36.0,954,
9.999999999999994e-05,67799,,,,,,,,,
9.999999999999994e-05,67799,,,,,,,,,
9.999999999999994e-05,67799,,,,,,,,,
,67799,0.0014845016412436962,0.0003036344423890114,0.0008739533368498087,0.00017615544493310153,0.00013010750990360975,6.508583396680478e-07,36.0,954,
,67804,,,,,,,,954,0.027290863916277885
9.999999999999994e-05,67849,,,,,,,,,
9.999999999999994e-05,67849,,,,,,,,,
9.999999999999994e-05,67849,,,,,,,,,
,67849,0.001508258399553597,0.00021540027228184044,0.0010484778322279453,0.00013726951146963984,0.00010628978634485975,8.210546411646646e-07,36.0,955,
,67875,,,,,,,,955,0.027722351253032684
9.999999999999994e-05,67899,,,,,,,,,
9.999999999999994e-05,67899,,,,,,,,,
9.999999999999994e-05,67899,,,,,,,,,
,67899,0.0021205951925367117,8.51234799483791e-05,0.001706897048279643,0.00019946899556089193,0.00012839950795751065,7.061921678541694e-07,36.0,956,
,67946,,,,,,,,956,0.02788509987294674
9.999999999999994e-05,67949,,,,,,,,,
9.999999999999994e-05,67949,,,,,,,,,
9.999999999999994e-05,67949,,,,,,,,,
,67949,0.0017297266749665141,0.00017025318811647594,0.0011148613411933184,0.00023071561008691788,0.0002132512890966609,6.451368221860321e-07,36.0,957,
9.999999999999994e-05,67999,,,,,,,,,
9.999999999999994e-05,67999,,,,,,,,,
9.999999999999994e-05,67999,,,,,,,,,
,67999,0.0024100840091705322,1.5509835066040978e-05,0.0018291892483830452,0.000327977177221328,0.0002365385153098032,8.694444773027499e-07,36.0,957,
,68017,,,,,,,,957,0.027438702061772346
9.999999999999994e-05,68049,,,,,,,,,
9.999999999999994e-05,68049,,,,,,,,,
9.999999999999994e-05,68049,,,,,,,,,
,68049,0.0020705207716673613,0.00022818788420408964,0.0013405762147158384,0.0002683129860088229,0.00023217391571961343,1.2698094451479847e-06,36.0,958,
,68088,,,,,,,,958,0.028081761673092842
9.999999999999994e-05,68099,,,,,,,,,
9.999999999999994e-05,68099,,,,,,,,,
9.999999999999994e-05,68099,,,,,,,,,
,68099,0.0023398890625685453,1.9738987248274498e-05,0.0017276647267863154,0.0003540055186022073,0.00023732727277092636,1.1525235095177777e-06,36.0,959,
9.999999999999994e-05,68149,,,,,,,,,
9.999999999999994e-05,68149,,,,,,,,,
9.999999999999994e-05,68149,,,,,,,,,
,68149,0.0016762343002483249,0.00030532601522281766,0.0008036855724640191,0.00032202876172959805,0.00024409516481682658,1.0988311487380997e-06,36.0,959,
,68159,,,,,,,,959,0.02782910130918026
9.999999999999994e-05,68199,,,,,,,,,
9.999999999999994e-05,68199,,,,,,,,,
9.999999999999994e-05,68199,,,,,,,,,
,68199,0.002651133807376027,0.0010828649392351508,0.0009060402517206967,0.0003714475024025887,0.0002852552861440927,5.5256673476833384e-06,36.0,960,
,68230,,,,,,,,960,0.02746434696018696
9.999999999999994e-05,68249,,,,,,,,,
9.999999999999994e-05,68249,,,,,,,,,
9.999999999999994e-05,68249,,,,,,,,,
,68249,0.005578868091106415,0.00031138607300817966,0.0019568074494600296,0.00022306738537736237,0.00015177477325778455,0.0029358321335166693,36.0,961,
9.999999999999994e-05,68299,,,,,,,,,
9.999999999999994e-05,68299,,,,,,,,,
9.999999999999994e-05,68299,,,,,,,,,
,68299,0.0014895509229972959,0.0001920055947266519,0.0009336380171589553,0.00022106256801635027,0.00013627417501993477,6.570584901055554e-06,36.0,961,
,68301,,,,,,,,961,0.027460508048534393
9.999999999999994e-05,68349,,,,,,,,,
9.999999999999994e-05,68349,,,,,,,,,
9.999999999999994e-05,68349,,,,,,,,,
,68349,0.0018435621168464422,0.00020411127479746938,0.00128158216830343,0.00020987921743653715,0.00014667441428173333,1.3149621054253657e-06,36.0,962,
,68372,,,,,,,,962,0.026592141017317772
9.999999999999994e-05,68399,,,,,,,,,
9.999999999999994e-05,68399,,,,,,,,,
9.999999999999994e-05,68399,,,,,,,,,
,68399,0.002428285079076886,0.0002092652430292219,0.0016758616548031569,0.0003069787344429642,0.0002353662421228364,8.133120559250528e-07,36.0,963,
,68443,,,,,,,,963,0.029716480523347855
9.999999999999994e-05,68449,,,,,,,,,
9.999999999999994e-05,68449,,,,,,,,,
9.999999999999994e-05,68449,,,,,,,,,
,68449,0.002987869083881378,0.0002866112918127328,0.0019983453676104546,0.00037627684650942683,0.0003260482335463166,5.872329325029568e-07,36.0,964,
9.999999999999994e-05,68499,,,,,,,,,
9.999999999999994e-05,68499,,,,,,,,,
9.999999999999994e-05,68499,,,,,,,,,
,68499,0.00290155247785151,0.0003224569372832775,0.0017587443580850959,0.0004388734232634306,0.000380809826310724,6.678444037788722e-07,36.0,964,
,68514,,,,,,,,964,0.026939377188682556
9.999999999999994e-05,68549,,,,,,,,,
9.999999999999994e-05,68549,,,,,,,,,
9.999999999999994e-05,68549,,,,,,,,,
,68549,0.0015883826417848468,0.00017548805044498295,0.0010103281820192933,0.0002626116038300097,0.00013927144755143672,6.833212182755233e-07,36.0,965,
,68585,,,,,,,,965,0.02719634398818016
9.999999999999994e-05,68599,,,,,,,,,
9.999999999999994e-05,68599,,,,,,,,,
9.999999999999994e-05,68599,,,,,,,,,
,68599,0.003249529516324401,0.0002781899820547551,0.0022685956209897995,0.00040440174052491784,0.0002975133538711816,8.288355388685886e-07,36.0,966,
9.999999999999994e-05,68649,,,,,,,,,
9.999999999999994e-05,68649,,,,,,,,,
9.999999999999994e-05,68649,,,,,,,,,
,68649,0.002706104191020131,0.000908276648260653,0.0011764741502702236,0.0003498954465612769,0.0002706464729271829,8.114645879686577e-07,36.0,966,
,68656,,,,,,,,966,0.027435341849923134
9.999999999999994e-05,68699,,,,,,,,,
9.999999999999994e-05,68699,,,,,,,,,
9.999999999999994e-05,68699,,,,,,,,,
,68699,0.002205725759267807,0.000230709309107624,0.0016104942187666893,0.00018398200336378068,0.00017994664085563272,5.935257263445237e-07,36.0,967,
,68727,,,,,,,,967,0.02702808752655983
9.999999999999994e-05,68749,,,,,,,,,
9.999999999999994e-05,68749,,,,,,,,,
9.999999999999994e-05,68749,,,,,,,,,
,68749,0.0011129641206935048,7.921821088530123e-05,0.0006226120167411864,0.00024649265105836093,0.00016381188470404595,8.293191058328375e-07,36.0,968,
,68798,,,,,,,,968,0.027288313955068588
9.999999999999994e-05,68799,,,,,,,,,
9.999999999999994e-05,68799,,,,,,,,,
9.999999999999994e-05,68799,,,,,,,,,
,68799,0.0016095263417810202,1.8156260921387002e-05,0.001067986711859703,0.0003025506157428026,0.00022000199533067644,8.307122811856971e-07,36.0,969,
9.999999999999994e-05,68849,,,,,,,,,
9.999999999999994e-05,68849,,,,,,,,,
9.999999999999994e-05,68849,,,,,,,,,
,68849,0.001735296449624002,1.7230006051249802e-05,0.0013495695311576128,0.00020358641631901264,0.00016435168799944222,5.588363478636893e-07,36.0,969,
,68869,,,,,,,,969,0.02631855010986328
9.999999999999994e-05,68899,,,,,,,,,
9.999999999999994e-05,68899,,,,,,,,,
9.999999999999994e-05,68899,,,,,,,,,
,68899,0.0035747988149523735,7.847201777622104e-05,0.0012764466227963567,0.0002125671016983688,0.0001579972158651799,0.0018493158277124166,36.0,970,
,68940,,,,,,,,970,0.02841407246887684
9.999999999999994e-05,68949,,,,,,,,,
9.999999999999994e-05,68949,,,,,,,,,
9.999999999999994e-05,68949,,,,,,,,,
,68949,0.001781421946361661,0.0003370002959854901,0.0008227662183344364,0.0003472821554169059,0.00026739828172139823,6.975054020585958e-06,36.0,971,
9.999999999999994e-05,68999,,,,,,,,,
9.999999999999994e-05,68999,,,,,,,,,
9.999999999999994e-05,68999,,,,,,,,,
,68999,0.0027681931387633085,0.0007469949778169394,0.0014139764243736863,0.00034243613481521606,0.0002638883888721466,8.970029057309148e-07,36.0,971,
,69011,,,,,,,,971,0.02707034908235073
9.999999999999994e-05,69049,,,,,,,,,
9.999999999999994e-05,69049,,,,,,,,,
9.999999999999994e-05,69049,,,,,,,,,
,69049,0.0019384088227525353,7.25717400200665e-05,0.0014138086698949337,0.0002608762006275356,0.0001903666852740571,7.855851436033845e-07,36.0,972,
,69082,,,,,,,,972,0.02756769396364689
9.999999999999994e-05,69099,,,,,,,,,
9.999999999999994e-05,69099,,,,,,,,,
9.999999999999994e-05,69099,,,,,,,,,
,69099,0.003138167317956686,0.00044678739504888654,0.001240999554283917,0.000791717495303601,0.0006573467398993671,1.3158548881619936e-06,36.0,973,
9.999999999999994e-05,69149,,,,,,,,,
9.999999999999994e-05,69149,,,,,,,,,
9.999999999999994e-05,69149,,,,,,,,,
,69149,0.00204807473346591,0.00025467085652053356,0.0013157399371266365,0.0002687749220058322,0.00020813627634197474,7.527896741521545e-07,36.0,973,
,69153,,,,,,,,973,0.027403343468904495
9.999999999999994e-05,69199,,,,,,,,,
9.999999999999994e-05,69199,,,,,,,,,
9.999999999999994e-05,69199,,,,,,,,,
,69199,0.0021885305177420378,0.0003166613751091063,0.0014450248563662171,0.00025801529409363866,0.00016783592582214624,9.930552096193423e-07,36.0,974,
,69224,,,,,,,,974,0.027303282171487808
9.999999999999994e-05,69249,,,,,,,,,
9.999999999999994e-05,69249,,,,,,,,,
9.999999999999994e-05,69249,,,,,,,,,
,69249,0.0020037018693983555,0.0001831899571698159,0.0013902238570153713,0.0002502699790056795,0.0001791812537703663,8.368278940906748e-07,36.0,975,
,69295,,,,,,,,975,0.02771880477666855
9.999999999999994e-05,69299,,,,,,,,,
9.999999999999994e-05,69299,,,,,,,,,
9.999999999999994e-05,69299,,,,,,,,,
,69299,0.0022037741728127003,0.0002857885556295514,0.0014260495081543922,0.0002512743812985718,0.00024004546867217869,6.163833745631564e-07,36.0,976,
9.999999999999994e-05,69349,,,,,,,,,
9.999999999999994e-05,69349,,,,,,,,,
9.999999999999994e-05,69349,,,,,,,,,
,69349,0.0025062342174351215,0.0004413894785102457,0.0016214539064094424,0.00025552912848070264,0.00018729995645117015,5.619289709102304e-07,36.0,976,
,69366,,,,,,,,976,0.02698608487844467
9.999999999999994e-05,69399,,,,,,,,,
9.999999999999994e-05,69399,,,,,,,,,
9.999999999999994e-05,69399,,,,,,,,,
,69399,0.0013691461645066738,3.8533406041096896e-05,0.000940199475735426,0.00020431821758393198,0.00018562318291515112,4.719168487099523e-07,36.0,977,
,69437,,,,,,,,977,0.027737481519579887
9.999999999999994e-05,69449,,,,,,,,,
9.999999999999994e-05,69449,,,,,,,,,
9.999999999999994e-05,69449,,,,,,,,,
,69449,0.0021583582274615765,0.0004559134831652045,0.0011185555486008525,0.0003397200780455023,0.00024317213683389127,9.970065093511948e-07,36.0,978,
9.999999999999994e-05,69499,,,,,,,,,
9.999999999999994e-05,69499,,,,,,,,,
9.999999999999994e-05,69499,,,,,,,,,
,69499,0.0021632022690027952,2.7025933377444744e-05,0.0014932522317394614,0.0003825338208116591,0.00025914443540386856,1.245937369276362e-06,36.0,978,
,69508,,,,,,,,978,0.028211476281285286
9.999999999999994e-05,69549,,,,,,,,,
9.999999999999994e-05,69549,,,,,,,,,
9.999999999999994e-05,69549,,,,,,,,,
,69549,0.0024117163848131895,0.0002017496881308034,0.0012808964820578694,0.0005346277612261474,0.00039322389056906104,1.21850803225243e-06,36.0,979,
,69579,,,,,,,,979,0.02821596898138523
9.999999999999994e-05,69599,,,,,,,,,
9.999999999999994e-05,69599,,,,,,,,,
9.999999999999994e-05,69599,,,,,,,,,
,69599,0.0021975289564579725,0.00030235236044973135,0.0009779814863577485,0.0005115793319419026,0.00040439117583446205,1.2245862990312162e-06,36.0,980,
9.999999999999994e-05,69649,,,,,,,,,
9.999999999999994e-05,69649,,,,,,,,,
9.999999999999994e-05,69649,,,,,,,,,
,69649,0.001611181884072721,5.042137854616158e-05,0.0012530051171779633,0.0001893106964416802,0.0001170396717498079,1.4051087191546685e-06,36.0,980,
,69650,,,,,,,,980,0.02710103802382946
9.999999999999994e-05,69699,,,,,,,,,
9.999999999999994e-05,69699,,,,,,,,,
9.999999999999994e-05,69699,,,,,,,,,
,69699,0.0016073075821623206,0.00023118781973607838,0.0009292802424170077,0.0002466376463416964,0.00019977449846919626,4.273135516541515e-07,36.0,981,
,69721,,,,,,,,981,0.028011247515678406
9.999999999999994e-05,69749,,,,,,,,,
9.999999999999994e-05,69749,,,,,,,,,
9.999999999999994e-05,69749,,,,,,,,,
,69749,0.0014421370578929782,0.00013449708058033139,0.001058157067745924,0.00015469544450752437,9.415553358849138e-05,6.318663281490444e-07,36.0,982,
,69792,,,,,,,,982,0.027222957462072372
9.999999999999994e-05,69799,,,,,,,,,
9.999999999999994e-05,69799,,,,,,,,,
9.999999999999994e-05,69799,,,,,,,,,
,69799,0.0013415416469797492,1.9962997612310573e-05,0.0008787604747340083,0.0002685289946384728,0.00017317938909400254,1.1097716878794017e-06,36.0,983,
9.999999999999994e-05,69849,,,,,,,,,
9.999999999999994e-05,69849,,,,,,,,,
9.999999999999994e-05,69849,,,,,,,,,
,69849,0.0013649003813043237,0.0002176752605009824,0.0007316507981158793,0.00024555251002311707,0.0001691895304247737,8.322112989844754e-07,36.0,983,
,69863,,,,,,,,983,0.027406195178627968
9.999999999999994e-05,69899,,,,,,,,,
9.999999999999994e-05,69899,,,,,,,,,
9.999999999999994e-05,69899,,,,,,,,,
,69899,0.0032490924932062626,0.0002762415388133377,0.001882677199319005,0.0006010049255564809,0.0004883600631728768,8.088310892162554e-07,36.0,984,
,69934,,,,,,,,984,0.026347104460000992
9.999999999999994e-05,69949,,,,,,,,,
9.999999999999994e-05,69949,,,,,,,,,
9.999999999999994e-05,69949,,,,,,,,,
,69949,0.0035072467289865017,0.00093995057977736,0.0014731311239302158,0.0006049127550795674,0.0004885545931756496,6.974609618737304e-07,36.0,985,
9.999999999999994e-05,69999,,,,,,,,,
9.999999999999994e-05,69999,,,,,,,,,
9.999999999999994e-05,69999,,,,,,,,,
,69999,0.001794265815988183,5.89266637689434e-05,0.001377596752718091,0.0002209785598097369,0.00013619597302749753,5.678368779626908e-07,36.0,985,
,70005,,,,,,,,985,0.02803824655711651
9.999999999999994e-05,70049,,,,,,,,,
9.999999999999994e-05,70049,,,,,,,,,
9.999999999999994e-05,70049,,,,,,,,,
,70049,0.001945885014720261,0.00029343683854676783,0.0011690659448504448,0.00029045576229691505,0.00019156027701683342,1.3662125866176211e-06,36.0,986,
,70076,,,,,,,,986,0.026951799169182777
9.999999999999994e-05,70099,,,,,,,,,
9.999999999999994e-05,70099,,,,,,,,,
9.999999999999994e-05,70099,,,,,,,,,
,70099,0.004018084146082401,0.000242244714172557,0.0020843998063355684,0.0008561724098399282,0.0008340931963175535,1.1745720485123456e-06,37.0,987,
,70147,,,,,,,,987,0.027130121365189552
9.999999999999994e-05,70149,,,,,,,,,
9.999999999999994e-05,70149,,,,,,,,,
9.999999999999994e-05,70149,,,,,,,,,
,70149,0.0019869450479745865,0.00015980013995431364,0.001357516273856163,0.0002669870445970446,0.00020198180573061109,6.597770720873086e-07,37.0,988,
9.999999999999994e-05,70199,,,,,,,,,
9.999999999999994e-05,70199,,,,,,,,,
9.999999999999994e-05,70199,,,,,,,,,
,70199,0.0026489042211323977,4.4575397623702884e-05,0.0017975199734792113,0.0004433586145751178,0.00036133849062025547,2.1118621589266695e-06,37.0,988,
,70218,,,,,,,,988,0.02756945602595806
9.999999999999994e-05,70249,,,,,,,,,
9.999999999999994e-05,70249,,,,,,,,,
9.999999999999994e-05,70249,,,,,,,,,
,70249,0.0012539735762402415,6.0314028814900666e-05,0.0009005388128571212,0.00017923349514603615,0.00011287746019661427,1.0097440963363624e-06,37.0,989,
,70289,,,,,,,,989,0.02750008925795555
9.999999999999994e-05,70299,,,,,,,,,
9.999999999999994e-05,70299,,,,,,,,,
9.999999999999994e-05,70299,,,,,,,,,
,70299,0.0015812830533832312,5.734674778068438e-05,0.001060858485288918,0.00027993740513920784,0.0001820549223339185,1.0854549827854498e-06,37.0,990,
9.999999999999994e-05,70349,,,,,,,,,
9.999999999999994e-05,70349,,,,,,,,,
9.999999999999994e-05,70349,,,,,,,,,
,70349,0.00222683884203434,0.00023062870604917407,0.0013774512335658073,0.0003744564892258495,0.0002433585177641362,9.439306154490623e-07,37.0,990,
,70360,,,,,,,,990,0.026859138160943985
9.999999999999994e-05,70399,,,,,,,,,
9.999999999999994e-05,70399,,,,,,,,,
9.999999999999994e-05,70399,,,,,,,,,
,70399,0.0006399013800546527,1.6703274013707414e-05,0.0004439667100086808,0.00010982024105032906,6.891616794746369e-05,4.950046559315524e-07,37.0,991,
,70431,,,,,,,,991,0.027600783854722977
9.999999999999994e-05,70449,,,,,,,,,
9.999999999999994e-05,70449,,,,,,,,,
9.999999999999994e-05,70449,,,,,,,,,
,70449,0.0024359123781323433,5.8060606534127146e-05,0.001871312502771616,0.0002626267378218472,0.00024267332628369331,1.239177436218597e-06,37.0,992,
9.999999999999994e-05,70499,,,,,,,,,
9.999999999999994e-05,70499,,,,,,,,,
9.999999999999994e-05,70499,,,,,,,,,
,70499,0.0019374003168195486,9.565128129906952e-05,0.0016057041939347982,0.000170741172041744,6.46566622890532e-05,6.470223183896451e-07,37.0,992,
,70502,,,,,,,,992,0.027271229773759842
9.999999999999994e-05,70549,,,,,,,,,
9.999999999999994e-05,70549,,,,,,,,,
9.999999999999994e-05,70549,,,,,,,,,
,70549,0.0020631137304008007,0.00019395735580474138,0.001539402175694704,0.0001862492790678516,0.0001424951624358073,1.00980957995489e-06,37.0,993,
,70573,,,,,,,,993,0.027279436588287354
9.999999999999994e-05,70599,,,,,,,,,
9.999999999999994e-05,70599,,,,,,,,,
9.999999999999994e-05,70599,,,,,,,,,
,70599,0.0010859633330255747,0.00016881214105524123,0.0005657614092342556,0.00020475202472880483,0.00012959472951479256,1.7043026673491113e-05,37.0,994,
,70644,,,,,,,,994,0.027276501059532166
9.999999999999994e-05,70649,,,,,,,,,
9.999999999999994e-05,70649,,,,,,,,,
9.999999999999994e-05,70649,,,,,,,,,
,70649,0.0013365796767175198,1.864578553067986e-05,0.0007659004186280072,0.0002220085443696007,0.0001413073332514614,0.0001887176767922938,37.0,995,
9.999999999999994e-05,70699,,,,,,,,,
9.999999999999994e-05,70699,,,,,,,,,
9.999999999999994e-05,70699,,,,,,,,,
,70699,0.0013391653774306178,2.482422314642463e-05,0.0009652224252931774,0.0001684161543380469,0.00017513326019980013,5.569309450947912e-06,37.0,995,
,70715,,,,,,,,995,0.027007542550563812
9.999999999999994e-05,70749,,,,,,,,,
9.999999999999994e-05,70749,,,,,,,,,
9.999999999999994e-05,70749,,,,,,,,,
,70749,0.0017924567218869925,2.2652144252788275e-05,0.0014065722934901714,0.00018392658967059106,0.00017841569206211716,8.900690886548546e-07,37.0,996,
,70786,,,,,,,,996,0.02711271494626999
9.999999999999994e-05,70799,,,,,,,,,
9.999999999999994e-05,70799,,,,,,,,,
9.999999999999994e-05,70799,,,,,,,,,
,70799,0.001883310847915709,0.00017685731290839612,0.0012711910530924797,0.00024564063642174006,0.00018838488904293627,1.2368944908303092e-06,37.0,997,
9.999999999999994e-05,70849,,,,,,,,,
9.999999999999994e-05,70849,,,,,,,,,
9.999999999999994e-05,70849,,,,,,,,,
,70849,0.001029169769026339,0.00016896678425837308,0.0005539343692362309,0.00019278537365607917,0.00011243937478866428,1.0438953950142604e-06,37.0,997,
,70857,,,,,,,,997,0.027119694277644157
9.999999999999994e-05,70899,,,,,,,,,
9.999999999999994e-05,70899,,,,,,,,,
9.999999999999994e-05,70899,,,,,,,,,
,70899,0.002460754243656993,0.00014929364260751754,0.0018386489246040583,0.00023648826754651964,0.00023551037884317338,8.131672188937955e-07,37.0,998,
,70928,,,,,,,,998,0.027523381635546684
9.999999999999994e-05,70949,,,,,,,,,
9.999999999999994e-05,70949,,,,,,,,,
9.999999999999994e-05,70949,,,,,,,,,
,70949,0.0013968365965411067,0.0002281408233102411,0.0007066484540700912,0.0002595846017356962,0.00020142525318078697,1.037423544403282e-06,37.0,999,
9.999999999999994e-05,70999,,,,,,,,,
,70999,0.0014510120963677764,0.00011345000530127436,0.0010887105017900467,0.0001464811502955854,0.00010185640712734312,5.139713152857439e-07,37.0,999,
,70999,,,,,,,,999,0.028066882863640785
9.999999999999994e-05,71049,,,,,,,,,
9.999999999999994e-05,71049,,,,,,,,,
9.999999999999994e-05,71049,,,,,,,,,
,71049,0.0017788329860195518,0.00032161222770810127,0.0009298640070483088,0.00029297833680175245,0.00023353321012109518,8.452234396827407e-07,37.0,1000,
,71070,,,,,,,,1000,0.027438661083579063
9.999999999999994e-05,71099,,,,,,,,,
9.999999999999994e-05,71099,,,,,,,,,
9.999999999999994e-05,71099,,,,,,,,,
,71099,0.0008556116372346878,6.142545771581354e-06,0.0005434623453766108,0.00018367382290307432,0.00012163749488536268,6.954451805540884e-07,37.0,1001,
,71141,,,,,,,,1001,0.027564827352762222
9.999999999999994e-05,71149,,,,,,,,,
9.999999999999994e-05,71149,,,,,,,,,
9.999999999999994e-05,71149,,,,,,,,,
,71149,0.0014376353938132524,4.3556836317293346e-05,0.001087576150894165,0.00017426935664843768,0.0001317840360570699,4.4912204089087027e-07,37.0,1002,
9.999999999999994e-05,71199,,,,,,,,,
9.999999999999994e-05,71199,,,,,,,,,
9.999999999999994e-05,71199,,,,,,,,,
,71199,0.0015251677250489593,2.0352210412966087e-05,0.0010168920271098614,0.000290546624455601,0.00019639013044070452,9.86824716164847e-07,37.0,1002,
,71212,,,,,,,,1002,0.026886099949479103
9.999999999999994e-05,71249,,,,,,,,,
9.999999999999994e-05,71249,,,,,,,,,
9.999999999999994e-05,71249,,,,,,,,,
,71249,0.002433169400319457,0.00048262689961120486,0.0013930706772953272,0.00032364303478971124,0.00023298306041397154,8.456640898657497e-07,37.0,1003,
,71283,,,,,,,,1003,0.02701731026172638
9.999999999999994e-05,71299,,,,,,,,,
9.999999999999994e-05,71299,,,,,,,,,
9.999999999999994e-05,71299,,,,,,,,,
,71299,0.0014504300197586417,0.0001727189519442618,0.0009466618648730218,0.0002030947507591918,0.00012730492744594812,6.495342290691042e-07,37.0,1004,
9.999999999999994e-05,71349,,,,,,,,,
9.999999999999994e-05,71349,,,,,,,,,
9.999999999999994e-05,71349,,,,,,,,,
,71349,0.001129998592659831,6.608397234231234e-05,0.0007230998598970473,0.00019131407316308469,0.0001489086716901511,5.919376349083905e-07,37.0,1004,
,71354,,,,,,,,1004,0.027899112552404404
9.999999999999994e-05,71399,,,,,,,,,
9.999999999999994e-05,71399,,,,,,,,,
9.999999999999994e-05,71399,,,,,,,,,
,71399,0.0014257336733862758,0.0001475348399253562,0.0008325149537995458,0.00024563155602663755,0.0001993236073758453,7.286111554094532e-07,37.0,1005,
,71425,,,,,,,,1005,0.026802752166986465
9.999999999999994e-05,71449,,,,,,,,,
9.999999999999994e-05,71449,,,,,,,,,
9.999999999999994e-05,71449,,,,,,,,,
,71449,0.001966682728379965,1.688181873760186e-05,0.0015145649667829275,0.0002511720231268555,0.000183634358108975,4.2958973267559486e-07,37.0,1006,
,71496,,,,,,,,1006,0.027235805988311768
9.999999999999994e-05,71499,,,,,,,,,
9.999999999999994e-05,71499,,,,,,,,,
9.999999999999994e-05,71499,,,,,,,,,
,71499,0.0032673298846930265,0.00021596779697574675,0.002702816855162382,0.00018989198724739254,0.00015803433780092746,6.189148393787036e-07,37.0,1007,
9.999999999999994e-05,71549,,,,,,,,,
9.999999999999994e-05,71549,,,,,,,,,
9.999999999999994e-05,71549,,,,,,,,,
,71549,0.002285262569785118,0.0002546754549257457,0.0016827182844281197,0.00020897082868032157,0.00013825559290125966,6.424687057915435e-07,37.0,1007,
,71567,,,,,,,,1007,0.02689938060939312
9.999999999999994e-05,71599,,,,,,,,,
9.999999999999994e-05,71599,,,,,,,,,
9.999999999999994e-05,71599,,,,,,,,,
,71599,0.0018875700188800693,0.00015543127665296197,0.0013863533968105912,0.00019718377734534442,0.00014800956705585122,5.91930472637614e-07,37.0,1008,
,71638,,,,,,,,1008,0.027435438707470894
9.999999999999994e-05,71649,,,,,,,,,
9.999999999999994e-05,71649,,,,,,,,,
9.999999999999994e-05,71649,,,,,,,,,
,71649,0.0020489217713475227,5.7701297919265926e-05,0.001385698327794671,0.0003383381408639252,0.00026673488900996745,4.490543688007165e-07,37.0,1009,
9.999999999999994e-05,71699,,,,,,,,,
9.999999999999994e-05,71699,,,,,,,,,
9.999999999999994e-05,71699,,,,,,,,,
,71699,0.002124850172549486,6.471082451753318e-05,0.001195312011986971,0.00043239601654931903,0.00043164254748262465,7.885831223575224e-07,37.0,1009,
,71709,,,,,,,,1009,0.027072634547948837
9.999999999999994e-05,71749,,,,,,,,,
9.999999999999994e-05,71749,,,,,,,,,
9.999999999999994e-05,71749,,,,,,,,,
,71749,0.0015805960865691304,6.625168316531926e-05,0.0009559626923874021,0.0003318900126032531,0.00022536407050210983,1.1276226814516122e-06,37.0,1010,
,71780,,,,,,,,1010,0.026909297332167625
9.999999999999994e-05,71799,,,,,,,,,
9.999999999999994e-05,71799,,,,,,,,,
9.999999999999994e-05,71799,,,,,,,,,
,71799,0.001758389174938202,4.69180777145084e-05,0.0011673083063215017,0.0003342747804708779,0.00020880326337646693,1.0847252269741148e-06,37.0,1011,
9.999999999999994e-05,71849,,,,,,,,,
9.999999999999994e-05,71849,,,,,,,,,
9.999999999999994e-05,71849,,,,,,,,,
,71849,0.0017279075691476464,4.10093052778393e-05,0.0011219782754778862,0.00031585688702762127,0.0002476825029589236,1.3805274647893384e-06,37.0,1011,
,71851,,,,,,,,1011,0.027449103072285652
9.999999999999994e-05,71899,,,,,,,,,
9.999999999999994e-05,71899,,,,,,,,,
9.999999999999994e-05,71899,,,,,,,,,
,71899,0.001064657000824809,0.00014149941853247583,0.0006814093794673681,0.00013813070836476982,0.00010318672866560519,4.307892993438145e-07,37.0,1012,
,71922,,,,,,,,1012,0.02767902798950672
9.999999999999994e-05,71949,,,,,,,,,
9.999999999999994e-05,71949,,,,,,,,,
9.999999999999994e-05,71949,,,,,,,,,
,71949,0.0022931592538952827,0.00019144598627462983,0.0014636577107012272,0.00031862477771937847,0.00031882268376648426,6.082094046178099e-07,37.0,1013,
,71993,,,,,,,,1013,0.027195919305086136
9.999999999999994e-05,71999,,,,,,,,,
9.999999999999994e-05,71999,,,,,,,,,
9.999999999999994e-05,71999,,,,,,,,,
,71999,0.0011349156266078353,0.00013697735266759992,0.0007388630183413625,0.0001627679739613086,9.590000263415277e-05,4.072409183208947e-07,37.0,1014,
9.999999999999994e-05,72049,,,,,,,,,
9.999999999999994e-05,72049,,,,,,,,,
9.999999999999994e-05,72049,,,,,,,,,
,72049,0.0018538542790338397,0.00011926403385587037,0.0014254983980208635,0.00017559253319632262,0.00013300820137374103,4.911212840852386e-07,37.0,1014,
,72064,,,,,,,,1014,0.027331462129950523
9.999999999999994e-05,72099,,,,,,,,,
9.999999999999994e-05,72099,,,,,,,,,
9.999999999999994e-05,72099,,,,,,,,,
,72099,0.00235187541693449,3.97329858969897e-05,0.001721212174743414,0.00031415806734003127,0.00027448864420875907,2.283383309986675e-06,37.0,1015,
,72135,,,,,,,,1015,0.026807181537151337
9.999999999999994e-05,72149,,,,,,,,,
9.999999999999994e-05,72149,,,,,,,,,
9.999999999999994e-05,72149,,,,,,,,,
,72149,0.00251596188172698,0.0003614929737523198,0.0015618373872712255,0.0003285587881691754,0.00026118115056306124,2.891722260756069e-06,37.0,1016,
9.999999999999994e-05,72199,,,,,,,,,
9.999999999999994e-05,72199,,,,,,,,,
9.999999999999994e-05,72199,,,,,,,,,
,72199,0.002147260122001171,0.00032127939630299807,0.0014383040834218264,0.0002180593874072656,0.0001690814970061183,5.358693897505873e-07,37.0,1016,
,72206,,,,,,,,1016,0.027561664581298828
9.999999999999994e-05,72249,,,,,,,,,
9.999999999999994e-05,72249,,,,,,,,,
9.999999999999994e-05,72249,,,,,,,,,
,72249,0.002805535215884447,5.4811578593216836e-05,0.0017132204957306385,0.0005875176284462214,0.0004465447273105383,3.4406959912303137e-06,37.0,1017,
,72277,,,,,,,,1017,0.027007615193724632
9.999999999999994e-05,72299,,,,,,,,,
9.999999999999994e-05,72299,,,,,,,,,
9.999999999999994e-05,72299,,,,,,,,,
,72299,0.0020449133589863777,5.25186987943016e-05,0.0012114602141082287,0.00029799091862514615,0.00033902685390785336,0.0001439168117940426,37.0,1018,
,72348,,,,,,,,1018,0.027054423466324806
9.999999999999994e-05,72349,,,,,,,,,
9.999999999999994e-05,72349,,,,,,,,,
9.999999999999994e-05,72349,,,,,,,,,
,72349,0.0025521982461214066,0.00035701104206964374,0.0016752923838794231,0.0002950524212792516,0.00022374487889464945,1.0972237305395538e-06,37.0,1019,
9.999999999999994e-05,72399,,,,,,,,,
9.999999999999994e-05,72399,,,,,,,,,
9.999999999999994e-05,72399,,,,,,,,,
,72399,0.002673516748473048,6.292873877100646e-05,0.0016774366376921535,0.0005494535434991121,0.0003805897431448102,3.1081629003892886e-06,37.0,1019,
,72419,,,,,,,,1019,0.02668708935379982
9.999999999999994e-05,72449,,,,,,,,,
9.999999999999994e-05,72449,,,,,,,,,
9.999999999999994e-05,72449,,,,,,,,,
,72449,0.004184581805020571,0.00017539272084832191,0.002360251732170582,0.0008511425112374127,0.000796716078184545,1.0788495501401485e-06,37.0,1020,
,72490,,,,,,,,1020,0.026722459122538567
9.999999999999994e-05,72499,,,,,,,,,
9.999999999999994e-05,72499,,,,,,,,,
9.999999999999994e-05,72499,,,,,,,,,
,72499,0.0014570223866030574,0.00018902317970059812,0.0007633130881004035,0.000276789563940838,0.0002269941323902458,9.024276437230583e-07,37.0,1021,
9.999999999999994e-05,72549,,,,,,,,,
9.999999999999994e-05,72549,,,,,,,,,
9.999999999999994e-05,72549,,,,,,,,,
,72549,0.002439585281535983,0.00025635072961449623,0.0015632521826773882,0.0003822298313025385,0.00023655254335608333,1.1999693469988415e-06,37.0,1021,
,72561,,,,,,,,1021,0.026743018999695778
9.999999999999994e-05,72599,,,,,,,,,
9.999999999999994e-05,72599,,,,,,,,,
9.999999999999994e-05,72599,,,,,,,,,
,72599,0.0026353513821959496,0.0002510741469450295,0.0017025320557877421,0.00033074524253606796,0.0003502423642203212,7.575698646178353e-07,37.0,1022,
,72632,,,,,,,,1022,0.028167691081762314
9.999999999999994e-05,72649,,,,,,,,,
9.999999999999994e-05,72649,,,,,,,,,
9.999999999999994e-05,72649,,,,,,,,,
,72649,0.0027464120648801327,0.0002029937895713374,0.0020147962495684624,0.0002772972802631557,0.0002507260360289365,5.984919084767171e-07,37.0,1023,
9.999999999999994e-05,72699,,,,,,,,,
9.999999999999994e-05,72699,,,,,,,,,
9.999999999999994e-05,72699,,,,,,,,,
,72699,0.0016126062255352736,0.00028927664970979095,0.000813701655715704,0.00030445540323853493,0.000204380601644516,7.918370101833716e-07,37.0,1023,
,72703,,,,,,,,1023,0.026949124410748482
9.999999999999994e-05,72749,,,,,,,,,
9.999999999999994e-05,72749,,,,,,,,,
9.999999999999994e-05,72749,,,,,,,,,
,72749,0.002802205504849553,0.00035774160642176867,0.001870390260592103,0.00034209288423880935,0.00023137540847528726,6.051857894817658e-07,37.0,1024,
,72774,,,,,,,,1024,0.02762608230113983
9.999999999999994e-05,72799,,,,,,,,,
9.999999999999994e-05,72799,,,,,,,,,
9.999999999999994e-05,72799,,,,,,,,,
,72799,0.0015649625565856695,3.219782229280099e-05,0.0011486938456073403,0.0002376521733822301,0.00014584937889594585,5.692354534403421e-07,37.0,1025,
,72845,,,,,,,,1025,0.028088465332984924
9.999999999999994e-05,72849,,,,,,,,,
9.999999999999994e-05,72849,,,,,,,,,
9.999999999999994e-05,72849,,,,,,,,,
,72849,0.0016682210844010115,3.4587177651701495e-05,0.0012279859511181712,0.0002326008107047528,0.0001725197653286159,5.273768692859448e-07,37.0,1026,
9.999999999999994e-05,72899,,,,,,,,,
9.999999999999994e-05,72899,,,,,,,,,
9.999999999999994e-05,72899,,,,,,,,,
,72899,0.0015082024037837982,7.162081601563841e-05,0.0009228520793840289,0.0002773980959318578,0.0002354969474254176,8.345538731191482e-07,37.0,1026,
,72916,,,,,,,,1026,0.027801718562841415
9.999999999999994e-05,72949,,,,,,,,,
9.999999999999994e-05,72949,,,,,,,,,
9.999999999999994e-05,72949,,,,,,,,,
,72949,0.0017644739709794521,6.645124813076109e-05,0.0013153244508430362,0.00023947516456246376,0.00014248520892579108,7.378297937066236e-07,37.0,1027,
,72987,,,,,,,,1027,0.027587538585066795
9.999999999999994e-05,72999,,,,,,,,,
9.999999999999994e-05,72999,,,,,,,,,
9.999999999999994e-05,72999,,,,,,,,,
,72999,0.0014966382877901196,8.561767754144967e-05,0.0009091540705412626,0.00028715076041407883,0.00021397641103249043,7.395156558231974e-07,37.0,1028,
9.999999999999994e-05,73049,,,,,,,,,
9.999999999999994e-05,73049,,,,,,,,,
9.999999999999994e-05,73049,,,,,,,,,
,73049,0.0026360913179814816,0.00022721831919625401,0.001731673488393426,0.0004212281492073089,0.0002555798855610192,3.915245656571642e-07,37.0,1028,
,73058,,,,,,,,1028,0.027499213814735413
9.999999999999994e-05,73099,,,,,,,,,
9.999999999999994e-05,73099,,,,,,,,,
9.999999999999994e-05,73099,,,,,,,,,
,73099,0.0013831964461132884,0.0001436739694327116,0.000971191911958158,0.00016032274288590997,0.00010753942478913814,4.6837078571115853e-07,37.0,1029,
,73129,,,,,,,,1029,0.027385663241147995
9.999999999999994e-05,73149,,,,,,,,,
9.999999999999994e-05,73149,,,,,,,,,
9.999999999999994e-05,73149,,,,,,,,,
,73149,0.0038169599138200283,2.1578598534688354e-05,0.001802197890356183,0.00038310157833620906,0.0003310337197035551,0.0012790481559932232,37.0,1030,
9.999999999999994e-05,73199,,,,,,,,,
9.999999999999994e-05,73199,,,,,,,,,
9.999999999999994e-05,73199,,,,,,,,,
,73199,0.0035497674252837896,0.0009875064715743065,0.001945621450431645,0.00028549390845000744,0.0003281760145910084,2.969687557197176e-06,37.0,1030,
,73200,,,,,,,,1030,0.027649367228150368
9.999999999999994e-05,73249,,,,,,,,,
9.999999999999994e-05,73249,,,,,,,,,
9.999999999999994e-05,73249,,,,,,,,,
,73249,0.003271478693932295,0.0003409615019336343,0.0023973174393177032,0.0002903473796322942,0.00024110599770210683,1.7467331190346158e-06,37.0,1031,
,73271,,,,,,,,1031,0.027162088081240654
9.999999999999994e-05,73299,,,,,,,,,
9.999999999999994e-05,73299,,,,,,,,,
9.999999999999994e-05,73299,,,,,,,,,
,73299,0.0013562646927312016,0.00017674893024377525,0.000864170491695404,0.0001817172596929595,0.0001326123165199533,1.0157342558159144e-06,37.0,1032,
,73342,,,,,,,,1032,0.027489354833960533
9.999999999999994e-05,73349,,,,,,,,,
9.999999999999994e-05,73349,,,,,,,,,
9.999999999999994e-05,73349,,,,,,,,,
,73349,0.0015357937663793564,0.00016780977603048086,0.0009551149560138583,0.0002755406021606177,0.0001364412164548412,8.871475074556656e-07,37.0,1033,
9.999999999999994e-05,73399,,,,,,,,,
9.999999999999994e-05,73399,,,,,,,,,
9.999999999999994e-05,73399,,,,,,,,,
,73399,0.001388004282489419,7.051615102682263e-05,0.0009048209758475423,0.0002419282973278314,0.00016965203394647688,1.0868498065974563e-06,37.0,1033,
,73413,,,,,,,,1033,0.02782023511826992
9.999999999999994e-05,73449,,,,,,,,,
9.999999999999994e-05,73449,,,,,,,,,
9.999999999999994e-05,73449,,,,,,,,,
,73449,0.0011582310544326901,2.405900158919394e-05,0.0008457466028630733,0.00016001422773115337,0.00012764832354150712,7.62887509608845e-07,37.0,1034,
,73484,,,,,,,,1034,0.027676085010170937
9.999999999999994e-05,73499,,,,,,,,,
9.999999999999994e-05,73499,,,,,,,,,
9.999999999999994e-05,73499,,,,,,,,,
,73499,0.000975928851403296,2.7720183425117284e-05,0.0006320818793028593,0.00018282581004314125,0.00013281096471473575,4.90029094635247e-07,37.0,1035,
9.999999999999994e-05,73549,,,,,,,,,
9.999999999999994e-05,73549,,,,,,,,,
9.999999999999994e-05,73549,,,,,,,,,
,73549,0.0014931884361431003,0.0002122740843333304,0.0009209390264004469,0.00021956802811473608,0.0001395711733493954,8.361587902072642e-07,37.0,1035,
,73555,,,,,,,,1035,0.027160080149769783
9.999999999999994e-05,73599,,,,,,,,,
9.999999999999994e-05,73599,,,,,,,,,
9.999999999999994e-05,73599,,,,,,,,,
,73599,0.0009189679403789341,1.7531310732010752e-05,0.0006606426322832704,0.00013515737373381853,0.00010504589590709656,5.90692650348501e-07,37.0,1036,
,73626,,,,,,,,1036,0.027530469000339508
9.999999999999994e-05,73649,,,,,,,,,
9.999999999999994e-05,73649,,,,,,,,,
9.999999999999994e-05,73649,,,,,,,,,
,73649,0.001078700996004045,5.602167948381975e-05,0.0007344679906964302,0.0001537611533422023,0.00013396491704043,4.852745973948913e-07,37.0,1037,
,73697,,,,,,,,1037,0.027229249477386475
9.999999999999994e-05,73699,,,,,,,,,
9.999999999999994e-05,73699,,,,,,,,,
9.999999999999994e-05,73699,,,,,,,,,
,73699,0.0016346998745575547,0.00035588425816968083,0.000949069217313081,0.0002101541613228619,0.00011881161481142044,7.805758173162758e-07,37.0,1038,
9.999999999999994e-05,73749,,,,,,,,,
9.999999999999994e-05,73749,,,,,,,,,
9.999999999999994e-05,73749,,,,,,,,,
,73749,0.0018218731274828315,0.00029233191162347794,0.0011440610978752375,0.00020047783618792892,0.00018427293980494142,7.293596695490123e-07,37.0,1038,
,73768,,,,,,,,1038,0.027129022404551506
9.999999999999994e-05,73799,,,,,,,,,
9.999999999999994e-05,73799,,,,,,,,,
9.999999999999994e-05,73799,,,,,,,,,
,73799,0.001189488684758544,1.7903148545883596e-05,0.0008323700749315321,0.00020621319708880037,0.00013224400754552335,7.583473689010134e-07,37.0,1039,
,73839,,,,,,,,1039,0.02699989266693592
9.999999999999994e-05,73849,,,,,,,,,
9.999999999999994e-05,73849,,,,,,,,,
9.999999999999994e-05,73849,,,,,,,,,
,73849,0.0038825124502182007,0.0007535623153671622,0.002243793336674571,0.00048241729382425547,0.00040209709550254047,6.425558467526571e-07,37.0,1040,
9.999999999999994e-05,73899,,,,,,,,,
9.999999999999994e-05,73899,,,,,,,,,
9.999999999999994e-05,73899,,,,,,,,,
,73899,0.0012802607379853725,6.5474261646159e-05,0.0008573503000661731,0.00020160272833891213,0.00015495263505727053,8.808531219983706e-07,37.0,1040,
,73910,,,,,,,,1040,0.02712497115135193
9.999999999999994e-05,73949,,,,,,,,,
9.999999999999994e-05,73949,,,,,,,,,
9.999999999999994e-05,73949,,,,,,,,,
,73949,0.0017008744180202484,5.116741522215307e-05,0.0010973315220326185,0.000317001948133111,0.0002347210538573563,6.523749220832542e-07,37.0,1041,
,73981,,,,,,,,1041,0.027314897626638412
9.999999999999994e-05,73999,,,,,,,,,
9.999999999999994e-05,73999,,,,,,,,,
9.999999999999994e-05,73999,,,,,,,,,
,73999,0.0018996770959347486,4.3010957597289234e-05,0.0014596448745578527,0.0002461060066707432,0.00015052480739541352,3.9044761024342733e-07,37.0,1042,
9.999999999999994e-05,74049,,,,,,,,,
9.999999999999994e-05,74049,,,,,,,,,
9.999999999999994e-05,74049,,,,,,,,,
,74049,0.003503907471895218,0.0003979801549576223,0.002373651135712862,0.0004183896235190332,0.00031254664645530283,1.339751179330051e-06,37.0,1042,
,74052,,,,,,,,1042,0.029146723449230194
9.999999999999994e-05,74099,,,,,,,,,
9.999999999999994e-05,74099,,,,,,,,,
9.999999999999994e-05,74099,,,,,,,,,
,74099,0.002199194859713316,0.0004239179252181202,0.001007378101348877,0.00041497600614093244,0.0003519568999763578,9.65931462815206e-07,38.0,1043,
,74123,,,,,,,,1043,0.027195069938898087
9.999999999999994e-05,74149,,,,,,,,,
9.999999999999994e-05,74149,,,,,,,,,
9.999999999999994e-05,74149,,,,,,,,,
,74149,0.0010987203568220139,7.578286840725923e-06,0.000674466835334897,0.00024127478536684066,0.00017453810141887516,8.624373322163592e-07,38.0,1044,
,74194,,,,,,,,1044,0.027332091704010963
9.999999999999994e-05,74199,,,,,,,,,
9.999999999999994e-05,74199,,,,,,,,,
9.999999999999994e-05,74199,,,,,,,,,
,74199,0.0024677568580955267,0.000304168788716197,0.0015235317405313253,0.0003443651949055493,0.0002953121729660779,3.790235325595859e-07,38.0,1045,
9.999999999999994e-05,74249,,,,,,,,,
9.999999999999994e-05,74249,,,,,,,,,
9.999999999999994e-05,74249,,,,,,,,,
,74249,0.001332673942670226,4.510818689595908e-05,0.0009239983046427369,0.00019479950424283743,0.00016838703595567495,3.809655026998371e-07,38.0,1045,
,74265,,,,,,,,1045,0.027624696493148804
9.999999999999994e-05,74299,,,,,,,,,
9.999999999999994e-05,74299,,,,,,,,,
9.999999999999994e-05,74299,,,,,,,,,
,74299,0.0011288449168205261,0.00019099158816970885,0.0006632874719798565,0.00015949241060297936,0.00011428705329308286,7.864607027840975e-07,38.0,1046,
,74336,,,,,,,,1046,0.027766477316617966
9.999999999999994e-05,74349,,,,,,,,,
9.999999999999994e-05,74349,,,,,,,,,
9.999999999999994e-05,74349,,,,,,,,,
,74349,0.0016480705235153437,0.00021544136689044535,0.0010343196336179972,0.00023476956994272768,0.00016280284035019577,7.371181709459051e-07,38.0,1047,
9.999999999999994e-05,74399,,,,,,,,,
9.999999999999994e-05,74399,,,,,,,,,
9.999999999999994e-05,74399,,,,,,,,,
,74399,0.0022585811093449593,8.717203309061006e-05,0.0014105102745816112,0.00043666569399647415,0.00031874916749075055,5.483918812387856e-06,38.0,1047,
,74407,,,,,,,,1047,0.02766035497188568
9.999999999999994e-05,74449,,,,,,,,,
9.999999999999994e-05,74449,,,,,,,,,
9.999999999999994e-05,74449,,,,,,,,,
,74449,0.0010895654559135437,0.0001955495390575379,0.0005481307744048536,0.00019989293650723994,0.00012702500680461526,1.8967324649565853e-05,38.0,1048,
,74478,,,,,,,,1048,0.02750382199883461
9.999999999999994e-05,74499,,,,,,,,,
9.999999999999994e-05,74499,,,,,,,,,
9.999999999999994e-05,74499,,,,,,,,,
,74499,0.0018208714900538325,0.0001670578494668007,0.0010898648761212826,0.0002404216502327472,0.00026656908448785543,5.695809886674397e-05,38.0,1049,
9.999999999999994e-05,74549,,,,,,,,,
,74549,0.0012992507545277476,2.1503072275663726e-05,0.0007251054630614817,0.00027004347066394985,0.00016423524357378483,0.00011836351768579334,38.0,1049,
,74549,,,,,,,,1049,0.027702318504452705
9.999999999999994e-05,74599,,,,,,,,,
9.999999999999994e-05,74599,,,,,,,,,
9.999999999999994e-05,74599,,,,,,,,,
,74599,0.0013587981229647994,9.2455287813209e-05,0.0008084919536486268,0.0002560479915700853,0.00019673215865623206,5.07064578414429e-06,38.0,1050,
,74620,,,,,,,,1050,0.026865806430578232
9.999999999999994e-05,74649,,,,,,,,,
9.999999999999994e-05,74649,,,,,,,,,
9.999999999999994e-05,74649,,,,,,,,,
,74649,0.0013271408388391137,7.554650073871017e-05,0.0009876422118395567,0.00015434695524163544,0.00010894953447859734,6.555944196406926e-07,38.0,1051,
,74691,,,,,,,,1051,0.028295041993260384
9.999999999999994e-05,74699,,,,,,,,,
9.999999999999994e-05,74699,,,,,,,,,
9.999999999999994e-05,74699,,,,,,,,,
,74699,0.001552513218484819,3.421845758566633e-05,0.0012195322196930647,0.0001925468968693167,0.00010548155114520341,7.341300829466491e-07,38.0,1052,
9.999999999999994e-05,74749,,,,,,,,,
9.999999999999994e-05,74749,,,,,,,,,
9.999999999999994e-05,74749,,,,,,,,,
,74749,0.002014754805713892,7.266434840857983e-05,0.0015315330820158124,0.00022337229165714234,0.00018668874690774828,4.964761046721833e-07,38.0,1052,
,74762,,,,,,,,1052,0.027142295613884926
9.999999999999994e-05,74799,,,,,,,,,
9.999999999999994e-05,74799,,,,,,,,,
9.999999999999994e-05,74799,,,,,,,,,
,74799,0.0026546958833932877,2.3602464352734387e-05,0.002125455066561699,0.0003039528091903776,0.0002009155577979982,7.698903914388211e-07,38.0,1053,
,74833,,,,,,,,1053,0.02741432934999466
9.999999999999994e-05,74849,,,,,,,,,
9.999999999999994e-05,74849,,,,,,,,,
9.999999999999994e-05,74849,,,,,,,,,
,74849,0.0024931400548666716,2.6164547307416797e-05,0.0020037328358739614,0.0002503443683963269,0.0002122938894899562,6.043367761776608e-07,38.0,1054,
9.999999999999994e-05,74899,,,,,,,,,
9.999999999999994e-05,74899,,,,,,,,,
9.999999999999994e-05,74899,,,,,,,,,
,74899,0.0019831766840070486,0.0002595636760815978,0.0010394356213510036,0.00036230223486199975,0.00032119598472490907,6.791408395656617e-07,38.0,1054,
,74904,,,,,,,,1054,0.02757236920297146
9.999999999999994e-05,74949,,,,,,,,,
9.999999999999994e-05,74949,,,,,,,,,
9.999999999999994e-05,74949,,,,,,,,,
,74949,0.0016426058718934655,0.00018208488472737372,0.0011092501226812601,0.00022456864826381207,0.000126138431369327,5.638411266772891e-07,38.0,1055,
,74975,,,,,,,,1055,0.027435829862952232
9.999999999999994e-05,74999,,,,,,,,,
9.999999999999994e-05,74999,,,,,,,,,
9.999999999999994e-05,74999,,,,,,,,,
,74999,0.0009031955851241946,2.460910218360368e-05,0.0006788915488868952,0.00011660078598652035,8.272584091173485e-05,3.683386751163198e-07,38.0,1056,
,75046,,,,,,,,1056,0.02685609832406044
9.999999999999994e-05,75049,,,,,,,,,
9.999999999999994e-05,75049,,,,,,,,,
9.999999999999994e-05,75049,,,,,,,,,
,75049,0.0022095455788075924,0.0002221974136773497,0.0011166587937623262,0.0004936766345053911,0.0003763377608265728,6.750862553417392e-07,38.0,1057,
9.999999999999994e-05,75099,,,,,,,,,
9.999999999999994e-05,75099,,,,,,,,,
9.999999999999994e-05,75099,,,,,,,,,
,75099,0.0016873721033334732,0.00011313185677863657,0.0008932914352044463,0.00034551709541119635,0.000335065764375031,3.659613696527231e-07,38.0,1057,
,75117,,,,,,,,1057,0.027964459732174873
9.999999999999994e-05,75149,,,,,,,,,
9.999999999999994e-05,75149,,,,,,,,,
9.999999999999994e-05,75149,,,,,,,,,
,75149,0.0012204914819449186,8.933844947023317e-05,0.0006985189393162727,0.00026347627863287926,0.00016827850777190179,8.793306278676027e-07,38.0,1058,
,75188,,,,,,,,1058,0.02713112346827984
9.999999999999994e-05,75199,,,,,,,,,
9.999999999999994e-05,75199,,,,,,,,,
9.999999999999994e-05,75199,,,,,,,,,
,75199,0.001423091278411448,0.00016079380293376744,0.0006921575404703617,0.00030638108728453517,0.0002632260147947818,5.328371912582952e-07,38.0,1059,
9.999999999999994e-05,75249,,,,,,,,,
9.999999999999994e-05,75249,,,,,,,,,
9.999999999999994e-05,75249,,,,,,,,,
,75249,0.001229571644216776,0.0001943212846526876,0.0006183489458635449,0.0002596655976958573,0.00015653128502890468,7.045732672850136e-07,38.0,1059,
,75259,,,,,,,,1059,0.02717980183660984
9.999999999999994e-05,75299,,,,,,,,,
9.999999999999994e-05,75299,,,,,,,,,
9.999999999999994e-05,75299,,,,,,,,,
,75299,0.0018359129317104816,0.00026641698786988854,0.0010243675205856562,0.0003276218776591122,0.00021647309768013656,1.033486341839307e-06,38.0,1060,
,75330,,,,,,,,1060,0.027512095868587494
9.999999999999994e-05,75349,,,,,,,,,
9.999999999999994e-05,75349,,,,,,,,,
9.999999999999994e-05,75349,,,,,,,,,
,75349,0.0021253989543765783,0.00014048931188881397,0.0016048471443355083,0.00020970506011508405,0.0001698983833193779,4.5916627300357504e-07,38.0,1061,
9.999999999999994e-05,75399,,,,,,,,,
9.999999999999994e-05,75399,,,,,,,,,
9.999999999999994e-05,75399,,,,,,,,,
,75399,0.0015164241194725037,0.00012054300168529153,0.0009752969490364194,0.00024437380488961935,0.00017552965437062085,6.806586156926642e-07,38.0,1061,
,75401,,,,,,,,1061,0.027946174144744873
9.999999999999994e-05,75449,,,,,,,,,
9.999999999999994e-05,75449,,,,,,,,,
9.999999999999994e-05,75449,,,,,,,,,
,75449,0.0011883541010320187,0.00012950167001690716,0.0007521621882915497,0.0001858530449680984,0.00012029564823023975,5.415133159658581e-07,38.0,1062,
,75472,,,,,,,,1062,0.027224231511354446
9.999999999999994e-05,75499,,,,,,,,,
9.999999999999994e-05,75499,,,,,,,,,
9.999999999999994e-05,75499,,,,,,,,,
,75499,0.002103156875818968,0.00021832299535162747,0.0014414150500670075,0.00023678445722907782,0.0002061662235064432,4.682667338329338e-07,38.0,1063,
,75543,,,,,,,,1063,0.027187105268239975
9.999999999999994e-05,75549,,,,,,,,,
9.999999999999994e-05,75549,,,,,,,,,
9.999999999999994e-05,75549,,,,,,,,,
,75549,0.0017669760854914784,0.0002583951281849295,0.001035118824802339,0.00026938150404021144,0.00020335952285677195,7.210247758848709e-07,38.0,1064,
9.999999999999994e-05,75599,,,,,,,,,
9.999999999999994e-05,75599,,,,,,,,,
9.999999999999994e-05,75599,,,,,,,,,
,75599,0.0018795239739120007,0.00020287981897126883,0.0012380329426378012,0.00023921688261907548,0.00019887472444679588,5.196379220251401e-07,38.0,1064,
,75614,,,,,,,,1064,0.02765754796564579
9.999999999999994e-05,75649,,,,,,,,,
9.999999999999994e-05,75649,,,,,,,,,
9.999999999999994e-05,75649,,,,,,,,,
,75649,0.001261481549590826,0.00018427107715979218,0.0006633531302213669,0.0002424107224214822,0.00017102729179896414,4.193724976175872e-07,38.0,1065,
,75685,,,,,,,,1065,0.02774873562157154
9.999999999999994e-05,75699,,,,,,,,,
9.999999999999994e-05,75699,,,,,,,,,
9.999999999999994e-05,75699,,,,,,,,,
,75699,0.0017541354754939675,9.379345283377916e-05,0.0013628510059788823,0.00017521994595881552,0.00012180103658465669,4.6998781044749194e-07,38.0,1066,
9.999999999999994e-05,75749,,,,,,,,,
9.999999999999994e-05,75749,,,,,,,,,
9.999999999999994e-05,75749,,,,,,,,,
,75749,0.0015654796734452248,0.00017246037896256894,0.0011081760749220848,0.00017665378982201219,0.00010740791913121939,7.81530104632111e-07,38.0,1066,
,75756,,,,,,,,1066,0.026872383430600166
9.999999999999994e-05,75799,,,,,,,,,
9.999999999999994e-05,75799,,,,,,,,,
9.999999999999994e-05,75799,,,,,,,,,
,75799,0.007819388061761856,0.001238314900547266,0.0035831411369144917,0.0016112785087898374,0.0013806418282911181,6.012046014802763e-06,38.0,1067,
,75827,,,,,,,,1067,0.02715270407497883
9.999999999999994e-05,75849,,,,,,,,,
9.999999999999994e-05,75849,,,,,,,,,
9.999999999999994e-05,75849,,,,,,,,,
,75849,0.002261198591440916,0.00015108512889128178,0.0014590200735256076,0.0003603268414735794,0.00027599517488852143,1.47713972182828e-05,38.0,1068,
,75898,,,,,,,,1068,0.027655446901917458
9.999999999999994e-05,75899,,,,,,,,,
9.999999999999994e-05,75899,,,,,,,,,
9.999999999999994e-05,75899,,,,,,,,,
,75899,0.002290349220857024,1.7395796021446586e-05,0.0014080738183110952,0.00047585932770743966,0.0003716396458912641,1.738058381306473e-05,38.0,1069,
9.999999999999994e-05,75949,,,,,,,,,
9.999999999999994e-05,75949,,,,,,,,,
9.999999999999994e-05,75949,,,,,,,,,
,75949,0.0012747858418151736,2.00524773390498e-05,0.0008257166482508183,0.0002060332044493407,0.0001569192245369777,6.606426177313551e-05,38.0,1069,
,75969,,,,,,,,1069,0.026661798357963562
9.999999999999994e-05,75999,,,,,,,,,
9.999999999999994e-05,75999,,,,,,,,,
9.999999999999994e-05,75999,,,,,,,,,
,75999,0.001993299927562475,3.702176036313176e-05,0.0011719588655978441,0.0003633101878222078,0.00041945360135287046,1.5555986010440392e-06,38.0,1070,
,76040,,,,,,,,1070,0.027664287015795708
9.999999999999994e-05,76049,,,,,,,,,
9.999999999999994e-05,76049,,,,,,,,,
9.999999999999994e-05,76049,,,,,,,,,
,76049,0.0014083250425755978,0.00013723617303185165,0.0009460161672905087,0.0001850458065746352,0.00013907748507335782,9.494667096987541e-07,38.0,1071,
9.999999999999994e-05,76099,,,,,,,,,
9.999999999999994e-05,76099,,,,,,,,,
9.999999999999994e-05,76099,,,,,,,,,
,76099,0.002183556789532304,0.00017652686801739037,0.0012470153160393238,0.0004050056741107255,0.0003541755140759051,8.335875918419333e-07,38.0,1071,
,76111,,,,,,,,1071,0.029608264565467834
9.999999999999994e-05,76149,,,,,,,,,
9.999999999999994e-05,76149,,,,,,,,,
9.999999999999994e-05,76149,,,,,,,,,
,76149,0.0014492013724520802,0.00014846336853224784,0.000855195801705122,0.0002663063642103225,0.000178490299731493,7.455639092768251e-07,38.0,1072,
,76182,,,,,,,,1072,0.02748742699623108
9.999999999999994e-05,76199,,,,,,,,,
9.999999999999994e-05,76199,,,,,,,,,
9.999999999999994e-05,76199,,,,,,,,,
,76199,0.0021709820721298456,0.00017079901590477675,0.001335018198005855,0.0002237718435935676,0.0004408484965097159,5.44666875157418e-07,38.0,1073,
9.999999999999994e-05,76249,,,,,,,,,
9.999999999999994e-05,76249,,,,,,,,,
9.999999999999994e-05,76249,,,,,,,,,
,76249,0.0011580950813367963,0.00014907587319612503,0.0007973947213031352,0.00012466477346606553,8.649817027617246e-05,4.615164073129563e-07,38.0,1073,
,76253,,,,,,,,1073,0.02774038538336754
9.999999999999994e-05,76299,,,,,,,,,
9.999999999999994e-05,76299,,,,,,,,,
9.999999999999994e-05,76299,,,,,,,,,
,76299,0.0010073476005345583,0.0001440616906620562,0.0006287399446591735,0.00014453561743721366,8.935725782066584e-05,6.530860332532029e-07,38.0,1074,
,76324,,,,,,,,1074,0.027219258248806
9.999999999999994e-05,76349,,,,,,,,,
9.999999999999994e-05,76349,,,,,,,,,
9.999999999999994e-05,76349,,,,,,,,,
,76349,0.0022939841728657484,0.00013397549628280103,0.0015903525054454803,0.0003011466469615698,0.0002681775076780468,3.3186708492394246e-07,38.0,1075,
,76395,,,,,,,,1075,0.027950262650847435
9.999999999999994e-05,76399,,,,,,,,,
9.999999999999994e-05,76399,,,,,,,,,
9.999999999999994e-05,76399,,,,,,,,,
,76399,0.001369625679217279,1.6637828593957238e-05,0.0009428781922906637,0.00025397789431735873,0.00015527461073361337,8.570582963329798e-07,38.0,1076,
9.999999999999994e-05,76449,,,,,,,,,
9.999999999999994e-05,76449,,,,,,,,,
9.999999999999994e-05,76449,,,,,,,,,
,76449,0.00097390211885795,3.1274903449229896e-05,0.0006286563584581017,0.0001849795808084309,0.0001282845187233761,7.06735875155573e-07,38.0,1076,
,76466,,,,,,,,1076,0.027880549430847168
9.999999999999994e-05,76499,,,,,,,,,
9.999999999999994e-05,76499,,,,,,,,,
9.999999999999994e-05,76499,,,,,,,,,
,76499,0.0005673673003911972,1.831142435548827e-05,0.0003544694627635181,0.00012361386325210333,7.035815360723063e-05,6.143584982964967e-07,38.0,1077,
,76537,,,,,,,,1077,0.02730054222047329
9.999999999999994e-05,76549,,,,,,,,,
9.999999999999994e-05,76549,,,,,,,,,
9.999999999999994e-05,76549,,,,,,,,,
,76549,0.0008087890455499291,1.2295899068703875e-05,0.0005609049112536013,0.00013681704876944423,9.838549158303067e-05,3.85683165404771e-07,38.0,1078,
9.999999999999994e-05,76599,,,,,,,,,
9.999999999999994e-05,76599,,,,,,,,,
9.999999999999994e-05,76599,,,,,,,,,
,76599,0.003995310049504042,1.1030215318896808e-05,0.0032118726521730423,0.0004500159702729434,0.00032188775367103517,5.031736236560391e-07,38.0,1078,
,76608,,,,,,,,1078,0.0279218889772892
9.999999999999994e-05,76649,,,,,,,,,
9.999999999999994e-05,76649,,,,,,,,,
9.999999999999994e-05,76649,,,,,,,,,
,76649,0.0016300153220072389,0.0003547953674569726,0.0006193323060870171,0.00036219568573869765,0.00029301829636096954,6.737114404131717e-07,38.0,1079,
,76679,,,,,,,,1079,0.02756245620548725
9.999999999999994e-05,76699,,,,,,,,,
9.999999999999994e-05,76699,,,,,,,,,
9.999999999999994e-05,76699,,,,,,,,,
,76699,0.0012464020401239395,3.67678003385663e-05,0.0009054762776941061,0.00017893276526592672,0.00012475861876737326,4.6655290475428046e-07,38.0,1080,
9.999999999999994e-05,76749,,,,,,,,,
9.999999999999994e-05,76749,,,,,,,,,
9.999999999999994e-05,76749,,,,,,,,,
,76749,0.0010812263935804367,1.4317614841274917e-05,0.000671114306896925,0.00021180493058636785,0.0001833839196478948,6.05596937930386e-07,38.0,1080,
,76750,,,,,,,,1080,0.027113819494843483
9.999999999999994e-05,76799,,,,,,,,,
9.999999999999994e-05,76799,,,,,,,,,
9.999999999999994e-05,76799,,,,,,,,,
,76799,0.0016111460281535983,0.0001439406769350171,0.0010769539512693882,0.00022851669928058982,0.00015488284407183528,6.851901162008289e-06,38.0,1081,
,76821,,,,,,,,1081,0.02764471434056759
9.999999999999994e-05,76849,,,,,,,,,
9.999999999999994e-05,76849,,,,,,,,,
9.999999999999994e-05,76849,,,,,,,,,
,76849,0.0008370667928829789,0.00014186202315613627,0.0004409273969940841,0.00014050556637812406,0.00010401764302514493,9.754187885846477e-06,38.0,1082,
,76892,,,,,,,,1082,0.027230069041252136
9.999999999999994e-05,76899,,,,,,,,,
9.999999999999994e-05,76899,,,,,,,,,
9.999999999999994e-05,76899,,,,,,,,,
,76899,0.001236544456332922,0.0003541086916811764,0.0005796742625534534,0.00016706672613509,0.00013483327347785234,8.614420607955253e-07,38.0,1083,
9.999999999999994e-05,76949,,,,,,,,,
9.999999999999994e-05,76949,,,,,,,,,
9.999999999999994e-05,76949,,,,,,,,,
,76949,0.001316194306127727,6.193427907419391e-06,0.0008801607182249427,0.0002327223337488249,0.00019647809676826,6.397332867891237e-07,38.0,1083,
,76963,,,,,,,,1083,0.027676869183778763
9.999999999999994e-05,76999,,,,,,,,,
9.999999999999994e-05,76999,,,,,,,,,
9.999999999999994e-05,76999,,,,,,,,,
,76999,0.0026176427491009235,0.0006641278741881251,0.001523155951872468,0.00023897754726931453,0.00018835574155673385,3.0257181151682744e-06,38.0,1084,
,77034,,,,,,,,1084,0.02786339819431305
9.999999999999994e-05,77049,,,,,,,,,
9.999999999999994e-05,77049,,,,,,,,,
9.999999999999994e-05,77049,,,,,,,,,
,77049,0.002009153598919511,0.00033829064341261983,0.00114915962330997,0.00029335671570152044,0.00022672556224279106,1.6212264881687588e-06,38.0,1085,
9.999999999999994e-05,77099,,,,,,,,,
9.999999999999994e-05,77099,,,,,,,,,
9.999999999999994e-05,77099,,,,,,,,,
,77099,0.0012929901713505387,3.786661181948148e-05,0.0009560229955241084,0.00017109524924308062,0.00012765412975568324,3.510730834932474e-07,38.0,1085,
,77105,,,,,,,,1085,0.02689456380903721
9.999999999999994e-05,77149,,,,,,,,,
9.999999999999994e-05,77149,,,,,,,,,
9.999999999999994e-05,77149,,,,,,,,,
,77149,0.001626608893275261,5.000592500437051e-05,0.0012501068413257599,0.00017988677427638322,0.00013918707554694265,7.42216707294574e-06,38.0,1086,
,77176,,,,,,,,1086,0.027232227846980095
9.999999999999994e-05,77199,,,,,,,,,
9.999999999999994e-05,77199,,,,,,,,,
9.999999999999994e-05,77199,,,,,,,,,
,77199,0.0014478464145213366,0.00014341043424792588,0.0010346075287088752,0.00016388620133511722,0.00010069891868624836,5.24335928275832e-06,38.0,1087,
,77247,,,,,,,,1087,0.0270609799772501
9.999999999999994e-05,77249,,,,,,,,,
9.999999999999994e-05,77249,,,,,,,,,
9.999999999999994e-05,77249,,,,,,,,,
,77249,0.0026537191588431597,2.3584780137753114e-05,0.0019648349843919277,0.0003678129578474909,0.00029223255114629865,5.253777089819778e-06,38.0,1088,
9.999999999999994e-05,77299,,,,,,,,,
9.999999999999994e-05,77299,,,,,,,,,
9.999999999999994e-05,77299,,,,,,,,,
,77299,0.0014491986948996782,5.640961171593517e-05,0.001092130085453391,0.00015843252185732126,0.00011059084499720484,3.163566725561395e-05,38.0,1088,
,77318,,,,,,,,1088,0.027419649064540863
9.999999999999994e-05,77349,,,,,,,,,
9.999999999999994e-05,77349,,,,,,,,,
9.999999999999994e-05,77349,,,,,,,,,
,77349,0.0009935759007930756,0.00012897486158180982,0.0006914445548318326,0.00010533603199291974,5.846744170412421e-05,9.35307707550237e-06,38.0,1089,
,77389,,,,,,,,1089,0.027638690546154976
9.999999999999994e-05,77399,,,,,,,,,
9.999999999999994e-05,77399,,,,,,,,,
9.999999999999994e-05,77399,,,,,,,,,
,77399,0.001001827185973525,9.600046905688941e-05,0.0007110682781785727,0.00011141199502162635,8.262421761173755e-05,7.221270834634197e-07,38.0,1090,
9.999999999999994e-05,77449,,,,,,,,,
9.999999999999994e-05,77449,,,,,,,,,
9.999999999999994e-05,77449,,,,,,,,,
,77449,0.0010622418485581875,0.00011885545973200351,0.0007342384196817875,0.0001324172189924866,7.628427556483075e-05,4.4647484287452244e-07,38.0,1090,
,77460,,,,,,,,1090,0.027356542646884918
9.999999999999994e-05,77499,,,,,,,,,
9.999999999999994e-05,77499,,,,,,,,,
9.999999999999994e-05,77499,,,,,,,,,
,77499,0.0010688687907531857,1.6397541912738234e-05,0.0006563743809238076,0.00025039754109457135,0.00014487664157059044,8.226494401242235e-07,38.0,1091,
,77531,,,,,,,,1091,0.02709745243191719
9.999999999999994e-05,77549,,,,,,,,,
9.999999999999994e-05,77549,,,,,,,,,
9.999999999999994e-05,77549,,,,,,,,,
,77549,0.0017119458643719554,3.8774480344727635e-05,0.0012362906709313393,0.00025924399960786104,0.00017670575471129268,9.310026598541299e-07,38.0,1092,
9.999999999999994e-05,77599,,,,,,,,,
9.999999999999994e-05,77599,,,,,,,,,
9.999999999999994e-05,77599,,,,,,,,,
,77599,0.0012487221974879503,1.6195985153899528e-05,0.000810918107163161,0.0002599963336251676,0.00016083930677268654,7.723830321992864e-07,38.0,1092,
,77602,,,,,,,,1092,0.027362102642655373
9.999999999999994e-05,77649,,,,,,,,,
9.999999999999994e-05,77649,,,,,,,,,
9.999999999999994e-05,77649,,,,,,,,,
,77649,0.001152746845036745,0.00013927469262853265,0.0007597685907967389,0.00015855963283684105,9.451946243643761e-05,6.245050485631509e-07,38.0,1093,
,77673,,,,,,,,1093,0.027066562324762344
9.999999999999994e-05,77699,,,,,,,,,
9.999999999999994e-05,77699,,,,,,,,,
9.999999999999994e-05,77699,,,,,,,,,
,77699,0.001993593294173479,0.00032442150404676795,0.0012687721755355597,0.00020761242194566876,0.0001921898510772735,5.972598273729091e-07,38.0,1094,
,77744,,,,,,,,1094,0.02771906927227974
9.999999999999994e-05,77749,,,,,,,,,
9.999999999999994e-05,77749,,,,,,,,,
9.999999999999994e-05,77749,,,,,,,,,
,77749,0.002220812253654003,0.0004323450557421893,0.0010731227230280638,0.0003731028991751373,0.0003416269610170275,6.143678774606087e-07,38.0,1095,
9.999999999999994e-05,77799,,,,,,,,,
9.999999999999994e-05,77799,,,,,,,,,
9.999999999999994e-05,77799,,,,,,,,,
,77799,0.0025030483957380056,3.386701428098604e-05,0.002002961002290249,0.00026838076882995665,0.00019750179490074515,3.374940718003927e-07,38.0,1095,
,77815,,,,,,,,1095,0.027186602354049683
9.999999999999994e-05,77849,,,,,,,,,
9.999999999999994e-05,77849,,,,,,,,,
9.999999999999994e-05,77849,,,,,,,,,
,77849,0.0014323624782264233,1.8857575923902914e-05,0.000843206827994436,0.00031297776149585843,0.0002564965689089149,8.23606455924164e-07,38.0,1096,
,77886,,,,,,,,1096,0.02679121308028698
9.999999999999994e-05,77899,,,,,,,,,
9.999999999999994e-05,77899,,,,,,,,,
9.999999999999994e-05,77899,,,,,,,,,
,77899,0.002500894945114851,7.418284803861752e-05,0.0017014602199196815,0.00037286849692463875,0.0003518755256664008,5.078519507151213e-07,38.0,1097,
9.999999999999994e-05,77949,,,,,,,,,
9.999999999999994e-05,77949,,,,,,,,,
9.999999999999994e-05,77949,,,,,,,,,
,77949,0.0026908633299171925,0.0005056019290350378,0.0015698904171586037,0.0003750408359337598,0.00023964804131537676,6.821193210271304e-07,38.0,1097,
,77957,,,,,,,,1097,0.027893435209989548
9.999999999999994e-05,77999,,,,,,,,,
9.999999999999994e-05,77999,,,,,,,,,
9.999999999999994e-05,77999,,,,,,,,,
,77999,0.0029068640433251858,0.0003631096042227,0.0016811154782772064,0.00043374765664339066,0.00029569960315711796,0.0001331917883362621,38.0,1098,
,78028,,,,,,,,1098,0.027705594897270203
9.999999999999994e-05,78049,,,,,,,,,
9.999999999999994e-05,78049,,,,,,,,,
9.999999999999994e-05,78049,,,,,,,,,
,78049,0.001718040555715561,0.00016579483053646982,0.0010929047130048275,0.00027742760721594095,0.00016797473654150963,1.393859383824747e-05,38.0,1099,
9.999999999999994e-05,78099,,,,,,,,,
,78099,0.0021681138314306736,9.826551104197279e-05,0.0014207323547452688,0.00036364200059324503,0.00028412530082277954,1.348871933259943e-06,38.0,1099,
,78099,,,,,,,,1099,0.02702977880835533
9.999999999999994e-05,78149,,,,,,,,,
9.999999999999994e-05,78149,,,,,,,,,
9.999999999999994e-05,78149,,,,,,,,,
,78149,0.0025034176651388407,7.407055818475783e-05,0.0017212749226018786,0.000404758466174826,0.00030243536457419395,8.785432896729617e-07,38.0,1100,
,78170,,,,,,,,1100,0.026607433333992958
9.999999999999994e-05,78199,,,,,,,,,
9.999999999999994e-05,78199,,,,,,,,,
9.999999999999994e-05,78199,,,,,,,,,
,78199,0.0022922507487237453,6.92999383318238e-05,0.0018727411516010761,0.00019112126028630883,0.0001584976853337139,5.906366027375043e-07,38.0,1101,
,78241,,,,,,,,1101,0.027138330042362213
9.999999999999994e-05,78249,,,,,,,,,
9.999999999999994e-05,78249,,,,,,,,,
9.999999999999994e-05,78249,,,,,,,,,
,78249,0.0021813656203448772,2.0512299670372158e-05,0.0017181411385536194,0.00025533995358273387,0.0001868732797447592,4.989448143533082e-07,39.0,1102,
9.999999999999994e-05,78299,,,,,,,,,
9.999999999999994e-05,78299,,,,,,,,,
9.999999999999994e-05,78299,,,,,,,,,
,78299,0.002604549517855048,0.001362944720312953,0.0008061883272603154,0.00028500278131105006,0.00014935308718122542,1.0603265536701656e-06,39.0,1102,
,78312,,,,,,,,1102,0.02719101496040821
9.999999999999994e-05,78349,,,,,,,,,
9.999999999999994e-05,78349,,,,,,,,,
9.999999999999994e-05,78349,,,,,,,,,
,78349,0.0019091583089902997,0.0003765063884202391,0.0011540474370121956,0.00021079895668663085,0.0001672790094744414,5.26530641309364e-07,39.0,1103,
,78383,,,,,,,,1103,0.027252161875367165
9.999999999999994e-05,78399,,,,,,,,,
9.999999999999994e-05,78399,,,,,,,,,
9.999999999999994e-05,78399,,,,,,,,,
,78399,0.0008769864216446877,2.2301617718767375e-05,0.0006063738837838173,0.0001412257697666064,0.0001066867625922896,3.9836689325056795e-07,39.0,1104,
9.999999999999994e-05,78449,,,,,,,,,
9.999999999999994e-05,78449,,,,,,,,,
9.999999999999994e-05,78449,,,,,,,,,
,78449,0.002167691942304373,0.00030927054467611015,0.0012718354118987918,0.00033445845474489033,0.00025126131367869675,8.661281754029915e-07,39.0,1104,
,78454,,,,,,,,1104,0.02759622409939766
9.999999999999994e-05,78499,,,,,,,,,
9.999999999999994e-05,78499,,,,,,,,,
9.999999999999994e-05,78499,,,,,,,,,
,78499,0.001666493248194456,0.000259093358181417,0.0009840531274676323,0.0002676392032299191,0.00015479895228054374,9.08673143840133e-07,39.0,1105,
,78525,,,,,,,,1105,0.02693326398730278
9.999999999999994e-05,78549,,,,,,,,,
9.999999999999994e-05,78549,,,,,,,,,
9.999999999999994e-05,78549,,,,,,,,,
,78549,0.0012246635742485523,3.9981474401429296e-05,0.0008112775394693017,0.00021590603864751756,0.0001569052692502737,5.932918725193304e-07,39.0,1106,
,78596,,,,,,,,1106,0.027397753670811653
9.999999999999994e-05,78599,,,,,,,,,
9.999999999999994e-05,78599,,,,,,,,,
9.999999999999994e-05,78599,,,,,,,,,
,78599,0.0012109283125028014,0.00012401601998135448,0.0008065189467743039,0.0001623417338123545,0.00011758214532164857,4.69450753826095e-07,39.0,1107,
9.999999999999994e-05,78649,,,,,,,,,
9.999999999999994e-05,78649,,,,,,,,,
9.999999999999994e-05,78649,,,,,,,,,
,78649,0.0017937200609594584,0.0003712826583068818,0.0009982299525290728,0.00025199484662152827,0.0001715459511615336,6.666445528935583e-07,39.0,1107,
,78667,,,,,,,,1107,0.027293944731354713
9.999999999999994e-05,78699,,,,,,,,,
9.999999999999994e-05,78699,,,,,,,,,
9.999999999999994e-05,78699,,,,,,,,,
,78699,0.0019072789000347257,2.3173923182184808e-05,0.0015933256363496184,0.00016196865180972964,0.00012837679241783917,4.3394871340751706e-07,39.0,1108,
,78738,,,,,,,,1108,0.027300193905830383
9.999999999999994e-05,78749,,,,,,,,,
9.999999999999994e-05,78749,,,,,,,,,
9.999999999999994e-05,78749,,,,,,,,,
,78749,0.001929320627823472,3.789220500038937e-05,0.001373309874907136,0.00029708395595662296,0.00021992129040881991,1.1132111694678315e-06,39.0,1109,
9.999999999999994e-05,78799,,,,,,,,,
9.999999999999994e-05,78799,,,,,,,,,
9.999999999999994e-05,78799,,,,,,,,,
,78799,0.0013829227536916733,8.465054634143598e-06,0.00110589899122715,0.00014796352479606867,0.00011936007649637759,1.2352119256320293e-06,39.0,1109,
,78809,,,,,,,,1109,0.02735726349055767
9.999999999999994e-05,78849,,,,,,,,,
9.999999999999994e-05,78849,,,,,,,,,
9.999999999999994e-05,78849,,,,,,,,,
,78849,0.0014043132541701198,0.00024464703164994717,0.0008268725359812379,0.00018491876835469157,0.00014731437840964645,5.605471073977242e-07,39.0,1110,
,78880,,,,,,,,1110,0.027208272367715836
9.999999999999994e-05,78899,,,,,,,,,
9.999999999999994e-05,78899,,,,,,,,,
9.999999999999994e-05,78899,,,,,,,,,
,78899,0.0010588610311970115,2.701609264477156e-05,0.00070496357511729,0.00019007889204658568,0.00013366251369006932,3.1399481486005243e-06,39.0,1111,
9.999999999999994e-05,78949,,,,,,,,,
9.999999999999994e-05,78949,,,,,,,,,
9.999999999999994e-05,78949,,,,,,,,,
,78949,0.00551711767911911,9.587265230948105e-05,0.0017344699008390307,0.000536489300429821,0.00047433224972337484,0.0026759535539895296,39.0,1111,
,78951,,,,,,,,1111,0.027393285185098648
9.999999999999994e-05,78999,,,,,,,,,
9.999999999999994e-05,78999,,,,,,,,,
9.999999999999994e-05,78999,,,,,,,,,
,78999,0.001127908006310463,5.412565224105492e-05,0.0007146411808207631,0.0002151716034859419,0.00012274931941647083,2.1220177586656064e-05,39.0,1112,
,79022,,,,,,,,1112,0.027623623609542847
9.999999999999994e-05,79049,,,,,,,,,
9.999999999999994e-05,79049,,,,,,,,,
9.999999999999994e-05,79049,,,,,,,,,
,79049,0.0009644466917961836,0.00018159771570935845,0.0005805999971926212,0.00012547371443361044,7.456525054294616e-05,2.2100093701737933e-06,39.0,1113,
,79093,,,,,,,,1113,0.029865527525544167
9.999999999999994e-05,79099,,,,,,,,,
9.999999999999994e-05,79099,,,,,,,,,
9.999999999999994e-05,79099,,,,,,,,,
,79099,0.003970035817474127,0.0002987929619848728,0.0025329713243991137,0.0005560473073273897,0.0005806259578093886,1.5979472891558544e-06,39.0,1114,
9.999999999999994e-05,79149,,,,,,,,,
9.999999999999994e-05,79149,,,,,,,,,
9.999999999999994e-05,79149,,,,,,,,,
,79149,0.0074205342680215836,0.0010532179148867726,0.0053440965712070465,0.0005778826307505369,0.0004439218027982861,1.4150559763947967e-06,39.0,1114,
,79164,,,,,,,,1114,0.026146400719881058
9.999999999999994e-05,79199,,,,,,,,,
9.999999999999994e-05,79199,,,,,,,,,
9.999999999999994e-05,79199,,,,,,,,,
,79199,0.001593249849975109,3.1186766136670485e-05,0.001199349295347929,0.0002033102500718087,0.0001581263932166621,1.2772306945407763e-06,39.0,1115,
,79235,,,,,,,,1115,0.02729468233883381
9.999999999999994e-05,79249,,,,,,,,,
9.999999999999994e-05,79249,,,,,,,,,
9.999999999999994e-05,79249,,,,,,,,,
,79249,0.0020014585461467505,4.561086461762898e-05,0.0015332272741943598,0.00022940823691897094,0.00019192250329069793,1.2896776979687274e-06,39.0,1116,
9.999999999999994e-05,79299,,,,,,,,,
9.999999999999994e-05,79299,,,,,,,,,
9.999999999999994e-05,79299,,,,,,,,,
,79299,0.0012575358850881457,1.7164349628728814e-05,0.000908988993614912,0.0002010124153457582,0.00012922855967190117,1.1415652352297911e-06,39.0,1116,
,79306,,,,,,,,1116,0.027863971889019012
9.999999999999994e-05,79349,,,,,,,,,
9.999999999999994e-05,79349,,,,,,,,,
9.999999999999994e-05,79349,,,,,,,,,
,79349,0.002850900636985898,0.00013493937149178237,0.001827557454816997,0.00045710793347097933,0.0004303259775042534,9.698213716546888e-07,39.0,1117,
,79377,,,,,,,,1117,0.02853747271001339
9.999999999999994e-05,79399,,,,,,,,,
9.999999999999994e-05,79399,,,,,,,,,
9.999999999999994e-05,79399,,,,,,,,,
,79399,0.001354058738797903,0.00014703755732625723,0.0008719491306692362,0.0001859431795310229,0.00014840660151094198,7.222031968012743e-07,39.0,1118,
,79448,,,,,,,,1118,0.027459081262350082
9.999999999999994e-05,79449,,,,,,,,,
9.999999999999994e-05,79449,,,,,,,,,
9.999999999999994e-05,79449,,,,,,,,,
,79449,0.001210948103107512,0.00019319725106470287,0.0007686861790716648,0.00014306543744169176,0.00010508416744414717,9.150638220489782e-07,39.0,1119,
9.999999999999994e-05,79499,,,,,,,,,
9.999999999999994e-05,79499,,,,,,,,,
9.999999999999994e-05,79499,,,,,,,,,
,79499,0.0014476267388090491,0.00022227424778975546,0.0009035360999405384,0.0002001678803935647,0.00012066453928127885,9.840267694016802e-07,39.0,1119,
,79519,,,,,,,,1119,0.027768688276410103
9.999999999999994e-05,79549,,,,,,,,,
9.999999999999994e-05,79549,,,,,,,,,
9.999999999999994e-05,79549,,,,,,,,,
,79549,0.0010555246844887733,1.2423086445778608e-05,0.0007240193081088364,0.00019179945229552686,0.00012637827603612095,9.045824072018149e-07,39.0,1120,
,79590,,,,,,,,1120,0.027387022972106934
9.999999999999994e-05,79599,,,,,,,,,
9.999999999999994e-05,79599,,,,,,,,,
9.999999999999994e-05,79599,,,,,,,,,
,79599,0.0016468976391479373,8.966011955635622e-05,0.0013244686415418983,0.00013610103633254766,9.59087919909507e-05,7.590618338326749e-07,39.0,1121,
9.999999999999994e-05,79649,,,,,,,,,
9.999999999999994e-05,79649,,,,,,,,,
9.999999999999994e-05,79649,,,,,,,,,
,79649,0.000916511460673064,2.637127909110859e-05,0.0006334541831165552,0.0001441050844732672,0.00011183455353602767,7.463581255251484e-07,39.0,1121,
,79661,,,,,,,,1121,0.027266906574368477
9.999999999999994e-05,79699,,,,,,,,,
9.999999999999994e-05,79699,,,,,,,,,
9.999999999999994e-05,79699,,,,,,,,,
,79699,0.0014714578865095973,0.0006347178714349866,0.0005143702146597207,0.00018285542319063097,0.00013879756443202496,7.167456033130293e-07,39.0,1122,
,79732,,,,,,,,1122,0.02772337943315506
9.999999999999994e-05,79749,,,,,,,,,
9.999999999999994e-05,79749,,,,,,,,,
9.999999999999994e-05,79749,,,,,,,,,
,79749,0.0006910114316269755,2.1181411284487695e-05,0.00047885917592793703,0.00010844794451259077,8.182173041859642e-05,7.011065576989495e-07,39.0,1123,
9.999999999999994e-05,79799,,,,,,,,,
9.999999999999994e-05,79799,,,,,,,,,
9.999999999999994e-05,79799,,,,,,,,,
,79799,0.0008055586949922144,0.00016799161676317453,0.0004701094585470855,0.00010137692152056843,6.531961844302714e-05,7.610676107105974e-07,39.0,1123,
,79803,,,,,,,,1123,0.027332160621881485
9.999999999999994e-05,79849,,,,,,,,,
9.999999999999994e-05,79849,,,,,,,,,
9.999999999999994e-05,79849,,,,,,,,,
,79849,0.0012731978204101324,0.0001482001389376819,0.0007209092145785689,0.00022129432181827724,0.00018211727729067206,6.768929097233922e-07,39.0,1124,
,79874,,,,,,,,1124,0.02721238136291504
9.999999999999994e-05,79899,,,,,,,,,
9.999999999999994e-05,79899,,,,,,,,,
9.999999999999994e-05,79899,,,,,,,,,
,79899,0.0009052333771251142,1.1221088243473787e-05,0.0005852854810655117,0.0001857726601883769,0.00012192755821160972,1.0265893024552497e-06,39.0,1125,
,79945,,,,,,,,1125,0.02716759219765663
9.999999999999994e-05,79949,,,,,,,,,
9.999999999999994e-05,79949,,,,,,,,,
9.999999999999994e-05,79949,,,,,,,,,
,79949,0.0018168420065194368,0.00015967368381097913,0.0011519151739776134,0.0002653575502336025,0.0002391639573033899,7.317273116314027e-07,39.0,1126,
9.999999999999994e-05,79999,,,,,,,,,
9.999999999999994e-05,79999,,,,,,,,,
9.999999999999994e-05,79999,,,,,,,,,
,79999,0.0015704216202721,0.00022423779591917992,0.0010436607990413904,0.00015891014481894672,0.00014299854228738695,6.143810082903656e-07,39.0,1126,
,80016,,,,,,,,1126,0.028693407773971558
9.999999999999994e-05,80049,,,,,,,,,
9.999999999999994e-05,80049,,,,,,,,,
9.999999999999994e-05,80049,,,,,,,,,
,80049,0.0034034610725939274,0.00029629241907969117,0.0023559003602713346,0.00044457789044827223,0.00030601627076976,6.743770768480317e-07,39.0,1127,
,80087,,,,,,,,1127,0.028915420174598694
9.999999999999994e-05,80099,,,,,,,,,
9.999999999999994e-05,80099,,,,,,,,,
9.999999999999994e-05,80099,,,,,,,,,
,80099,0.0011695889988914132,2.045277869910933e-05,0.0007273167138919234,0.00024115186533890665,0.0001799897145247087,6.778296892662183e-07,39.0,1128,
9.999999999999994e-05,80149,,,,,,,,,
9.999999999999994e-05,80149,,,,,,,,,
9.999999999999994e-05,80149,,,,,,,,,
,80149,0.0016743658343330026,0.00010664814180927351,0.0012887691846117377,0.0001582651020726189,0.00012009624333586544,5.87134422858071e-07,39.0,1128,
,80158,,,,,,,,1128,0.028018582612276077
9.999999999999994e-05,80199,,,,,,,,,
9.999999999999994e-05,80199,,,,,,,,,
9.999999999999994e-05,80199,,,,,,,,,
,80199,0.0023740383330732584,0.0002924189029727131,0.0014002134557813406,0.00038684840546920896,0.0002932040661107749,1.3533689298128593e-06,39.0,1129,
,80229,,,,,,,,1129,0.028284208849072456
9.999999999999994e-05,80249,,,,,,,,,
9.999999999999994e-05,80249,,,,,,,,,
9.999999999999994e-05,80249,,,,,,,,,
,80249,0.001781701692380011,7.17896327842027e-05,0.0008873190963640809,0.000483442738186568,0.0003386029857210815,5.472680300044885e-07,39.0,1130,
9.999999999999994e-05,80299,,,,,,,,,
9.999999999999994e-05,80299,,,,,,,,,
9.999999999999994e-05,80299,,,,,,,,,
,80299,0.003037518821656704,0.0007991134189069271,0.0011946232989430428,0.0005642158794216812,0.00047856790479272604,9.984072448787629e-07,39.0,1130,
,80300,,,,,,,,1130,0.028316142037510872
9.999999999999994e-05,80349,,,,,,,,,
9.999999999999994e-05,80349,,,,,,,,,
9.999999999999994e-05,80349,,,,,,,,,
,80349,0.0024488058406859636,0.00031060815672390163,0.001320438808761537,0.0004499307833611965,0.00036707089748233557,7.568848445771437e-07,39.0,1131,
,80371,,,,,,,,1131,0.027985835447907448
9.999999999999994e-05,80399,,,,,,,,,
9.999999999999994e-05,80399,,,,,,,,,
9.999999999999994e-05,80399,,,,,,,,,
,80399,0.0019197572255507112,0.00015162001363933086,0.0014545186422765255,0.00017083066632039845,0.00014221013407222927,5.778007903245452e-07,39.0,1132,
,80442,,,,,,,,1132,0.027462249621748924
9.999999999999994e-05,80449,,,,,,,,,
9.999999999999994e-05,80449,,,,,,,,,
9.999999999999994e-05,80449,,,,,,,,,
,80449,0.0012247280683368444,1.829546454246156e-05,0.0008049794123508036,0.00022603559773415327,0.00017462069808971137,7.969995294843102e-07,39.0,1133,
9.999999999999994e-05,80499,,,,,,,,,
9.999999999999994e-05,80499,,,,,,,,,
9.999999999999994e-05,80499,,,,,,,,,
,80499,0.0010830716928467155,2.085091546177864e-05,0.0008105994784273207,0.00014626129996031523,0.00010475846647750586,6.014977884660766e-07,39.0,1133,
,80513,,,,,,,,1133,0.027813054621219635
9.999999999999994e-05,80549,,,,,,,,,
9.999999999999994e-05,80549,,,,,,,,,
9.999999999999994e-05,80549,,,,,,,,,
,80549,0.0009194255108013749,0.00016860844334587455,0.0005557826953008771,0.00011687149526551366,7.7404773037415e-05,7.581190857308684e-07,39.0,1134,
,80584,,,,,,,,1134,0.02751423604786396
9.999999999999994e-05,80599,,,,,,,,,
9.999999999999994e-05,80599,,,,,,,,,
9.999999999999994e-05,80599,,,,,,,,,
,80599,0.0011272397823631763,3.102116534137167e-05,0.0007207333110272884,0.00021770145394839346,0.00015705893747508526,7.249568056977296e-07,39.0,1135,
9.999999999999994e-05,80649,,,,,,,,,
9.999999999999994e-05,80649,,,,,,,,,
9.999999999999994e-05,80649,,,,,,,,,
,80649,0.0006002307054586709,0.00010498812480363995,0.0003405692405067384,0.00010164680134039372,5.142907684785314e-05,1.597449227119796e-06,39.0,1135,
,80655,,,,,,,,1135,0.02755468524992466
9.999999999999994e-05,80699,,,,,,,,,
9.999999999999994e-05,80699,,,,,,,,,
9.999999999999994e-05,80699,,,,,,,,,
,80699,0.0005786599940620363,7.603176982229343e-06,0.00040077994344756007,0.00010392419062554836,6.405693420674652e-05,2.2957767669140594e-06,39.0,1136,
,80726,,,,,,,,1136,0.02776033990085125
9.999999999999994e-05,80749,,,,,,,,,
9.999999999999994e-05,80749,,,,,,,,,
9.999999999999994e-05,80749,,,,,,,,,
,80749,0.0009109696256928146,7.191733311628923e-05,0.00047224824083968997,0.0002442463592160493,0.00012133193376939744,1.2257598882570164e-06,39.0,1137,
,80797,,,,,,,,1137,0.02742842771112919
9.999999999999994e-05,80799,,,,,,,,,
9.999999999999994e-05,80799,,,,,,,,,
9.999999999999994e-05,80799,,,,,,,,,
,80799,0.0008835617918521166,4.32298838859424e-05,0.000547960982657969,0.0001899043854791671,0.00010174480121349916,7.218006885523209e-07,39.0,1138,
9.999999999999994e-05,80849,,,,,,,,,
9.999999999999994e-05,80849,,,,,,,,,
9.999999999999994e-05,80849,,,,,,,,,
,80849,0.0010091414442285895,1.2746469110425096e-05,0.0006123034982010722,0.0002455041103530675,0.00013742131704930216,1.1660064274110482e-06,39.0,1138,
,80868,,,,,,,,1138,0.02752421796321869
9.999999999999994e-05,80899,,,,,,,,,
9.999999999999994e-05,80899,,,,,,,,,
9.999999999999994e-05,80899,,,,,,,,,
,80899,0.0012980957981199026,0.0001234804221894592,0.0009100934257730842,0.00014872444444335997,0.0001152597542386502,5.376693934522336e-07,39.0,1139,
,80939,,,,,,,,1139,0.027183743193745613
9.999999999999994e-05,80949,,,,,,,,,
9.999999999999994e-05,80949,,,,,,,,,
9.999999999999994e-05,80949,,,,,,,,,
,80949,0.0009851580252870917,0.00015568739036098123,0.0005666473880410194,0.00015563769557047635,0.0001062847877619788,9.008714982883248e-07,39.0,1140,
9.999999999999994e-05,80999,,,,,,,,,
9.999999999999994e-05,80999,,,,,,,,,
9.999999999999994e-05,80999,,,,,,,,,
,80999,0.0011174819665029645,0.00022391517995856702,0.0006245743716135621,0.00016117104678414762,0.00010492888395674527,2.8924525850015925e-06,39.0,1140,
,81010,,,,,,,,1140,0.027634143829345703
9.999999999999994e-05,81049,,,,,,,,,
9.999999999999994e-05,81049,,,,,,,,,
9.999999999999994e-05,81049,,,,,,,,,
,81049,0.0010956230107694864,1.9150113075738773e-05,0.0006788792670704424,0.00024285304243676364,0.0001359234593110159,1.8817116142599843e-05,39.0,1141,
,81081,,,,,,,,1141,0.027553725987672806
9.999999999999994e-05,81099,,,,,,,,,
9.999999999999994e-05,81099,,,,,,,,,
9.999999999999994e-05,81099,,,,,,,,,
,81099,0.0012229313142597675,0.0002581087755970657,0.0006247524870559573,0.00020752567797899246,0.00012555626744870096,6.988125733187189e-06,39.0,1142,
9.999999999999994e-05,81149,,,,,,,,,
9.999999999999994e-05,81149,,,,,,,,,
9.999999999999994e-05,81149,,,,,,,,,
,81149,0.0018520152661949396,0.00031226646387949586,0.0011713583953678608,0.0002126840117853135,0.00015486804477404803,8.383747172047151e-07,39.0,1142,
,81152,,,,,,,,1142,0.02803303487598896
9.999999999999994e-05,81199,,,,,,,,,
9.999999999999994e-05,81199,,,,,,,,,
9.999999999999994e-05,81199,,,,,,,,,
,81199,0.0017906217835843563,0.000306162575725466,0.0010070635471493006,0.00031171838054433465,0.00016410053649451584,1.5768499679325032e-06,39.0,1143,
,81223,,,,,,,,1143,0.026769407093524933
9.999999999999994e-05,81249,,,,,,,,,
9.999999999999994e-05,81249,,,,,,,,,
9.999999999999994e-05,81249,,,,,,,,,
,81249,0.002023774664849043,0.0001465516397729516,0.0015522448811680079,0.00018969686061609536,0.00013465792289935052,6.23172866198729e-07,39.0,1144,
,81294,,,,,,,,1144,0.027759745717048645
9.999999999999994e-05,81299,,,,,,,,,
9.999999999999994e-05,81299,,,,,,,,,
9.999999999999994e-05,81299,,,,,,,,,
,81299,0.0016061930218711495,0.00021408783504739404,0.0010713618248701096,0.00019254810467828065,0.00011958181130466983,8.613465979578905e-06,39.0,1145,
9.999999999999994e-05,81349,,,,,,,,,
9.999999999999994e-05,81349,,,,,,,,,
9.999999999999994e-05,81349,,,,,,,,,
,81349,0.001602204516530037,9.344219142803922e-05,0.001152414595708251,0.00018892325169872493,0.0001388677628710866,2.8556820325320587e-05,39.0,1145,
,81365,,,,,,,,1145,0.026919977739453316
9.999999999999994e-05,81399,,,,,,,,,
9.999999999999994e-05,81399,,,,,,,,,
9.999999999999994e-05,81399,,,,,,,,,
,81399,0.001180907478556037,2.0407484043971635e-05,0.0008802616503089666,0.00017721766198519617,0.00010231817577732727,7.025906256785674e-07,39.0,1146,
,81436,,,,,,,,1146,0.02774704620242119
9.999999999999994e-05,81449,,,,,,,,,
9.999999999999994e-05,81449,,,,,,,,,
9.999999999999994e-05,81449,,,,,,,,,
,81449,0.0022048535756766796,7.935967005323619e-05,0.0015399684198200703,0.0003414152888581157,0.00024140099412761629,2.7094683900941163e-06,39.0,1147,
9.999999999999994e-05,81499,,,,,,,,,
9.999999999999994e-05,81499,,,,,,,,,
9.999999999999994e-05,81499,,,,,,,,,
,81499,0.0017022204119712114,0.00018381726113148034,0.0010950227733701468,0.00022040594194550067,0.0001698136911727488,3.3160700695589185e-05,39.0,1147,
,81507,,,,,,,,1147,0.027444085106253624
9.999999999999994e-05,81549,,,,,,,,,
9.999999999999994e-05,81549,,,,,,,,,
9.999999999999994e-05,81549,,,,,,,,,
,81549,0.0009462466696277261,6.664247484877706e-05,0.0006220147479325533,0.00014601765724364668,9.834617958404124e-05,1.322556818195153e-05,39.0,1148,
,81578,,,,,,,,1148,0.027258548885583878
9.999999999999994e-05,81599,,,,,,,,,
9.999999999999994e-05,81599,,,,,,,,,
9.999999999999994e-05,81599,,,,,,,,,
,81599,0.0042105610482394695,0.0005033055786043406,0.0028074595611542463,0.0005413868348114192,0.0003572060086298734,1.2027161346850335e-06,39.0,1149,
9.999999999999994e-05,81649,,,,,,,,,
,81649,0.0014525576261803508,0.0002318031038157642,0.000800343812443316,0.00022796954726800323,0.0001906478137243539,1.7934304423761205e-06,39.0,1149,
,81649,,,,,,,,1149,0.02733481302857399
9.999999999999994e-05,81699,,,,,,,,,
9.999999999999994e-05,81699,,,,,,,,,
9.999999999999994e-05,81699,,,,,,,,,
,81699,0.001615176210179925,0.00048011488979682326,0.0007094020256772637,0.0002540194254834205,0.00017073443450499326,9.055103191712988e-07,39.0,1150,
,81720,,,,,,,,1150,0.02727002464234829
9.999999999999994e-05,81749,,,,,,,,,
9.999999999999994e-05,81749,,,,,,,,,
9.999999999999994e-05,81749,,,,,,,,,
,81749,0.0011872891336679459,8.683586202096194e-05,0.0008554071537218988,0.00014388022827915847,9.970740939024836e-05,1.4584356904379092e-06,39.0,1151,
,81791,,,,,,,,1151,0.027775093913078308
9.999999999999994e-05,81799,,,,,,,,,
9.999999999999994e-05,81799,,,,,,,,,
9.999999999999994e-05,81799,,,,,,,,,
,81799,0.0013153536710888147,4.203019125270657e-05,0.0008903394918888807,0.00021825860312674195,0.00016356693231500685,1.1584485264393152e-06,39.0,1152,
9.999999999999994e-05,81849,,,,,,,,,
9.999999999999994e-05,81849,,,,,,,,,
9.999999999999994e-05,81849,,,,,,,,,
,81849,0.0023703714832663536,5.3660274716094136e-05,0.0014827775303274393,0.00043224054388701916,0.0004000777844339609,1.6154127706613508e-06,39.0,1152,
,81862,,,,,,,,1152,0.03029566816985607
9.999999999999994e-05,81899,,,,,,,,,
9.999999999999994e-05,81899,,,,,,,,,
9.999999999999994e-05,81899,,,,,,,,,
,81899,0.001970666227862239,0.00016583212709520012,0.0013542482629418373,0.00023743849305901676,0.00019606428395491093,1.7083117199945264e-05,39.0,1153,
,81933,,,,,,,,1153,0.02783130668103695
9.999999999999994e-05,81949,,,,,,,,,
9.999999999999994e-05,81949,,,,,,,,,
9.999999999999994e-05,81949,,,,,,,,,
,81949,0.0024735545739531517,1.0771165761980228e-05,0.0018682822119444609,0.000322625128319487,0.0002709830296225846,8.932287869356514e-07,39.0,1154,
9.999999999999994e-05,81999,,,,,,,,,
9.999999999999994e-05,81999,,,,,,,,,
9.999999999999994e-05,81999,,,,,,,,,
,81999,0.0017892675241455436,0.00020531928748823702,0.0011748827528208494,0.000226589385420084,0.00017537684470880777,7.099289177858736e-06,39.0,1154,
,82004,,,,,,,,1154,0.027253007516264915
9.999999999999994e-05,82049,,,,,,,,,
9.999999999999994e-05,82049,,,,,,,,,
9.999999999999994e-05,82049,,,,,,,,,
,82049,0.003011800115928054,0.0002093180373776704,0.002341918647289276,0.0002441938268020749,0.00021504354663193226,1.326183905803191e-06,39.0,1155,
,82075,,,,,,,,1155,0.02753901109099388
9.999999999999994e-05,82099,,,,,,,,,
9.999999999999994e-05,82099,,,,,,,,,
9.999999999999994e-05,82099,,,,,,,,,
,82099,0.0030451302882283926,0.0007861440535634756,0.001739728031679988,0.0002918225363828242,0.0002257489541079849,1.6868450529727852e-06,39.0,1156,
,82146,,,,,,,,1156,0.02783053368330002
9.999999999999994e-05,82149,,,,,,,,,
9.999999999999994e-05,82149,,,,,,,,,
9.999999999999994e-05,82149,,,,,,,,,
,82149,0.0023397149052470922,8.097311365418136e-06,0.001889875391498208,0.0002085486485157162,0.00014802342047914863,8.517019159626216e-05,39.0,1157,
9.999999999999994e-05,82199,,,,,,,,,
9.999999999999994e-05,82199,,,,,,,,,
9.999999999999994e-05,82199,,,,,,,,,
,82199,0.0016377995489165187,2.8685328288702294e-05,0.0011449666926637292,0.00025448319502174854,0.00020575441885739565,3.909931365342345e-06,39.0,1157,
,82217,,,,,,,,1157,0.02696923166513443
9.999999999999994e-05,82249,,,,,,,,,
9.999999999999994e-05,82249,,,,,,,,,
9.999999999999994e-05,82249,,,,,,,,,
,82249,0.0014851999003440142,3.764328721445054e-05,0.0011479667155072093,0.0001679590786807239,0.00013032890274189413,1.3018569688938442e-06,39.0,1158,
,82288,,,,,,,,1158,0.026998214423656464
9.999999999999994e-05,82299,,,,,,,,,
9.999999999999994e-05,82299,,,,,,,,,
9.999999999999994e-05,82299,,,,,,,,,
,82299,0.0012002384755760431,3.725514397956431e-05,0.0009020220022648573,0.00014968466712161899,0.00011070293840020895,5.738246500186506e-07,39.0,1159,
9.999999999999994e-05,82349,,,,,,,,,
9.999999999999994e-05,82349,,,,,,,,,
9.999999999999994e-05,82349,,,,,,,,,
,82349,0.0015857014805078506,5.5292039178311825e-05,0.0011666317004710436,0.00018645086674951017,0.00017677363939583302,5.532050977308245e-07,39.0,1159,
,82359,,,,,,,,1159,0.026528136804699898
9.999999999999994e-05,82399,,,,,,,,,
9.999999999999994e-05,82399,,,,,,,,,
9.999999999999994e-05,82399,,,,,,,,,
,82399,0.000716023612767458,5.4760355851612985e-05,0.0004120568628422916,0.00014462873514275998,9.263262472813949e-05,1.1945039659622125e-05,39.0,1160,
,82430,,,,,,,,1160,0.026882361620664597
9.999999999999994e-05,82449,,,,,,,,,
9.999999999999994e-05,82449,,,,,,,,,
9.999999999999994e-05,82449,,,,,,,,,
,82449,0.0012955812271684408,0.00017487735021859407,0.00080466503277421,0.00020019576186314225,0.00011478671513032168,1.0563021533016581e-06,39.0,1161,
9.999999999999994e-05,82499,,,,,,,,,
9.999999999999994e-05,82499,,,,,,,,,
9.999999999999994e-05,82499,,,,,,,,,
,82499,0.0011520514963194728,0.00010735634714365005,0.0006569601246155798,0.0002298161998623982,0.00015728137805126607,6.373640530910052e-07,40.0,1161,
,82501,,,,,,,,1161,0.02755766734480858
9.999999999999994e-05,82549,,,,,,,,,
9.999999999999994e-05,82549,,,,,,,,,
9.999999999999994e-05,82549,,,,,,,,,
,82549,0.0008079490507952869,1.589729799889028e-05,0.0005069009494036436,0.00016919311019591987,0.0001156517828349024,3.0585891863665893e-07,40.0,1162,
,82572,,,,,,,,1162,0.02671193517744541
9.999999999999994e-05,82599,,,,,,,,,
9.999999999999994e-05,82599,,,,,,,,,
9.999999999999994e-05,82599,,,,,,,,,
,82599,0.0017607650952413678,2.5244688004022464e-05,0.0013241079868748784,0.00022727757459506392,0.00018362177070230246,5.132015985509497e-07,40.0,1163,
,82643,,,,,,,,1163,0.026848306879401207
9.999999999999994e-05,82649,,,,,,,,,
9.999999999999994e-05,82649,,,,,,,,,
9.999999999999994e-05,82649,,,,,,,,,
,82649,0.0009258637437596917,0.00020804800442419946,0.00043363438453525305,0.000168815822689794,0.00011397639173083007,1.3890810350858374e-06,40.0,1164,
9.999999999999994e-05,82699,,,,,,,,,
9.999999999999994e-05,82699,,,,,,,,,
9.999999999999994e-05,82699,,,,,,,,,
,82699,0.0015253621386364102,0.0003217461344320327,0.0007307517225854099,0.0002844746340997517,0.00018097786232829094,7.411798833345529e-06,40.0,1164,
,82714,,,,,,,,1164,0.027374744415283203
9.999999999999994e-05,82749,,,,,,,,,
9.999999999999994e-05,82749,,,,,,,,,
9.999999999999994e-05,82749,,,,,,,,,
,82749,0.0013072998262941837,1.3739997484663036e-05,0.0008761112112551928,0.00023422809317708015,0.00014488870510831475,3.833184018731117e-05,40.0,1165,
,82785,,,,,,,,1165,0.027173394337296486
9.999999999999994e-05,82799,,,,,,,,,
9.999999999999994e-05,82799,,,,,,,,,
9.999999999999994e-05,82799,,,,,,,,,
,82799,0.001469851704314351,0.0002992601366713643,0.0008779174531809986,0.0001586058788234368,0.00013261171989142895,1.4566371646651533e-06,40.0,1166,
9.999999999999994e-05,82849,,,,,,,,,
9.999999999999994e-05,82849,,,,,,,,,
9.999999999999994e-05,82849,,,,,,,,,
,82849,0.001261986675672233,0.00019313101074658334,0.0007781338645145297,0.00018550529784988612,0.00010445316729601473,7.632893925801909e-07,40.0,1166,
,82856,,,,,,,,1166,0.02674381248652935
9.999999999999994e-05,82899,,,,,,,,,
9.999999999999994e-05,82899,,,,,,,,,
9.999999999999994e-05,82899,,,,,,,,,
,82899,0.0007527694688178599,2.4187564122257754e-05,0.0005044409772381186,0.00013637059601023793,8.700929174665362e-05,7.610817647218937e-07,40.0,1167,
,82927,,,,,,,,1167,0.027500426396727562
9.999999999999994e-05,82949,,,,,,,,,
9.999999999999994e-05,82949,,,,,,,,,
9.999999999999994e-05,82949,,,,,,,,,
,82949,0.0029183521401137114,0.00030053226510062814,0.0022526965476572514,0.00020189165661577135,0.0001556377683300525,7.594056114612613e-06,40.0,1168,
,82998,,,,,,,,1168,0.028365114703774452
9.999999999999994e-05,82999,,,,,,,,,
9.999999999999994e-05,82999,,,,,,,,,
9.999999999999994e-05,82999,,,,,,,,,
,82999,0.003886544844135642,0.00021602048946078867,0.002990953391417861,0.00034167146077379584,0.0003366359742358327,1.2635840676011867e-06,40.0,1169,
9.999999999999994e-05,83049,,,,,,,,,
9.999999999999994e-05,83049,,,,,,,,,
9.999999999999994e-05,83049,,,,,,,,,
,83049,0.0016513668233528733,3.7904956116108224e-05,0.0011054861824959517,0.0002893274067901075,0.0002159832656616345,2.665103238541633e-06,40.0,1169,
,83069,,,,,,,,1169,0.02723311074078083
9.999999999999994e-05,83099,,,,,,,,,
9.999999999999994e-05,83099,,,,,,,,,
9.999999999999994e-05,83099,,,,,,,,,
,83099,0.001915203989483416,1.5370909750345163e-05,0.0013175068888813257,0.00032352475682273507,0.0002575032995082438,1.2981818144908175e-06,40.0,1170,
,83140,,,,,,,,1170,0.028122207149863243
9.999999999999994e-05,83149,,,,,,,,,
9.999999999999994e-05,83149,,,,,,,,,
9.999999999999994e-05,83149,,,,,,,,,
,83149,0.003707356285303831,1.9933409930672497e-05,0.0028829064685851336,0.00022815591364633292,0.00017676620336715132,0.00039959445712156594,40.0,1171,
9.999999999999994e-05,83199,,,,,,,,,
9.999999999999994e-05,83199,,,,,,,,,
9.999999999999994e-05,83199,,,,,,,,,
,83199,0.0009650440770201385,0.00019559825886972249,0.0005047074519097805,0.00016335959662683308,9.990428225137293e-05,1.474546820645628e-06,40.0,1171,
,83211,,,,,,,,1171,0.02793220244348049
9.999999999999994e-05,83249,,,,,,,,,
9.999999999999994e-05,83249,,,,,,,,,
9.999999999999994e-05,83249,,,,,,,,,
,83249,0.0024119289591908455,0.0008120692218653858,0.0011828579008579254,0.00022827567590866238,0.00018812874623108655,5.972996177661116e-07,40.0,1172,
,83282,,,,,,,,1172,0.027705367654561996
9.999999999999994e-05,83299,,,,,,,,,
9.999999999999994e-05,83299,,,,,,,,,
9.999999999999994e-05,83299,,,,,,,,,
,83299,0.0009661828516982496,0.00022688694298267365,0.0004492615698836744,0.00017068047600332648,0.00011883593106176704,5.179136906008353e-07,40.0,1173,
9.999999999999994e-05,83349,,,,,,,,,
9.999999999999994e-05,83349,,,,,,,,,
9.999999999999994e-05,83349,,,,,,,,,
,83349,0.001478582969866693,0.0001614099310245365,0.0010712019866332412,0.00013729624333791435,0.00010826153447851539,4.131069033519452e-07,40.0,1173,
,83353,,,,,,,,1173,0.027364401146769524
9.999999999999994e-05,83399,,,,,,,,,
9.999999999999994e-05,83399,,,,,,,,,
9.999999999999994e-05,83399,,,,,,,,,
,83399,0.0016734400996938348,0.00022901699412614107,0.0010609530145302415,0.00023134461662266403,0.0001514309988124296,6.944989650037314e-07,40.0,1174,
,83424,,,,,,,,1174,0.027450434863567352
9.999999999999994e-05,83449,,,,,,,,,
9.999999999999994e-05,83449,,,,,,,,,
9.999999999999994e-05,83449,,,,,,,,,
,83449,0.0025286239106208086,0.00020719667372759432,0.0019607129506766796,0.00021428169566206634,0.00014572296640835702,7.095735554685234e-07,40.0,1175,
,83495,,,,,,,,1175,0.026662344112992287
9.999999999999994e-05,83499,,,,,,,,,
9.999999999999994e-05,83499,,,,,,,,,
9.999999999999994e-05,83499,,,,,,,,,
,83499,0.0008014892227947712,2.691286226763623e-06,0.0006215578177943826,0.00010790915985126048,6.901508459122851e-05,3.159161394705734e-07,40.0,1176,
9.999999999999994e-05,83549,,,,,,,,,
9.999999999999994e-05,83549,,,,,,,,,
9.999999999999994e-05,83549,,,,,,,,,
,83549,0.0008199589210562408,0.0001015660454868339,0.0005251984111964703,0.0001246339816134423,6.81238598190248e-05,4.3667478166753426e-07,40.0,1176,
,83566,,,,,,,,1176,0.02742898464202881
9.999999999999994e-05,83599,,,,,,,,,
9.999999999999994e-05,83599,,,,,,,,,
9.999999999999994e-05,83599,,,,,,,,,
,83599,0.0008876004139892757,8.020263521757443e-06,0.0006352259078994393,0.00013674783986061811,0.00010719771671574563,4.086762999122584e-07,40.0,1177,
,83637,,,,,,,,1177,0.027108408510684967
9.999999999999994e-05,83649,,,,,,,,,
9.999999999999994e-05,83649,,,,,,,,,
9.999999999999994e-05,83649,,,,,,,,,
,83649,0.0010121529921889305,1.892826912808232e-05,0.0006688223220407963,0.00018202359206043184,0.0001418279716745019,5.509307925422036e-07,40.0,1178,
9.999999999999994e-05,83699,,,,,,,,,
9.999999999999994e-05,83699,,,,,,,,,
9.999999999999994e-05,83699,,,,,,,,,
,83699,0.0006514315609820187,3.001697587023955e-05,0.0003776231314986944,0.0001483046216890216,9.486105409450829e-05,6.257666314013477e-07,40.0,1178,
,83708,,,,,,,,1178,0.027324022725224495
9.999999999999994e-05,83749,,,,,,,,,
9.999999999999994e-05,83749,,,,,,,,,
9.999999999999994e-05,83749,,,,,,,,,
,83749,0.0011702125193551183,0.0002249477111035958,0.0005410630255937576,0.00024177817977033556,0.0001617267116671428,6.968076604607631e-07,40.0,1179,
,83779,,,,,,,,1179,0.027640508487820625
9.999999999999994e-05,83799,,,,,,,,,
9.999999999999994e-05,83799,,,,,,,,,
9.999999999999994e-05,83799,,,,,,,,,
,83799,0.0012783901765942574,0.00018181095947511494,0.0007858895696699619,0.0001891977444756776,0.00012092529505025595,5.66697792692139e-07,40.0,1180,
9.999999999999994e-05,83849,,,,,,,,,
9.999999999999994e-05,83849,,,,,,,,,
9.999999999999994e-05,83849,,,,,,,,,
,83849,0.001096308697015047,0.00031043615308590233,0.0004927098052576184,0.00016788829816505313,0.00012461790174711496,6.566266961272049e-07,40.0,1180,
,83850,,,,,,,,1180,0.02723507396876812
9.999999999999994e-05,83899,,,,,,,,,
9.999999999999994e-05,83899,,,,,,,,,
9.999999999999994e-05,83899,,,,,,,,,
,83899,0.0010052575962617993,2.9152866773074493e-05,0.0006436192197725177,0.00017573690274730325,0.00015632490976713598,4.237677160290332e-07,40.0,1181,
,83921,,,,,,,,1181,0.027046436443924904
9.999999999999994e-05,83949,,,,,,,,,
9.999999999999994e-05,83949,,,,,,,,,
9.999999999999994e-05,83949,,,,,,,,,
,83949,0.0011869902955368161,0.00017242704052478075,0.0007779821753501892,0.00014100653061177582,9.516645513940603e-05,4.0805659295983787e-07,40.0,1182,
,83992,,,,,,,,1182,0.027022846043109894
9.999999999999994e-05,83999,,,,,,,,,
9.999999999999994e-05,83999,,,,,,,,,
9.999999999999994e-05,83999,,,,,,,,,
,83999,0.001126574818044901,0.00020703427435364574,0.0005680788308382034,0.00021744966215919703,0.00013332189701031893,6.902017162246921e-07,40.0,1183,
9.999999999999994e-05,84049,,,,,,,,,
9.999999999999994e-05,84049,,,,,,,,,
9.999999999999994e-05,84049,,,,,,,,,
,84049,0.0019452808191999793,0.00020928282174281776,0.001417987747117877,0.00018564093625172973,0.00013178806693758816,5.811775167785527e-07,40.0,1183,
,84063,,,,,,,,1183,0.02764298766851425
9.999999999999994e-05,84099,,,,,,,,,
9.999999999999994e-05,84099,,,,,,,,,
9.999999999999994e-05,84099,,,,,,,,,
,84099,0.0016584129771217704,1.4697920050821267e-05,0.0012856436660513282,0.0001902174117276445,0.00015884809545241296,9.00592112884624e-06,40.0,1184,
,84134,,,,,,,,1184,0.026908911764621735
9.999999999999994e-05,84149,,,,,,,,,
9.999999999999994e-05,84149,,,,,,,,,
9.999999999999994e-05,84149,,,,,,,,,
,84149,0.001098967855796218,0.00022423711197916418,0.0005200299201533198,0.00019585889822337776,0.00015828086179681122,5.61081321848178e-07,40.0,1185,
9.999999999999994e-05,84199,,,,,,,,,
9.999999999999994e-05,84199,,,,,,,,,
9.999999999999994e-05,84199,,,,,,,,,
,84199,0.001835047616623342,4.111584712518379e-05,0.0011791940778493881,0.00033628151868470013,0.00027737190248444676,1.0843650670722127e-06,40.0,1185,
,84205,,,,,,,,1185,0.02711501158773899
9.999999999999994e-05,84249,,,,,,,,,
9.999999999999994e-05,84249,,,,,,,,,
9.999999999999994e-05,84249,,,,,,,,,
,84249,0.0014246497303247452,2.0910485545755364e-05,0.0009431104408577085,0.00026443711249157786,0.00018946279305964708,6.728887001372641e-06,40.0,1186,
,84276,,,,,,,,1186,0.027047527953982353
9.999999999999994e-05,84299,,,,,,,,,
9.999999999999994e-05,84299,,,,,,,,,
9.999999999999994e-05,84299,,,,,,,,,
,84299,0.001742044580169022,0.0003192451549693942,0.0010247202590107918,0.00023986466112546623,0.00015705745317973197,1.1571088407436037e-06,40.0,1187,
,84347,,,,,,,,1187,0.026920294389128685
9.999999999999994e-05,84349,,,,,,,,,
9.999999999999994e-05,84349,,,,,,,,,
9.999999999999994e-05,84349,,,,,,,,,
,84349,0.0008172796806320548,1.324797540291911e-05,0.0005350760766305029,0.00016033454448916018,0.00010628450399963185,2.3365671495412244e-06,40.0,1188,
9.999999999999994e-05,84399,,,,,,,,,
9.999999999999994e-05,84399,,,,,,,,,
9.999999999999994e-05,84399,,,,,,,,,
,84399,0.0008902596309781075,8.737905591260642e-05,0.0005487352609634399,0.00013805297203361988,9.49643726926297e-05,2.1128007574588992e-05,40.0,1188,
,84418,,,,,,,,1188,0.02777291089296341
9.999999999999994e-05,84449,,,,,,,,,
9.999999999999994e-05,84449,,,,,,,,,
9.999999999999994e-05,84449,,,,,,,,,
,84449,0.0019561932422220707,0.0001691589131951332,0.0012331551406532526,0.00027180713368579745,0.0002794609172269702,2.6110333237738814e-06,40.0,1189,
,84489,,,,,,,,1189,0.027258601039648056
9.999999999999994e-05,84499,,,,,,,,,
9.999999999999994e-05,84499,,,,,,,,,
9.999999999999994e-05,84499,,,,,,,,,
,84499,0.0015816709492355585,0.0002136809634976089,0.0010621482506394386,0.00018356414511799812,0.00012170165427960455,5.75936610403005e-07,40.0,1190,
9.999999999999994e-05,84549,,,,,,,,,
9.999999999999994e-05,84549,,,,,,,,,
9.999999999999994e-05,84549,,,,,,,,,
,84549,0.0022454303689301014,9.515393685433082e-06,0.0018640991766005754,0.0002131035435013473,0.00015835510566830635,3.5726219493881217e-07,40.0,1190,
,84560,,,,,,,,1190,0.02767399325966835
9.999999999999994e-05,84599,,,,,,,,,
9.999999999999994e-05,84599,,,,,,,,,
9.999999999999994e-05,84599,,,,,,,,,
,84599,0.0012610445264726877,0.00011157483095303178,0.0007795845158398151,0.00021764777193311602,0.00015197703032754362,2.602977815513441e-07,40.0,1191,
,84631,,,,,,,,1191,0.02723192796111107
9.999999999999994e-05,84649,,,,,,,,,
9.999999999999994e-05,84649,,,,,,,,,
9.999999999999994e-05,84649,,,,,,,,,
,84649,0.0016902770148590207,3.270541492383927e-05,0.0011693445267155766,0.0003180332714691758,0.0001692104124231264,9.83434688350826e-07,40.0,1192,
9.999999999999994e-05,84699,,,,,,,,,
9.999999999999994e-05,84699,,,,,,,,,
9.999999999999994e-05,84699,,,,,,,,,
,84699,0.0017289472743868828,0.00034728163154795766,0.0007565513951703906,0.00033690076088532805,0.0002875148202292621,6.98537235166441e-07,40.0,1192,
,84702,,,,,,,,1192,0.027286933735013008
9.999999999999994e-05,84749,,,,,,,,,
9.999999999999994e-05,84749,,,,,,,,,
9.999999999999994e-05,84749,,,,,,,,,
,84749,0.004212302155792713,0.000547619943972677,0.0020435794722288847,0.0008489187457598746,0.0007713715313002467,8.127712476380111e-07,40.0,1193,
,84773,,,,,,,,1193,0.02704128809273243
9.999999999999994e-05,84799,,,,,,,,,
9.999999999999994e-05,84799,,,,,,,,,
9.999999999999994e-05,84799,,,,,,,,,
,84799,0.0016021949704736471,0.00026529617025516927,0.0008888114825822413,0.00026085603167302907,0.00018670504505280405,5.263598836791061e-07,40.0,1194,
,84844,,,,,,,,1194,0.026400025933980942
9.999999999999994e-05,84849,,,,,,,,,
9.999999999999994e-05,84849,,,,,,,,,
9.999999999999994e-05,84849,,,,,,,,,
,84849,0.003980967681854963,0.00020168002811260521,0.002853410318493843,0.000496947905048728,0.0004284290480427444,5.007640311305295e-07,40.0,1195,
9.999999999999994e-05,84899,,,,,,,,,
9.999999999999994e-05,84899,,,,,,,,,
9.999999999999994e-05,84899,,,,,,,,,
,84899,0.0018061322625726461,3.647591074695811e-05,0.0011951010674238205,0.0003471846575848758,0.00022645722492597997,9.132804166256392e-07,40.0,1195,
,84915,,,,,,,,1195,0.027361951768398285
9.999999999999994e-05,84949,,,,,,,,,
9.999999999999994e-05,84949,,,,,,,,,
9.999999999999994e-05,84949,,,,,,,,,
,84949,0.0011846172856166959,6.082304025767371e-05,0.0007344402256421745,0.0002239102905150503,0.00016505351231899112,3.9026028275657154e-07,40.0,1196,
,84986,,,,,,,,1196,0.026953641325235367
9.999999999999994e-05,84999,,,,,,,,,
9.999999999999994e-05,84999,,,,,,,,,
9.999999999999994e-05,84999,,,,,,,,,
,84999,0.0016975614707916975,7.926442776806653e-06,0.0007594281923957169,0.0005136640975251794,0.0004158336960244924,7.090839062584564e-07,40.0,1197,
9.999999999999994e-05,85049,,,,,,,,,
9.999999999999994e-05,85049,,,,,,,,,
9.999999999999994e-05,85049,,,,,,,,,
,85049,0.0024974301923066378,0.00043086506775580347,0.0013809514930471778,0.0003646316472440958,0.00032033826573751867,6.438351647375384e-07,40.0,1197,
,85057,,,,,,,,1197,0.027992544695734978
9.999999999999994e-05,85099,,,,,,,,,
9.999999999999994e-05,85099,,,,,,,,,
9.999999999999994e-05,85099,,,,,,,,,
,85099,0.0018701145891100168,0.00032110867323353887,0.0009098931914195418,0.00038756889989599586,0.00025095377350226045,5.899581765334005e-07,40.0,1198,
,85128,,,,,,,,1198,0.02723035030066967
9.999999999999994e-05,85149,,,,,,,,,
9.999999999999994e-05,85149,,,,,,,,,
9.999999999999994e-05,85149,,,,,,,,,
,85149,0.0015148933744058013,2.7302441594656557e-05,0.0009672915330156684,0.0003036406124010682,0.0002142978337360546,2.36106779993861e-06,40.0,1199,
9.999999999999994e-05,85199,,,,,,,,,
,85199,0.001968387048691511,5.025879363529384e-05,0.001385505311191082,0.00033729965798556805,0.00019043846987187862,4.884749159828061e-06,40.0,1199,
,85199,,,,,,,,1199,0.026912709698081017
9.999999999999994e-05,85249,,,,,,,,,
9.999999999999994e-05,85249,,,,,,,,,
9.999999999999994e-05,85249,,,,,,,,,
,85249,0.002126138424500823,0.00011175619147252291,0.0015135869616642594,0.00026295118732377887,0.0002372040180489421,6.399826020242472e-07,40.0,1200,
,85270,,,,,,,,1200,0.02704814076423645
9.999999999999994e-05,85299,,,,,,,,,
9.999999999999994e-05,85299,,,,,,,,,
9.999999999999994e-05,85299,,,,,,,,,
,85299,0.0009285741252824664,2.3419130229740404e-05,0.0006593647412955761,0.00014749790716450661,8.754310692893341e-05,1.0749218745331746e-05,40.0,1201,
,85341,,,,,,,,1201,0.027506601065397263
9.999999999999994e-05,85349,,,,,,,,,
9.999999999999994e-05,85349,,,,,,,,,
9.999999999999994e-05,85349,,,,,,,,,
,85349,0.002156709786504507,0.00021491463121492416,0.0009740049717947841,0.0002486391458660364,0.0002673817507456988,0.0004517691268119961,40.0,1202,
9.999999999999994e-05,85399,,,,,,,,,
9.999999999999994e-05,85399,,,,,,,,,
9.999999999999994e-05,85399,,,,,,,,,
,85399,0.0020034671761095524,0.0003403775626793504,0.0010996852070093155,0.0002608260838314891,0.0001914950116770342,0.00011108316539321095,40.0,1202,
,85412,,,,,,,,1202,0.027371272444725037
9.999999999999994e-05,85449,,,,,,,,,
9.999999999999994e-05,85449,,,,,,,,,
9.999999999999994e-05,85449,,,,,,,,,
,85449,0.0013210898032411933,0.00016636689542792737,0.0009420792921446264,0.00012667659029830247,8.491142216371372e-05,1.0555568223935552e-06,40.0,1203,
,85483,,,,,,,,1203,0.027182966470718384
9.999999999999994e-05,85499,,,,,,,,,
9.999999999999994e-05,85499,,,,,,,,,
9.999999999999994e-05,85499,,,,,,,,,
,85499,0.0007840772741474211,0.00011903680569957942,0.0005014889757148921,0.00010229548206552863,6.0578458942472935e-05,6.775324550289952e-07,40.0,1204,
9.999999999999994e-05,85549,,,,,,,,,
9.999999999999994e-05,85549,,,,,,,,,
9.999999999999994e-05,85549,,,,,,,,,
,85549,0.0011615806724876165,0.00020539015531539917,0.0005105477175675333,0.0002601222658995539,0.00018451831419952214,1.0022763490269426e-06,40.0,1204,
,85554,,,,,,,,1204,0.02720707096159458
9.999999999999994e-05,85599,,,,,,,,,
9.999999999999994e-05,85599,,,,,,,,,
9.999999999999994e-05,85599,,,,,,,,,
,85599,0.0014649290824308991,0.00015233609883580357,0.0009490471566095948,0.00019684870494529605,0.00016629687161184847,4.0022993630373094e-07,40.0,1205,
,85625,,,,,,,,1205,0.027460623532533646
9.999999999999994e-05,85649,,,,,,,,,
9.999999999999994e-05,85649,,,,,,,,,
9.999999999999994e-05,85649,,,,,,,,,
,85649,0.0007107963319867849,0.00014943421410862356,0.00034225668059661984,0.0001336382847512141,8.484152203891426e-05,6.256846631913504e-07,40.0,1206,
,85696,,,,,,,,1206,0.02712828665971756
9.999999999999994e-05,85699,,,,,,,,,
9.999999999999994e-05,85699,,,,,,,,,
9.999999999999994e-05,85699,,,,,,,,,
,85699,0.0011686444049701095,0.00018014205852523446,0.0006986554944887757,0.00017461978131905198,0.0001146960275946185,5.311362087923044e-07,40.0,1207,
9.999999999999994e-05,85749,,,,,,,,,
9.999999999999994e-05,85749,,,,,,,,,
9.999999999999994e-05,85749,,,,,,,,,
,85749,0.0015141176991164684,2.3308934032684192e-05,0.0009941670577973127,0.00029141787672415376,0.00020444099209271371,7.828890034033975e-07,40.0,1207,
,85767,,,,,,,,1207,0.0272922832518816
9.999999999999994e-05,85799,,,,,,,,,
9.999999999999994e-05,85799,,,,,,,,,
9.999999999999994e-05,85799,,,,,,,,,
,85799,0.0007228364120237529,1.2674017852987163e-05,0.00043992302380502224,0.00015841344429645687,0.00011139202979393303,4.3393234250288515e-07,40.0,1208,
,85838,,,,,,,,1208,0.027377258986234665
9.999999999999994e-05,85849,,,,,,,,,
9.999999999999994e-05,85849,,,,,,,,,
9.999999999999994e-05,85849,,,,,,,,,
,85849,0.000990410684607923,0.00015205188537947834,0.0006317447405308485,0.00012835809320677072,7.796854333719239e-05,2.873881612686091e-07,40.0,1209,
9.999999999999994e-05,85899,,,,,,,,,
9.999999999999994e-05,85899,,,,,,,,,
9.999999999999994e-05,85899,,,,,,,,,
,85899,0.0012538752052932978,0.00021040852880105376,0.0008328465628437698,0.00013108599523548037,7.909932173788548e-05,4.3478860334289493e-07,40.0,1209,
,85909,,,,,,,,1209,0.026893071830272675
9.999999999999994e-05,85949,,,,,,,,,
9.999999999999994e-05,85949,,,,,,,,,
9.999999999999994e-05,85949,,,,,,,,,
,85949,0.0012344487477093935,5.755075108027086e-05,0.0008900177199393511,0.00016996059275697917,0.0001164410641649738,4.786942326973076e-07,40.0,1210,
,85980,,,,,,,,1210,0.02794373594224453
9.999999999999994e-05,85999,,,,,,,,,
9.999999999999994e-05,85999,,,,,,,,,
9.999999999999994e-05,85999,,,,,,,,,
,85999,0.0018279760843142867,0.0003780007245950401,0.0009292864124290645,0.00029972815536893904,0.00022024904319550842,7.118162557162577e-07,40.0,1211,
9.999999999999994e-05,86049,,,,,,,,,
9.999999999999994e-05,86049,,,,,,,,,
9.999999999999994e-05,86049,,,,,,,,,
,86049,0.0012568196980282664,0.00017464879783801734,0.0007957231719046831,0.0001649594632908702,0.00012109197996323928,3.962676657920383e-07,40.0,1211,
,86051,,,,,,,,1211,0.02747448720037937
9.999999999999994e-05,86099,,,,,,,,,
9.999999999999994e-05,86099,,,,,,,,,
9.999999999999994e-05,86099,,,,,,,,,
,86099,0.001108206924982369,0.000135528709506616,0.0006965643260627985,0.0001498917117714882,0.00012580869952216744,4.133661093419505e-07,40.0,1212,
,86122,,,,,,,,1212,0.027196407318115234
9.999999999999994e-05,86149,,,,,,,,,
9.999999999999994e-05,86149,,,,,,,,,
9.999999999999994e-05,86149,,,,,,,,,
,86149,0.0013551110168918967,0.00020220453734509647,0.0007929839193820953,0.0002124139864463359,0.00014694605488330126,5.624782488666824e-07,40.0,1213,
,86193,,,,,,,,1213,0.027250085026025772
9.999999999999994e-05,86199,,,,,,,,,
9.999999999999994e-05,86199,,,,,,,,,
9.999999999999994e-05,86199,,,,,,,,,
,86199,0.0014777561882510781,0.000346799090038985,0.0007091856095939875,0.00023622500884812325,0.00018511673260945827,4.296367137612833e-07,40.0,1214,
9.999999999999994e-05,86249,,,,,,,,,
9.999999999999994e-05,86249,,,,,,,,,
9.999999999999994e-05,86249,,,,,,,,,
,86249,0.0016713766381144524,0.00024700217181816697,0.0009740605019032955,0.0002536550455261022,0.000196110486285761,5.485948690875375e-07,40.0,1214,
,86264,,,,,,,,1214,0.02710895799100399
9.999999999999994e-05,86299,,,,,,,,,
9.999999999999994e-05,86299,,,,,,,,,
9.999999999999994e-05,86299,,,,,,,,,
,86299,0.0009137088782154024,8.40472239360679e-06,0.0005818626377731562,0.00019257611711509526,0.0001303972239838913,4.6824598598504963e-07,40.0,1215,
,86335,,,,,,,,1215,0.027410315349698067
9.999999999999994e-05,86349,,,,,,,,,
9.999999999999994e-05,86349,,,,,,,,,
9.999999999999994e-05,86349,,,,,,,,,
,86349,0.0011723808711394668,0.00010399663005955517,0.0008620775770395994,0.00011941281263716519,8.654793055029586e-05,3.459806805494736e-07,40.0,1216,
9.999999999999994e-05,86399,,,,,,,,,
9.999999999999994e-05,86399,,,,,,,,,
9.999999999999994e-05,86399,,,,,,,,,
,86399,0.0011020160745829344,0.00016252406931016594,0.0007222307613119483,0.0001253907976206392,9.156623855233192e-05,3.041474485598883e-07,40.0,1216,
,86406,,,,,,,,1216,0.02739049308001995
9.999999999999994e-05,86449,,,,,,,,,
9.999999999999994e-05,86449,,,,,,,,,
9.999999999999994e-05,86449,,,,,,,,,
,86449,0.0018763140542432666,0.00019021326443180442,0.0013133954489603639,0.0002029463939834386,0.00016935565508902073,4.0339753581974946e-07,40.0,1217,
,86477,,,,,,,,1217,0.027633707970380783
9.999999999999994e-05,86499,,,,,,,,,
9.999999999999994e-05,86499,,,,,,,,,
9.999999999999994e-05,86499,,,,,,,,,
,86499,0.001607738435268402,7.021518831606954e-05,0.0012843032600358129,0.00014249919331632555,0.00011027669097529724,4.439543204171059e-07,40.0,1218,
,86548,,,,,,,,1218,0.02774098329246044
9.999999999999994e-05,86549,,,,,,,,,
9.999999999999994e-05,86549,,,,,,,,,
9.999999999999994e-05,86549,,,,,,,,,
,86549,0.0025618085637688637,0.0005307571263983846,0.0014534816145896912,0.0003189808048773557,0.00025788313359953463,7.058437745399715e-07,40.0,1219,
9.999999999999994e-05,86599,,,,,,,,,
9.999999999999994e-05,86599,,,,,,,,,
9.999999999999994e-05,86599,,,,,,,,,
,86599,0.0013940556673333049,0.0002103235456161201,0.0009058532305061817,0.00015690871805418283,0.00012068751675542444,2.825245530857501e-07,40.0,1219,
,86619,,,,,,,,1219,0.027555715292692184
9.999999999999994e-05,86649,,,,,,,,,
9.999999999999994e-05,86649,,,,,,,,,
9.999999999999994e-05,86649,,,,,,,,,
,86649,0.0017786523094400764,7.613100478920387e-06,0.0012461047153919935,0.000261701614363119,0.00026294460985809565,2.882576097817946e-07,40.0,1220,
,86690,,,,,,,,1220,0.026967819780111313
9.999999999999994e-05,86699,,,,,,,,,
9.999999999999994e-05,86699,,,,,,,,,
9.999999999999994e-05,86699,,,,,,,,,
,86699,0.0010396800935268402,2.734667759796139e-05,0.0006622368819080293,0.00021831867343280464,0.00013113557361066341,6.423664444810129e-07,40.0,1221,
9.999999999999994e-05,86749,,,,,,,,,
9.999999999999994e-05,86749,,,,,,,,,
9.999999999999994e-05,86749,,,,,,,,,
,86749,0.0015589440008625388,0.00028575753094628453,0.00092524872161448,0.00020462641259655356,0.00014264674973674119,6.646711767643865e-07,40.0,1221,
,86761,,,,,,,,1221,0.0272121112793684
9.999999999999994e-05,86799,,,,,,,,,
9.999999999999994e-05,86799,,,,,,,,,
9.999999999999994e-05,86799,,,,,,,,,
,86799,0.0014967255992814898,0.00026483580586500466,0.0007579026278108358,0.00029042293317615986,0.00018273455498274416,8.296441365018836e-07,40.0,1222,
,86832,,,,,,,,1222,0.027530856430530548
9.999999999999994e-05,86849,,,,,,,,,
9.999999999999994e-05,86849,,,,,,,,,
9.999999999999994e-05,86849,,,,,,,,,
,86849,0.0009326832951046526,7.8983039202285e-06,0.0005051495390944183,0.0002509954501874745,0.00016793794929981232,7.020618113529054e-07,41.0,1223,
9.999999999999994e-05,86899,,,,,,,,,
9.999999999999994e-05,86899,,,,,,,,,
9.999999999999994e-05,86899,,,,,,,,,
,86899,0.002236324129626155,0.00026797648752108216,0.001429667347110808,0.0003078998706769198,0.0002303866349393502,3.9379150962304266e-07,41.0,1223,
,86903,,,,,,,,1223,0.026682628318667412
9.999999999999994e-05,86949,,,,,,,,,
9.999999999999994e-05,86949,,,,,,,,,
9.999999999999994e-05,86949,,,,,,,,,
,86949,0.0021956567652523518,0.0008399073267355561,0.0008363788365386426,0.0002901032567024231,0.00022859862656332552,6.688020448564203e-07,41.0,1224,
,86974,,,,,,,,1224,0.027696171775460243
9.999999999999994e-05,86999,,,,,,,,,
9.999999999999994e-05,86999,,,,,,,,,
9.999999999999994e-05,86999,,,,,,,,,
,86999,0.0013874146388843656,4.481562791625038e-05,0.0008314463775604963,0.0002621496096253395,0.00024865646264515817,3.464002134023758e-07,41.0,1225,
,87045,,,,,,,,1225,0.027343925088644028
9.999999999999994e-05,87049,,,,,,,,,
9.999999999999994e-05,87049,,,,,,,,,
9.999999999999994e-05,87049,,,,,,,,,
,87049,0.0016318977577611804,0.00019219741807319224,0.0011317480821162462,0.0002170396619476378,9.04770422494039e-05,4.3551486328397004e-07,41.0,1226,
9.999999999999994e-05,87099,,,,,,,,,
9.999999999999994e-05,87099,,,,,,,,,
9.999999999999994e-05,87099,,,,,,,,,
,87099,0.0014462884282693267,0.00040899039595387876,0.0005397789645940065,0.00027604977367445827,0.00022080731287132949,6.621045827159833e-07,41.0,1226,
,87116,,,,,,,,1226,0.027509454637765884
9.999999999999994e-05,87149,,,,,,,,,
9.999999999999994e-05,87149,,,,,,,,,
9.999999999999994e-05,87149,,,,,,,,,
,87149,0.0012849015183746815,1.5519955923082307e-05,0.0008454190683551133,0.0002391967282164842,0.0001635677763260901,2.1198044123593718e-05,41.0,1227,
,87187,,,,,,,,1227,0.026206785812973976
9.999999999999994e-05,87199,,,,,,,,,
9.999999999999994e-05,87199,,,,,,,,,
9.999999999999994e-05,87199,,,,,,,,,
,87199,0.002731041517108679,3.432601079111919e-05,0.001374357845634222,0.0003075887216255069,0.00020240465528331697,0.0008123642182908952,41.0,1228,
9.999999999999994e-05,87249,,,,,,,,,
9.999999999999994e-05,87249,,,,,,,,,
9.999999999999994e-05,87249,,,,,,,,,
,87249,0.0025982141960412264,0.0006338547682389617,0.0013288920745253563,0.00029878912027925253,0.00024110919912345707,9.556880831951275e-05,41.0,1228,
,87258,,,,,,,,1228,0.027749093249440193
9.999999999999994e-05,87299,,,,,,,,,
9.999999999999994e-05,87299,,,,,,,,,
9.999999999999994e-05,87299,,,,,,,,,
,87299,0.0020427247509360313,0.00010228459723293781,0.0014385420363396406,0.0002556420804467052,0.00024533216492272913,9.239360565516108e-07,41.0,1229,
,87329,,,,,,,,1229,0.027524307370185852
9.999999999999994e-05,87349,,,,,,,,,
9.999999999999994e-05,87349,,,,,,,,,
9.999999999999994e-05,87349,,,,,,,,,
,87349,0.001989031909033656,1.4276489309850149e-05,0.001551662222482264,0.00024594104615971446,0.00017634077812545002,8.113275953292032e-07,41.0,1230,
9.999999999999994e-05,87399,,,,,,,,,
9.999999999999994e-05,87399,,,,,,,,,
9.999999999999994e-05,87399,,,,,,,,,
,87399,0.0018202842911705375,0.0005409872392192483,0.0008277181768789887,0.0002423611585982144,0.0002084572915919125,7.604924121551448e-07,41.0,1230,
,87400,,,,,,,,1230,0.027535101398825645
9.999999999999994e-05,87449,,,,,,,,,
9.999999999999994e-05,87449,,,,,,,,,
9.999999999999994e-05,87449,,,,,,,,,
,87449,0.0022290637716650963,8.032297773752362e-05,0.001858618576079607,0.00019597887876443565,9.351203334517777e-05,6.313758831311134e-07,41.0,1231,
,87471,,,,,,,,1231,0.027112558484077454
9.999999999999994e-05,87499,,,,,,,,,
9.999999999999994e-05,87499,,,,,,,,,
9.999999999999994e-05,87499,,,,,,,,,
,87499,0.0014150870265439153,3.293715781182982e-05,0.0009263858664780855,0.00023088404850568622,0.00022414661361835897,7.332799327741668e-07,41.0,1232,
,87542,,,,,,,,1232,0.02732725627720356
9.999999999999994e-05,87549,,,,,,,,,
9.999999999999994e-05,87549,,,,,,,,,
9.999999999999994e-05,87549,,,,,,,,,
,87549,0.0013931648572906852,0.00010503475641598925,0.0010400235187262297,0.0001338055299129337,0.00011378050839994103,5.205397997087857e-07,41.0,1233,
9.999999999999994e-05,87599,,,,,,,,,
9.999999999999994e-05,87599,,,,,,,,,
9.999999999999994e-05,87599,,,,,,,,,
,87599,0.0008637114660814404,0.0002166623598895967,0.00037060590693727136,0.00017823603411670774,9.755896462593228e-05,6.482168259935861e-07,41.0,1233,
,87613,,,,,,,,1233,0.027179613709449768
9.999999999999994e-05,87649,,,,,,,,,
9.999999999999994e-05,87649,,,,,,,,,
9.999999999999994e-05,87649,,,,,,,,,
,87649,0.0006865377072244883,8.592418453190476e-06,0.00043646583799272776,0.00013049659901298583,0.00011045668361475691,5.261723003968655e-07,41.0,1234,
,87684,,,,,,,,1234,0.02731994353234768
9.999999999999994e-05,87699,,,,,,,,,
9.999999999999994e-05,87699,,,,,,,,,
9.999999999999994e-05,87699,,,,,,,,,
,87699,0.0009494688711129129,0.00014448504953179508,0.0005634162807837129,0.00015655442257411778,8.441750833299011e-05,5.956590598543698e-07,41.0,1235,
9.999999999999994e-05,87749,,,,,,,,,
9.999999999999994e-05,87749,,,,,,,,,
9.999999999999994e-05,87749,,,,,,,,,
,87749,0.002110534580424428,0.00013320197467692196,0.0010747425258159637,0.0005001400713808835,0.00040149575215764344,9.543156238578376e-07,41.0,1235,
,87755,,,,,,,,1235,0.026804564520716667
9.999999999999994e-05,87799,,,,,,,,,
9.999999999999994e-05,87799,,,,,,,,,
9.999999999999994e-05,87799,,,,,,,,,
,87799,0.007187057752162218,0.0007941828807815909,0.005592759232968092,0.0004383564810268581,0.0003614051965996623,3.541225908065826e-07,41.0,1236,
,87826,,,,,,,,1236,0.02738441526889801
9.999999999999994e-05,87849,,,,,,,,,
9.999999999999994e-05,87849,,,,,,,,,
9.999999999999994e-05,87849,,,,,,,,,
,87849,0.0031025949865579605,6.299842789303511e-05,0.002476590219885111,0.00023540928668808192,0.0003270902670919895,5.069657618150814e-07,41.0,1237,
,87897,,,,,,,,1237,0.027509544044733047
9.999999999999994e-05,87899,,,,,,,,,
9.999999999999994e-05,87899,,,,,,,,,
9.999999999999994e-05,87899,,,,,,,,,
,87899,0.0007755300030112267,7.641041520400904e-06,0.000583736808039248,0.00010357680730521679,8.011620957404375e-05,4.5914850943518104e-07,41.0,1238,
9.999999999999994e-05,87949,,,,,,,,,
9.999999999999994e-05,87949,,,,,,,,,
9.999999999999994e-05,87949,,,,,,,,,
,87949,0.0011677986476570368,0.00019242760026827455,0.0006471287924796343,0.00020726583898067474,0.00012022882583551109,7.475900929421186e-07,41.0,1238,
,87968,,,,,,,,1238,0.026725342497229576
9.999999999999994e-05,87999,,,,,,,,,
9.999999999999994e-05,87999,,,,,,,,,
9.999999999999994e-05,87999,,,,,,,,,
,87999,0.0009784974390640855,0.00011393793829483911,0.0006867196643725038,0.00010549374565016478,7.202589040389284e-05,3.201434140009951e-07,41.0,1239,
,88039,,,,,,,,1239,0.02713782899081707
9.999999999999994e-05,88049,,,,,,,,,
9.999999999999994e-05,88049,,,,,,,,,
9.999999999999994e-05,88049,,,,,,,,,
,88049,0.0018464768072590232,0.00031611573649570346,0.0009894153336063027,0.00029937634826637805,0.0002408198924968019,7.496541343243734e-07,41.0,1240,
9.999999999999994e-05,88099,,,,,,,,,
9.999999999999994e-05,88099,,,,,,,,,
9.999999999999994e-05,88099,,,,,,,,,
,88099,0.0013354737311601639,0.0002007066796068102,0.0008255871362052858,0.00017777964239940047,0.00013077910989522934,6.211928962329694e-07,41.0,1240,
,88110,,,,,,,,1240,0.028161531314253807
9.999999999999994e-05,88149,,,,,,,,,
9.999999999999994e-05,88149,,,,,,,,,
9.999999999999994e-05,88149,,,,,,,,,
,88149,0.0015182376373559237,5.746307215304114e-05,0.0011203554458916187,0.000199331043404527,0.0001406160299666226,4.7193398700073885e-07,41.0,1241,
,88181,,,,,,,,1241,0.027613753452897072
9.999999999999994e-05,88199,,,,,,,,,
9.999999999999994e-05,88199,,,,,,,,,
9.999999999999994e-05,88199,,,,,,,,,
,88199,0.0009360534604638815,4.663428626372479e-06,0.0006170755950734019,0.0001747737842379138,0.0001379867608193308,1.5539270634690183e-06,41.0,1242,
9.999999999999994e-05,88249,,,,,,,,,
9.999999999999994e-05,88249,,,,,,,,,
9.999999999999994e-05,88249,,,,,,,,,
,88249,0.0015870098723098636,0.00020728707022499293,0.0009967365767806768,0.00022086905664764345,0.00015564626664854586,6.470905191235943e-06,41.0,1242,
,88252,,,,,,,,1242,0.02710840292274952
9.999999999999994e-05,88299,,,,,,,,,
9.999999999999994e-05,88299,,,,,,,,,
9.999999999999994e-05,88299,,,,,,,,,
,88299,0.0014781885547563434,0.00017233537801075727,0.001041524694301188,0.00015474196698050946,0.00010885901428991929,7.274288122971484e-07,41.0,1243,
,88323,,,,,,,,1243,0.027629418298602104
9.999999999999994e-05,88349,,,,,,,,,
9.999999999999994e-05,88349,,,,,,,,,
9.999999999999994e-05,88349,,,,,,,,,
,88349,0.0015138702001422644,7.893134898040444e-05,0.001208204310387373,0.00013146580022294074,9.498298459220678e-05,2.857218532881234e-07,41.0,1244,
,88394,,,,,,,,1244,0.027798285707831383
9.999999999999994e-05,88399,,,,,,,,,
9.999999999999994e-05,88399,,,,,,,,,
9.999999999999994e-05,88399,,,,,,,,,
,88399,0.0008830346632748842,8.327334944624454e-05,0.000651501351967454,9.186148963635787e-05,5.612677341559902e-05,2.7169645022695477e-07,41.0,1245,
9.999999999999994e-05,88449,,,,,,,,,
9.999999999999994e-05,88449,,,,,,,,,
9.999999999999994e-05,88449,,,,,,,,,
,88449,0.0009613673901185393,2.9558637834270485e-05,0.0006210561841726303,0.00019675781368277967,0.00011332236317684874,6.723631145177933e-07,41.0,1245,
,88465,,,,,,,,1245,0.027553897351026535
9.999999999999994e-05,88499,,,,,,,,,
9.999999999999994e-05,88499,,,,,,,,,
9.999999999999994e-05,88499,,,,,,,,,
,88499,0.0012166023952886462,0.00022364978212863207,0.0006744660786353052,0.00019998227071482688,0.0001178566089947708,6.476487328654912e-07,41.0,1246,
,88536,,,,,,,,1246,0.02703874371945858
9.999999999999994e-05,88549,,,,,,,,,
9.999999999999994e-05,88549,,,,,,,,,
9.999999999999994e-05,88549,,,,,,,,,
,88549,0.0013023563660681248,2.7041383873438463e-05,0.0009102764306589961,0.00021640234626829624,0.00014793308218941092,7.030926667539461e-07,41.0,1247,
9.999999999999994e-05,88599,,,,,,,,,
9.999999999999994e-05,88599,,,,,,,,,
9.999999999999994e-05,88599,,,,,,,,,
,88599,0.0013024964137002826,0.00016835420683491975,0.0007616487564519048,0.00021780861425213516,0.00015418522525578737,4.996775828658429e-07,41.0,1247,
,88607,,,,,,,,1247,0.026997996494174004
9.999999999999994e-05,88649,,,,,,,,,
9.999999999999994e-05,88649,,,,,,,,,
9.999999999999994e-05,88649,,,,,,,,,
,88649,0.001592310843989253,0.000555001082830131,0.0006467844941653311,0.00023787387181073427,0.00015200310735963285,6.482540584329399e-07,41.0,1248,
,88678,,,,,,,,1248,0.027996908873319626
9.999999999999994e-05,88699,,,,,,,,,
9.999999999999994e-05,88699,,,,,,,,,
9.999999999999994e-05,88699,,,,,,,,,
,88699,0.0009919977746903896,1.924219395732507e-05,0.0007435464067384601,0.00013409410894382745,9.470434451941401e-05,4.1066664380196016e-07,41.0,1249,
9.999999999999994e-05,88749,,,,,,,,,
,88749,0.0013047162210568786,1.5828760297154076e-05,0.0010071168653666973,0.0001763472828315571,0.00010481201752554625,6.113203312452242e-07,41.0,1249,
,88749,,,,,,,,1249,0.027227651327848434
9.999999999999994e-05,88799,,,,,,,,,
9.999999999999994e-05,88799,,,,,,,,,
9.999999999999994e-05,88799,,,,,,,,,
,88799,0.0008188127540051937,7.605982318636961e-06,0.0005276132142171264,0.00016820528253447264,0.00011500439723022282,3.8381531908271427e-07,41.0,1250,
,88820,,,,,,,,1250,0.028204264119267464
9.999999999999994e-05,88849,,,,,,,,,
9.999999999999994e-05,88849,,,,,,,,,
9.999999999999994e-05,88849,,,,,,,,,
,88849,0.001424764166586101,1.6202231563511305e-05,0.0011617953423410654,0.0001432752760592848,9.637763287173584e-05,7.11372649675468e-06,41.0,1251,
,88891,,,,,,,,1251,0.02754966914653778
9.999999999999994e-05,88899,,,,,,,,,
9.999999999999994e-05,88899,,,,,,,,,
9.999999999999994e-05,88899,,,,,,,,,
,88899,0.0018896867986768484,6.394390766217839e-06,0.001592771615833044,0.00016396839055232704,0.0001247729960596189,1.7794146742744488e-06,41.0,1252,
9.999999999999994e-05,88949,,,,,,,,,
9.999999999999994e-05,88949,,,,,,,,,
9.999999999999994e-05,88949,,,,,,,,,
,88949,0.001070466241799295,6.285485869739205e-05,0.0006732847541570663,0.0001695940300123766,8.946506568463519e-05,7.526746048824862e-05,41.0,1252,
,88962,,,,,,,,1252,0.02714117057621479
9.999999999999994e-05,88999,,,,,,,,,
9.999999999999994e-05,88999,,,,,,,,,
9.999999999999994e-05,88999,,,,,,,,,
,88999,0.0015807016752660275,1.9669583707582206e-05,0.0008339665946550667,0.00021685558021999896,0.00017386591935064644,0.0003363439464010298,41.0,1253,
,89033,,,,,,,,1253,0.02689572051167488
9.999999999999994e-05,89049,,,,,,,,,
9.999999999999994e-05,89049,,,,,,,,,
9.999999999999994e-05,89049,,,,,,,,,
,89049,0.001170603558421135,0.00015093453112058342,0.0006796839879825711,0.00019858646555803716,0.00013639738608617336,5.001104455004679e-06,41.0,1254,
9.999999999999994e-05,89099,,,,,,,,,
9.999999999999994e-05,89099,,,,,,,,,
9.999999999999994e-05,89099,,,,,,,,,
,89099,0.0008126180036924779,5.356227120500989e-05,0.0005240050377324224,0.00013617571676149964,9.811474592424929e-05,7.602611162838002e-07,41.0,1254,
,89104,,,,,,,,1254,0.027455486357212067
9.999999999999994e-05,89149,,,,,,,,,
9.999999999999994e-05,89149,,,,,,,,,
9.999999999999994e-05,89149,,,,,,,,,
,89149,0.0012105890782549977,1.443522432964528e-05,0.0009645576355978847,0.00015940278535708785,7.172835466917604e-05,4.650879930068186e-07,41.0,1255,
,89175,,,,,,,,1255,0.02719760686159134
9.999999999999994e-05,89199,,,,,,,,,
9.999999999999994e-05,89199,,,,,,,,,
9.999999999999994e-05,89199,,,,,,,,,
,89199,0.0016736481338739395,2.907503403548617e-05,0.0011566437315195799,0.00026266396162100136,0.0002247269731014967,5.384599148783309e-07,41.0,1256,
,89246,,,,,,,,1256,0.02740536443889141
9.999999999999994e-05,89249,,,,,,,,,
9.999999999999994e-05,89249,,,,,,,,,
9.999999999999994e-05,89249,,,,,,,,,
,89249,0.0008315667510032654,6.923341425135732e-05,0.0005393893225118518,0.00013405908248387277,8.853865438140929e-05,3.463184157226351e-07,41.0,1257,
9.999999999999994e-05,89299,,,,,,,,,
9.999999999999994e-05,89299,,,,,,,,,
9.999999999999994e-05,89299,,,,,,,,,
,89299,0.001601100666448474,0.00031050751567818224,0.0009846498724073172,0.00016765546752139926,0.0001379191962769255,3.6870758890472644e-07,41.0,1257,
,89317,,,,,,,,1257,0.027041617780923843
9.999999999999994e-05,89349,,,,,,,,,
9.999999999999994e-05,89349,,,,,,,,,
9.999999999999994e-05,89349,,,,,,,,,
,89349,0.0008162307203747332,0.00011839753278763965,0.000437494192738086,0.00015848400653339922,0.00010158904478885233,2.6593187385515193e-07,41.0,1258,
,89388,,,,,,,,1258,0.02714516967535019
9.999999999999994e-05,89399,,,,,,,,,
9.999999999999994e-05,89399,,,,,,,,,
9.999999999999994e-05,89399,,,,,,,,,
,89399,0.0012617128668352962,5.5541742767672986e-05,0.0009199962951242924,0.00017063367704395205,0.00011511299817357212,4.281747578716022e-07,41.0,1259,
9.999999999999994e-05,89449,,,,,,,,,
9.999999999999994e-05,89449,,,,,,,,,
9.999999999999994e-05,89449,,,,,,,,,
,89449,0.0018784558633342385,0.00026766161317937076,0.0010732627706602216,0.00028173794271424413,0.00025535811437293887,4.3523920112420456e-07,41.0,1259,
,89459,,,,,,,,1259,0.02744065225124359
9.999999999999994e-05,89499,,,,,,,,,
9.999999999999994e-05,89499,,,,,,,,,
9.999999999999994e-05,89499,,,,,,,,,
,89499,0.0027614361606538296,2.1747946448158473e-05,0.0020095976069569588,0.0004233790677972138,0.0003059981972910464,7.134156021493254e-07,41.0,1260,
,89530,,,,,,,,1260,0.027379408478736877
9.999999999999994e-05,89549,,,,,,,,,
9.999999999999994e-05,89549,,,,,,,,,
9.999999999999994e-05,89549,,,,,,,,,
,89549,0.0016744869062677026,4.764990444527939e-05,0.0010884152725338936,0.00030544010223820806,0.0002323985390830785,5.8314412854088e-07,41.0,1261,
9.999999999999994e-05,89599,,,,,,,,,
9.999999999999994e-05,89599,,,,,,,,,
9.999999999999994e-05,89599,,,,,,,,,
,89599,0.001264771563000977,5.434440026874654e-05,0.0009499823208898306,0.00014642240421380848,0.00011377590271877125,2.464565511672845e-07,41.0,1261,
,89601,,,,,,,,1261,0.02697051130235195
9.999999999999994e-05,89649,,,,,,,,,
9.999999999999994e-05,89649,,,,,,,,,
9.999999999999994e-05,89649,,,,,,,,,
,89649,0.0021342176478356123,0.00012223167868796736,0.0016083564842119813,0.00020077083900105208,0.00020251760724931955,3.41086064281626e-07,41.0,1262,
,89672,,,,,,,,1262,0.02738882787525654
9.999999999999994e-05,89699,,,,,,,,,
9.999999999999994e-05,89699,,,,,,,,,
9.999999999999994e-05,89699,,,,,,,,,
,89699,0.0023966773878782988,0.0004422360798344016,0.0011657248251140118,0.00044936558697372675,0.00033855915535241365,7.918711162346881e-07,41.0,1263,
,89743,,,,,,,,1263,0.027765464037656784
9.999999999999994e-05,89749,,,,,,,,,
9.999999999999994e-05,89749,,,,,,,,,
9.999999999999994e-05,89749,,,,,,,,,
,89749,0.0026298619341105223,0.0002979408309329301,0.0018438370898365974,0.0002801922964863479,0.00020718289306387305,7.086503046593862e-07,41.0,1264,
9.999999999999994e-05,89799,,,,,,,,,
9.999999999999994e-05,89799,,,,,,,,,
9.999999999999994e-05,89799,,,,,,,,,
,89799,0.0018204139778390527,2.4932684027589858e-05,0.0013041694182902575,0.0002721027994994074,0.00021832385391462594,8.851642974150309e-07,41.0,1264,
,89814,,,,,,,,1264,0.027498295530676842
9.999999999999994e-05,89849,,,,,,,,,
9.999999999999994e-05,89849,,,,,,,,,
9.999999999999994e-05,89849,,,,,,,,,
,89849,0.001181477215141058,0.00016002669872250408,0.0007162593537941575,0.0001769363007042557,0.0001277804549317807,4.74377486625599e-07,41.0,1265,
,89885,,,,,,,,1265,0.026873812079429626
9.999999999999994e-05,89899,,,,,,,,,
9.999999999999994e-05,89899,,,,,,,,,
9.999999999999994e-05,89899,,,,,,,,,
,89899,0.0010573317995294929,1.9308812625240535e-05,0.0006864701863378286,0.0001766870846040547,0.00017451946041546762,3.4621149325175793e-07,41.0,1266,
9.999999999999994e-05,89949,,,,,,,,,
9.999999999999994e-05,89949,,,,,,,,,
9.999999999999994e-05,89949,,,,,,,,,
,89949,0.0009299218654632568,2.4603710699011572e-05,0.0006348626338876784,0.00016373867401853204,0.00010629471216816455,4.221055576181243e-07,41.0,1266,
,89956,,,,,,,,1266,0.026673389598727226
9.999999999999994e-05,89999,,,,,,,,,
9.999999999999994e-05,89999,,,,,,,,,
9.999999999999994e-05,89999,,,,,,,,,
,89999,0.0011724407086148858,0.00020754680735990405,0.0006417046533897519,0.0002018299710471183,0.00012062729365425184,7.318977282011474e-07,41.0,1267,
,90027,,,,,,,,1267,0.026981109753251076
9.999999999999994e-05,90049,,,,,,,,,
9.999999999999994e-05,90049,,,,,,,,,
9.999999999999994e-05,90049,,,,,,,,,
,90049,0.0007730708457529545,6.241777100512991e-06,0.0005879787495359778,0.00011023327533621341,6.825193122494966e-05,3.6512179235614894e-07,41.0,1268,
,90098,,,,,,,,1268,0.02679416723549366
9.999999999999994e-05,90099,,,,,,,,,
9.999999999999994e-05,90099,,,,,,,,,
9.999999999999994e-05,90099,,,,,,,,,
,90099,0.0008663664339110255,1.3912285794503987e-05,0.0005394885083660483,0.00018904139869846404,0.00012326266732998192,6.615757115469023e-07,41.0,1269,
9.999999999999994e-05,90149,,,,,,,,,
9.999999999999994e-05,90149,,,,,,,,,
9.999999999999994e-05,90149,,,,,,,,,
,90149,0.0011183470487594604,9.862886508926749e-05,0.0007970830192789435,0.00012887972116004676,9.340851829620078e-05,3.46943494378138e-07,41.0,1269,
,90169,,,,,,,,1269,0.026939257979393005
9.999999999999994e-05,90199,,,,,,,,,
9.999999999999994e-05,90199,,,,,,,,,
9.999999999999994e-05,90199,,,,,,,,,
,90199,0.0011539884144440293,1.360963869956322e-05,0.0006542552728205919,0.0002921455889008939,0.0001935353793669492,4.424391590873711e-07,41.0,1270,
,90240,,,,,,,,1270,0.027019452303647995
9.999999999999994e-05,90249,,,,,,,,,
9.999999999999994e-05,90249,,,,,,,,,
9.999999999999994e-05,90249,,,,,,,,,
,90249,0.0012683781096711755,0.00017820924404077232,0.000784984789788723,0.00018041097791865468,0.00012440237333066761,3.7082287462908425e-07,41.0,1271,
9.999999999999994e-05,90299,,,,,,,,,
9.999999999999994e-05,90299,,,,,,,,,
9.999999999999994e-05,90299,,,,,,,,,
,90299,0.0012184303486719728,0.00011149942292831838,0.000666534760966897,0.00022892614651937038,0.00021106988424435258,4.001506397344201e-07,41.0,1271,
,90311,,,,,,,,1271,0.027508258819580078
9.999999999999994e-05,90349,,,,,,,,,
9.999999999999994e-05,90349,,,,,,,,,
9.999999999999994e-05,90349,,,,,,,,,
,90349,0.0034311297349631786,0.0007827681838534772,0.0023300405591726303,0.00019002619956154376,0.00012790436448995024,3.9048055100465717e-07,41.0,1272,
,90382,,,,,,,,1272,0.026589779183268547
9.999999999999994e-05,90399,,,,,,,,,
9.999999999999994e-05,90399,,,,,,,,,
9.999999999999994e-05,90399,,,,,,,,,
,90399,0.0009287360589951277,2.061777195194736e-05,0.0006094819982536137,0.00018745730631053448,0.00011061644181609154,5.625429935207649e-07,41.0,1273,
9.999999999999994e-05,90449,,,,,,,,,
9.999999999999994e-05,90449,,,,,,,,,
9.999999999999994e-05,90449,,,,,,,,,
,90449,0.0015957425348460674,0.00028829654911533,0.0008700641337782145,0.0002178614231524989,0.00021928161731921136,2.3883936250967963e-07,41.0,1273,
,90453,,,,,,,,1273,0.026946179568767548
9.999999999999994e-05,90499,,,,,,,,,
9.999999999999994e-05,90499,,,,,,,,,
9.999999999999994e-05,90499,,,,,,,,,
,90499,0.0007782173343002796,8.368080671061762e-06,0.0005937725654803216,0.00011641425226116553,5.928500468144193e-05,3.773461685341317e-07,41.0,1274,
,90524,,,,,,,,1274,0.027519937604665756
9.999999999999994e-05,90549,,,,,,,,,
9.999999999999994e-05,90549,,,,,,,,,
9.999999999999994e-05,90549,,,,,,,,,
,90549,0.000744418881367892,8.890101162251085e-05,0.00045744795352220535,0.00012846884783357382,6.914459663676098e-05,4.564440132526215e-07,41.0,1275,
,90595,,,,,,,,1275,0.026996087282896042
9.999999999999994e-05,90599,,,,,,,,,
9.999999999999994e-05,90599,,,,,,,,,
9.999999999999994e-05,90599,,,,,,,,,
,90599,0.0017041955143213272,1.6887812307686545e-05,0.0015341659309342504,9.655671601649374e-05,5.619712101179175e-05,3.87903725140859e-07,41.0,1276,
9.999999999999994e-05,90649,,,,,,,,,
9.999999999999994e-05,90649,,,,,,,,,
9.999999999999994e-05,90649,,,,,,,,,
,90649,0.0008919382817111909,1.7792192011256702e-05,0.0005411624442785978,0.00019556106417439878,0.00012189350672997534,1.552904177515302e-05,41.0,1276,
,90666,,,,,,,,1276,0.02701125480234623
9.999999999999994e-05,90699,,,,,,,,,
9.999999999999994e-05,90699,,,,,,,,,
9.999999999999994e-05,90699,,,,,,,,,
,90699,0.0009816602105274796,3.209985152352601e-05,0.0006838408298790455,0.00015747669385746121,0.0001069145801011473,1.3282759709909442e-06,41.0,1277,
,90737,,,,,,,,1277,0.028104882687330246
9.999999999999994e-05,90749,,,,,,,,,
9.999999999999994e-05,90749,,,,,,,,,
9.999999999999994e-05,90749,,,,,,,,,
,90749,0.0019436684669926763,1.9216202417737804e-05,0.0012936212588101625,0.00035500930971466005,0.00027492130175232887,9.00382588042703e-07,41.0,1278,
9.999999999999994e-05,90799,,,,,,,,,
9.999999999999994e-05,90799,,,,,,,,,
9.999999999999994e-05,90799,,,,,,,,,
,90799,0.001480508828535676,0.00026877730851992965,0.0009187278337776661,0.00017433517496101558,0.00011827627167804167,3.922152984614513e-07,41.0,1278,
,90808,,,,,,,,1278,0.02689426578581333
9.999999999999994e-05,90849,,,,,,,,,
9.999999999999994e-05,90849,,,,,,,,,
9.999999999999994e-05,90849,,,,,,,,,
,90849,0.001701576984487474,1.0593688784865662e-05,0.001028453465551138,0.0003709650773089379,0.00029074528720229864,8.194488714252657e-07,41.0,1279,
,90879,,,,,,,,1279,0.027109486982226372
9.999999999999994e-05,90899,,,,,,,,,
9.999999999999994e-05,90899,,,,,,,,,
9.999999999999994e-05,90899,,,,,,,,,
,90899,0.0009050982189364731,9.463437891099602e-05,0.0006557847373187542,8.899722888600081e-05,5.585371036431752e-05,9.828190741245635e-06,41.0,1280,
9.999999999999994e-05,90949,,,,,,,,,
9.999999999999994e-05,90949,,,,,,,,,
9.999999999999994e-05,90949,,,,,,,,,
,90949,0.0011199425207450986,7.40977338864468e-05,0.0008118555415421724,0.00014084213762544096,9.275332558900118e-05,3.938397696856555e-07,41.0,1280,
,90950,,,,,,,,1280,0.02724737487733364
9.999999999999994e-05,90999,,,,,,,,,
9.999999999999994e-05,90999,,,,,,,,,
9.999999999999994e-05,90999,,,,,,,,,
,90999,0.0010520309442654252,0.0001301420124946162,0.0006825256277807057,0.00014617653505411,9.226669499184936e-05,9.200648491969332e-07,41.0,1281,
,91021,,,,,,,,1281,0.027199868112802505
9.999999999999994e-05,91049,,,,,,,,,
9.999999999999994e-05,91049,,,,,,,,,
9.999999999999994e-05,91049,,,,,,,,,
,91049,0.0014223817270249128,0.0005040635587647557,0.0006395677337422967,0.00013706934987567365,8.58852217788808e-05,5.579585922532715e-05,41.0,1282,
,91092,,,,,,,,1282,0.027085132896900177
9.999999999999994e-05,91099,,,,,,,,,
9.999999999999994e-05,91099,,,,,,,,,
9.999999999999994e-05,91099,,,,,,,,,
,91099,0.0015752854524180293,1.2923725989821833e-05,0.0007848253007978201,0.00018301064847037196,0.00016720290295779705,0.0004273227823432535,41.0,1283,
9.999999999999994e-05,91149,,,,,,,,,
9.999999999999994e-05,91149,,,,,,,,,
9.999999999999994e-05,91149,,,,,,,,,
,91149,0.000950489251408726,1.8888262275140733e-05,0.0005887195584364235,0.0001658382680034265,0.0001358945737592876,4.114858529646881e-05,41.0,1283,
,91163,,,,,,,,1283,0.02765565738081932
9.999999999999994e-05,91199,,,,,,,,,
9.999999999999994e-05,91199,,,,,,,,,
9.999999999999994e-05,91199,,,,,,,,,
,91199,0.002478240989148617,0.00020100321853533387,0.0018516774289309978,0.00023177333059720695,0.0001918500056490302,1.9371607322682394e-06,41.0,1284,
,91234,,,,,,,,1284,0.02698351815342903
9.999999999999994e-05,91249,,,,,,,,,
9.999999999999994e-05,91249,,,,,,,,,
9.999999999999994e-05,91249,,,,,,,,,
,91249,0.0026248195208609104,0.0002752506115939468,0.001421119668520987,0.0004867547540925443,0.0004406186635605991,1.0756449455584516e-06,41.0,1285,
9.999999999999994e-05,91299,,,,,,,,,
9.999999999999994e-05,91299,,,,,,,,,
9.999999999999994e-05,91299,,,,,,,,,
,91299,0.0024677603505551815,0.0001851047418313101,0.0014747274108231068,0.00045701334602199495,0.00035035007749684155,5.648953447234817e-07,42.0,1285,
,91305,,,,,,,,1285,0.02752763405442238
9.999999999999994e-05,91349,,,,,,,,,
9.999999999999994e-05,91349,,,,,,,,,
9.999999999999994e-05,91349,,,,,,,,,
,91349,0.001620908617042005,0.00010051950084744021,0.0011277389712631702,0.0002267801173729822,0.00016532524023205042,5.447726039164991e-07,42.0,1286,
,91376,,,,,,,,1286,0.0270809568464756
9.999999999999994e-05,91399,,,,,,,,,
9.999999999999994e-05,91399,,,,,,,,,
9.999999999999994e-05,91399,,,,,,,,,
,91399,0.001071740174666047,2.087219399982132e-05,0.0008636341663077474,0.00011276435543550178,7.410651596728712e-05,3.6297632277637604e-07,42.0,1287,
,91447,,,,,,,,1287,0.026695581153035164
9.999999999999994e-05,91449,,,,,,,,,
9.999999999999994e-05,91449,,,,,,,,,
9.999999999999994e-05,91449,,,,,,,,,
,91449,0.0009369560866616666,0.0001313513785135001,0.0006692808819934726,0.00011620149598456919,1.962879287020769e-05,4.935573656439374e-07,42.0,1288,
9.999999999999994e-05,91499,,,,,,,,,
9.999999999999994e-05,91499,,,,,,,,,
9.999999999999994e-05,91499,,,,,,,,,
,91499,0.0007048233528621495,0.00010637829836923629,0.00044140720274299383,9.21782775549218e-05,6.44577230559662e-05,4.0185389593716536e-07,42.0,1288,
,91518,,,,,,,,1288,0.027161378413438797
9.999999999999994e-05,91549,,,,,,,,,
9.999999999999994e-05,91549,,,,,,,,,
9.999999999999994e-05,91549,,,,,,,,,
,91549,0.002058443846181035,0.00029512326000258327,0.0009397479007020593,0.0004100151127204299,0.0004130510496906936,5.065601840215095e-07,42.0,1289,
,91589,,,,,,,,1289,0.02668100968003273
9.999999999999994e-05,91599,,,,,,,,,
9.999999999999994e-05,91599,,,,,,,,,
9.999999999999994e-05,91599,,,,,,,,,
,91599,0.0018267814302816987,8.399954822380096e-06,0.001464821514673531,0.0001877350441645831,0.00016545719699934125,3.6779158563149394e-07,42.0,1290,
9.999999999999994e-05,91649,,,,,,,,,
9.999999999999994e-05,91649,,,,,,,,,
9.999999999999994e-05,91649,,,,,,,,,
,91649,0.005472275428473949,2.028782182605937e-05,0.004530721344053745,0.00044396682642400265,0.0004768912331201136,4.07916871836278e-07,42.0,1290,
,91660,,,,,,,,1290,0.026824241504073143
9.999999999999994e-05,91699,,,,,,,,,
9.999999999999994e-05,91699,,,,,,,,,
9.999999999999994e-05,91699,,,,,,,,,
,91699,0.0012335252249613404,0.00012868638441432267,0.0008053568890318274,0.00016847533697728068,0.00013068960106465966,3.1699016744823894e-07,42.0,1291,
,91731,,,,,,,,1291,0.0270595233887434
9.999999999999994e-05,91749,,,,,,,,,
9.999999999999994e-05,91749,,,,,,,,,
9.999999999999994e-05,91749,,,,,,,,,
,91749,0.0014194065006449819,1.94806470972253e-05,0.001045116689056158,0.00020584218145813793,0.0001485409156884998,4.2610338368831435e-07,42.0,1292,
9.999999999999994e-05,91799,,,,,,,,,
9.999999999999994e-05,91799,,,,,,,,,
9.999999999999994e-05,91799,,,,,,,,,
,91799,0.0012988550588488579,8.901122055249289e-05,0.0009011943475343287,0.00019522369257174432,0.00011283086496405303,5.948762122898188e-07,42.0,1292,
,91802,,,,,,,,1292,0.027938025072216988
9.999999999999994e-05,91849,,,,,,,,,
9.999999999999994e-05,91849,,,,,,,,,
9.999999999999994e-05,91849,,,,,,,,,
,91849,0.00205606734380126,1.159264866146259e-05,0.001680879620835185,0.00021388608729466796,0.00014931338955648243,3.9564875464748184e-07,42.0,1293,
,91873,,,,,,,,1293,0.027117092162370682
9.999999999999994e-05,91899,,,,,,,,,
9.999999999999994e-05,91899,,,,,,,,,
9.999999999999994e-05,91899,,,,,,,,,
,91899,0.00157587428111583,0.00024109950754791498,0.0010008133249357343,0.00020053383195772767,0.00013302010484039783,4.0754861174718826e-07,42.0,1294,
,91944,,,,,,,,1294,0.026800189167261124
9.999999999999994e-05,91949,,,,,,,,,
9.999999999999994e-05,91949,,,,,,,,,
9.999999999999994e-05,91949,,,,,,,,,
,91949,0.002693853573873639,0.00020014897745568305,0.002110136207193136,0.00020621810108423233,0.0001769862719811499,3.640389820702694e-07,42.0,1295,
9.999999999999994e-05,91999,,,,,,,,,
9.999999999999994e-05,91999,,,,,,,,,
9.999999999999994e-05,91999,,,,,,,,,
,91999,0.002334948629140854,0.00018064242613036186,0.0014605028554797173,0.0003547529340721667,0.0003387037431821227,3.4648709856810456e-07,42.0,1295,
,92015,,,,,,,,1295,0.02694373019039631
9.999999999999994e-05,92049,,,,,,,,,
9.999999999999994e-05,92049,,,,,,,,,
9.999999999999994e-05,92049,,,,,,,,,
,92049,0.0010856147855520248,2.115760617016349e-05,0.000728461891412735,0.00017852250311989337,0.0001572237815707922,2.49020985165771e-07,42.0,1296,
,92086,,,,,,,,1296,0.027109263464808464
9.999999999999994e-05,92099,,,,,,,,,
9.999999999999994e-05,92099,,,,,,,,,
9.999999999999994e-05,92099,,,,,,,,,
,92099,0.0024476253893226385,0.00041237223194912076,0.0015078894793987274,0.00027882299036718905,0.00024791742907837033,6.232082228052604e-07,42.0,1297,
9.999999999999994e-05,92149,,,,,,,,,
9.999999999999994e-05,92149,,,,,,,,,
9.999999999999994e-05,92149,,,,,,,,,
,92149,0.0017200667643919587,0.00012279591464903206,0.001191973453387618,0.00022167724091559649,0.0001832068810472265,4.132593574013299e-07,42.0,1297,
,92157,,,,,,,,1297,0.027666820213198662
9.999999999999994e-05,92199,,,,,,,,,
9.999999999999994e-05,92199,,,,,,,,,
9.999999999999994e-05,92199,,,,,,,,,
,92199,0.0014765117084607482,4.970344434696017e-06,0.0008207292994484305,0.0003711985773406923,0.0002788787242025137,7.347258019763103e-07,42.0,1298,
,92228,,,,,,,,1298,0.027108175680041313
9.999999999999994e-05,92249,,,,,,,,,
9.999999999999994e-05,92249,,,,,,,,,
9.999999999999994e-05,92249,,,,,,,,,
,92249,0.001494000549428165,7.505555004172493e-06,0.0009746563155204058,0.0002642657491378486,0.0002449335588607937,2.6393140615255106e-06,42.0,1299,
9.999999999999994e-05,92299,,,,,,,,,
,92299,0.0025149215944111347,6.537841727549676e-06,0.0020871052984148264,0.0002465984725859016,0.00017263936751987785,2.040673734882148e-06,42.0,1299,
,92299,,,,,,,,1299,0.027128208428621292
9.999999999999994e-05,92349,,,,,,,,,
9.999999999999994e-05,92349,,,,,,,,,
9.999999999999994e-05,92349,,,,,,,,,
,92349,0.0011907722800970078,0.00019062096544075757,0.0006607490358874202,0.00020269854576326907,0.00013390311505645514,2.8005451895296574e-06,42.0,1300,
,92370,,,,,,,,1300,0.02731580100953579
9.999999999999994e-05,92399,,,,,,,,,
9.999999999999994e-05,92399,,,,,,,,,
9.999999999999994e-05,92399,,,,,,,,,
,92399,0.002321007661521435,0.00019519483612384647,0.0017008261056616902,0.00024299765937030315,0.0001807814696803689,1.2074389132976648e-06,42.0,1301,
,92441,,,,,,,,1301,0.0266575887799263
9.999999999999994e-05,92449,,,,,,,,,
9.999999999999994e-05,92449,,,,,,,,,
9.999999999999994e-05,92449,,,,,,,,,
,92449,0.0010920262429863214,0.00017824137466959655,0.0005828983848914504,0.00020123485592193902,0.0001289577194256708,6.939112040527107e-07,42.0,1302,
9.999999999999994e-05,92499,,,,,,,,,
9.999999999999994e-05,92499,,,,,,,,,
9.999999999999994e-05,92499,,,,,,,,,
,92499,0.0014618848217651248,3.5353616112843156e-05,0.0010172217153012753,0.00023182725999504328,0.00017457391368225217,2.9084048946970142e-06,42.0,1302,
,92512,,,,,,,,1302,0.028726287186145782
9.999999999999994e-05,92549,,,,,,,,,
9.999999999999994e-05,92549,,,,,,,,,
9.999999999999994e-05,92549,,,,,,,,,
,92549,0.0036406756844371557,0.0005412364844232798,0.0023968685418367386,0.0003783104766625911,0.00032310059759765863,1.1596584954531863e-06,42.0,1303,
,92583,,,,,,,,1303,0.027341412380337715
9.999999999999994e-05,92599,,,,,,,,,
9.999999999999994e-05,92599,,,,,,,,,
9.999999999999994e-05,92599,,,,,,,,,
,92599,0.0012017638655379415,0.0001885715901153162,0.0005911414045840502,0.0002475738001521677,0.0001737705897539854,7.065265208439087e-07,42.0,1304,
9.999999999999994e-05,92649,,,,,,,,,
9.999999999999994e-05,92649,,,,,,,,,
9.999999999999994e-05,92649,,,,,,,,,
,92649,0.0013475858140736818,3.316747461212799e-05,0.0008614120888523757,0.0002488106256350875,0.00020356455934233963,6.3104073433351e-07,42.0,1304,
,92654,,,,,,,,1304,0.026926273480057716
9.999999999999994e-05,92699,,,,,,,,,
9.999999999999994e-05,92699,,,,,,,,,
9.999999999999994e-05,92699,,,,,,,,,
,92699,0.0009651738218963146,0.00013342188321985304,0.0006089942180551589,0.0001365245843771845,8.531848288839683e-05,9.146472734755662e-07,42.0,1305,
,92725,,,,,,,,1305,0.027331776916980743
9.999999999999994e-05,92749,,,,,,,,,
9.999999999999994e-05,92749,,,,,,,,,
9.999999999999994e-05,92749,,,,,,,,,
,92749,0.0009258473291993141,0.0001859453768702224,0.00047946517588570714,0.00018397127860225737,7.559705409221351e-05,8.684480121701199e-07,42.0,1306,
,92796,,,,,,,,1306,0.0266193225979805
9.999999999999994e-05,92799,,,,,,,,,
9.999999999999994e-05,92799,,,,,,,,,
9.999999999999994e-05,92799,,,,,,,,,
,92799,0.0012844582088291645,0.00023640174185857177,0.00064114760607481,0.0002590385847724974,0.00014716728765051812,7.030814117570117e-07,42.0,1307,
9.999999999999994e-05,92849,,,,,,,,,
9.999999999999994e-05,92849,,,,,,,,,
9.999999999999994e-05,92849,,,,,,,,,
,92849,0.005945645272731781,3.3270553103648126e-05,0.005345839075744152,0.0004480282950680703,0.00011814172466984019,3.6577813489202526e-07,42.0,1307,
,92867,,,,,,,,1307,0.0271685179322958
9.999999999999994e-05,92899,,,,,,,,,
9.999999999999994e-05,92899,,,,,,,,,
9.999999999999994e-05,92899,,,,,,,,,
,92899,0.0017895681085065007,3.573635331122205e-05,0.0013328242348507047,0.0002518869878258556,0.00016800378216430545,1.1168148148499313e-06,42.0,1308,
,92938,,,,,,,,1308,0.027121922001242638
9.999999999999994e-05,92949,,,,,,,,,
9.999999999999994e-05,92949,,,,,,,,,
9.999999999999994e-05,92949,,,,,,,,,
,92949,0.0007079566712491214,8.358886407222599e-05,0.0004356329736765474,0.00010785696213133633,8.04126902949065e-05,4.65117011572147e-07,42.0,1309,
9.999999999999994e-05,92999,,,,,,,,,
9.999999999999994e-05,92999,,,,,,,,,
9.999999999999994e-05,92999,,,,,,,,,
,92999,0.0016285773599520326,3.8086298445705324e-05,0.0011882544495165348,0.00021707642008550465,0.00018442102009430528,7.39134009108966e-07,42.0,1309,
,93009,,,,,,,,1309,0.02671312913298607
9.999999999999994e-05,93049,,,,,,,,,
9.999999999999994e-05,93049,,,,,,,,,
9.999999999999994e-05,93049,,,,,,,,,
,93049,0.0013504682574421167,4.0334954974241555e-05,0.0009176413295790553,0.0001969943114090711,0.00019494909793138504,5.485609335664776e-07,42.0,1310,
,93080,,,,,,,,1310,0.027208920568227768
9.999999999999994e-05,93099,,,,,,,,,
9.999999999999994e-05,93099,,,,,,,,,
9.999999999999994e-05,93099,,,,,,,,,
,93099,0.0018239098135381937,0.00022087819525040686,0.0013107741251587868,0.00017162959557026625,0.00012015787797281519,4.700546014646534e-07,42.0,1311,
9.999999999999994e-05,93149,,,,,,,,,
9.999999999999994e-05,93149,,,,,,,,,
9.999999999999994e-05,93149,,,,,,,,,
,93149,0.001518147299066186,0.00015444114978890866,0.0008650733507238328,0.0002179603325203061,0.00019866102957166731,8.201148739317432e-05,42.0,1311,
,93151,,,,,,,,1311,0.02692396566271782
9.999999999999994e-05,93199,,,,,,,,,
9.999999999999994e-05,93199,,,,,,,,,
9.999999999999994e-05,93199,,,,,,,,,
,93199,0.001007154700346291,0.00012207613326609135,0.00056708964984864,0.00012964756751898676,9.725142444949597e-05,9.108997619478032e-05,42.0,1312,
,93222,,,,,,,,1312,0.026802513748407364
9.999999999999994e-05,93249,,,,,,,,,
9.999999999999994e-05,93249,,,,,,,,,
9.999999999999994e-05,93249,,,,,,,,,
,93249,0.0009704899857752025,7.309144621103769e-06,0.0006555189611390233,0.00015769262972753495,0.0001136876962846145,3.6281533539295197e-05,42.0,1313,
,93293,,,,,,,,1313,0.02702762372791767
9.999999999999994e-05,93299,,,,,,,,,
9.999999999999994e-05,93299,,,,,,,,,
9.999999999999994e-05,93299,,,,,,,,,
,93299,0.0013934499584138393,0.0002239247114630416,0.0007795918500050902,0.00022428197553381324,0.00015967368381097913,5.9776430134661496e-06,42.0,1314,
9.999999999999994e-05,93349,,,,,,,,,
9.999999999999994e-05,93349,,,,,,,,,
9.999999999999994e-05,93349,,,,,,,,,
,93349,0.0008577167172916234,8.634561709186528e-06,0.0005501889972947538,0.00019505858654156327,0.00010272143117617816,1.1131040764666977e-06,42.0,1314,
,93364,,,,,,,,1314,0.027379631996154785
9.999999999999994e-05,93399,,,,,,,,,
9.999999999999994e-05,93399,,,,,,,,,
9.999999999999994e-05,93399,,,,,,,,,
,93399,0.0012291953898966312,0.00019874455756507814,0.0006774512585252523,0.00022663921117782593,0.0001257259864360094,6.342995106933813e-07,42.0,1315,
,93435,,,,,,,,1315,0.0277872271835804
9.999999999999994e-05,93449,,,,,,,,,
9.999999999999994e-05,93449,,,,,,,,,
9.999999999999994e-05,93449,,,,,,,,,
,93449,0.0015108451480045915,0.0002527098695281893,0.000813618884421885,0.0002754979650489986,0.00016838550800457597,6.330039923341246e-07,42.0,1316,
9.999999999999994e-05,93499,,,,,,,,,
9.999999999999994e-05,93499,,,,,,,,,
9.999999999999994e-05,93499,,,,,,,,,
,93499,0.0008875422645360231,5.515490920515731e-05,0.00048605151823721826,0.00021269582794047892,0.00013304699677973986,5.930414772592485e-07,42.0,1316,
,93506,,,,,,,,1316,0.02726217359304428
9.999999999999994e-05,93549,,,,,,,,,
9.999999999999994e-05,93549,,,,,,,,,
9.999999999999994e-05,93549,,,,,,,,,
,93549,0.0008924789144657552,3.222290160920238e-06,0.0007080199429765344,0.00010561183444224298,7.532154268119484e-05,3.032953088677459e-07,42.0,1317,
,93577,,,,,,,,1317,0.027137037366628647
9.999999999999994e-05,93599,,,,,,,,,
9.999999999999994e-05,93599,,,,,,,,,
9.999999999999994e-05,93599,,,,,,,,,
,93599,0.0016747746849432588,0.0002809923607856035,0.0010316508123651147,0.00019806073396466672,0.00016371210222132504,3.5862345271198137e-07,42.0,1318,
,93648,,,,,,,,1318,0.02751590684056282
9.999999999999994e-05,93649,,,,,,,,,
9.999999999999994e-05,93649,,,,,,,,,
9.999999999999994e-05,93649,,,,,,,,,
,93649,0.0013241964625194669,0.00021442964498419315,0.0007134043262340128,0.0002449972089380026,0.00015091654495336115,4.488282741021976e-07,42.0,1319,
9.999999999999994e-05,93699,,,,,,,,,
9.999999999999994e-05,93699,,,,,,,,,
9.999999999999994e-05,93699,,,,,,,,,
,93699,0.0013556514168158174,0.00022313633235171437,0.0006826752796769142,0.00026542527484707534,0.00018382725829724222,5.873427539881959e-07,42.0,1319,
,93719,,,,,,,,1319,0.02614568918943405
9.999999999999994e-05,93749,,,,,,,,,
9.999999999999994e-05,93749,,,,,,,,,
9.999999999999994e-05,93749,,,,,,,,,
,93749,0.0015041804872453213,1.4591675608244259e-05,0.0008992314105853438,0.00036069913767278194,0.00022920170158613473,4.5661687408937723e-07,42.0,1320,
,93790,,,,,,,,1320,0.027052296325564384
9.999999999999994e-05,93799,,,,,,,,,
9.999999999999994e-05,93799,,,,,,,,,
9.999999999999994e-05,93799,,,,,,,,,
,93799,0.0013588143046945333,0.00026629422791302204,0.000685691658873111,0.00025558879133313894,0.00015068995708134025,5.495942332345294e-07,42.0,1321,
9.999999999999994e-05,93849,,,,,,,,,
9.999999999999994e-05,93849,,,,,,,,,
9.999999999999994e-05,93849,,,,,,,,,
,93849,0.001472671632654965,0.00014857751375529915,0.0010121314553543925,0.00019213935593143106,0.00011945035657845438,3.7303851740944083e-07,42.0,1321,
,93861,,,,,,,,1321,0.027127958834171295
9.999999999999994e-05,93899,,,,,,,,,
9.999999999999994e-05,93899,,,,,,,,,
9.999999999999994e-05,93899,,,,,,,,,
,93899,0.0011950298212468624,2.9836697649443522e-05,0.0008528819889761508,0.0001896568137453869,0.00012219915515743196,4.5506286028285103e-07,42.0,1322,
,93932,,,,,,,,1322,0.027638116851449013
9.999999999999994e-05,93949,,,,,,,,,
9.999999999999994e-05,93949,,,,,,,,,
9.999999999999994e-05,93949,,,,,,,,,
,93949,0.002065676962956786,0.00011209885269636288,0.0015110293170437217,0.00025330905918963253,0.00018886488396674395,3.748015160454088e-07,42.0,1323,
9.999999999999994e-05,93999,,,,,,,,,
9.999999999999994e-05,93999,,,,,,,,,
9.999999999999994e-05,93999,,,,,,,,,
,93999,0.002450757659971714,0.00040024463669396937,0.0016989954747259617,0.0002285188966197893,0.0001222714490722865,7.270331821018772e-07,42.0,1323,
,94003,,,,,,,,1323,0.027713844552636147
9.999999999999994e-05,94049,,,,,,,,,
9.999999999999994e-05,94049,,,,,,,,,
9.999999999999994e-05,94049,,,,,,,,,
,94049,0.001751441159285605,6.185389793245122e-05,0.0011564455926418304,0.00029192905640229583,0.00024085649056360126,3.561647758942854e-07,42.0,1324,
,94074,,,,,,,,1324,0.026967251673340797
9.999999999999994e-05,94099,,,,,,,,,
9.999999999999994e-05,94099,,,,,,,,,
9.999999999999994e-05,94099,,,,,,,,,
,94099,0.0011200832668691874,5.288142347126268e-06,0.0008628794457763433,0.00014649309741798788,0.00010516941256355494,2.5315279117421596e-07,42.0,1325,
,94145,,,,,,,,1325,0.027069291099905968
9.999999999999994e-05,94149,,,,,,,,,
9.999999999999994e-05,94149,,,,,,,,,
9.999999999999994e-05,94149,,,,,,,,,
,94149,0.0012394211953505874,3.0120136216282845e-05,0.0008211955428123474,0.0002538259432185441,0.0001319374277954921,2.3422044250764884e-06,42.0,1326,
9.999999999999994e-05,94199,,,,,,,,,
9.999999999999994e-05,94199,,,,,,,,,
9.999999999999994e-05,94199,,,,,,,,,
,94199,0.0009319028467871249,7.608747182530351e-06,0.0007408142555505037,0.00010821211617439985,7.451135024894029e-05,7.563815529465501e-07,42.0,1326,
,94216,,,,,,,,1326,0.02784774638712406
9.999999999999994e-05,94249,,,,,,,,,
9.999999999999994e-05,94249,,,,,,,,,
9.999999999999994e-05,94249,,,,,,,,,
,94249,0.0010016073938459158,3.7920294744253624e-06,0.0006581000634469092,0.00018294365145266056,0.00015103013720363379,5.741541372117354e-06,42.0,1327,
,94287,,,,,,,,1327,0.027204208076000214
9.999999999999994e-05,94299,,,,,,,,,
9.999999999999994e-05,94299,,,,,,,,,
9.999999999999994e-05,94299,,,,,,,,,
,94299,0.0008142452570609748,1.1910401553905103e-05,0.0006149077089503407,8.344277739524841e-05,5.945740849711001e-05,4.452696521184407e-05,42.0,1328,
9.999999999999994e-05,94349,,,,,,,,,
9.999999999999994e-05,94349,,,,,,,,,
9.999999999999994e-05,94349,,,,,,,,,
,94349,0.0010891896672546864,1.9889364921255037e-05,0.0006678494391962886,0.00019997594063170254,0.00017102032143156976,3.045456287509296e-05,42.0,1328,
,94358,,,,,,,,1328,0.027016406878829002
9.999999999999994e-05,94399,,,,,,,,,
9.999999999999994e-05,94399,,,,,,,,,
9.999999999999994e-05,94399,,,,,,,,,
,94399,0.0007798331207595766,1.326097481069155e-05,0.0005879536038264632,0.00010726008622441441,6.936509453225881e-05,1.9933731891796924e-06,42.0,1329,
,94429,,,,,,,,1329,0.027030199766159058
9.999999999999994e-05,94449,,,,,,,,,
9.999999999999994e-05,94449,,,,,,,,,
9.999999999999994e-05,94449,,,,,,,,,
,94449,0.0013118974165990949,4.225290012982441e-06,0.001132151111960411,0.00011006811837432906,6.501938332803547e-05,4.334879122325219e-07,42.0,1330,
9.999999999999994e-05,94499,,,,,,,,,
9.999999999999994e-05,94499,,,,,,,,,
9.999999999999994e-05,94499,,,,,,,,,
,94499,0.0010091139702126384,9.358153329230845e-05,0.0006676616612821817,0.0001226241874974221,0.00012488241191022098,3.641680450527929e-07,42.0,1330,
,94500,,,,,,,,1330,0.026715904474258423
9.999999999999994e-05,94549,,,,,,,,,
9.999999999999994e-05,94549,,,,,,,,,
9.999999999999994e-05,94549,,,,,,,,,
,94549,0.000686568848323077,3.413872036617249e-05,0.00047681256546638906,9.9135548225604e-05,7.62461349950172e-05,2.3585405983794772e-07,42.0,1331,
,94571,,,,,,,,1331,0.027427617460489273
9.999999999999994e-05,94599,,,,,,,,,
9.999999999999994e-05,94599,,,,,,,,,
9.999999999999994e-05,94599,,,,,,,,,
,94599,0.0008098941179923713,0.00019411701941862702,0.00039775314508005977,0.00012859981507062912,8.900339889805764e-05,4.2074771045008674e-07,42.0,1332,
,94642,,,,,,,,1332,0.026895897462964058
9.999999999999994e-05,94649,,,,,,,,,
9.999999999999994e-05,94649,,,,,,,,,
9.999999999999994e-05,94649,,,,,,,,,
,94649,0.0013369880616664886,0.00017874180048238486,0.0007455972372554243,0.0002406270505161956,0.0001716013066470623,4.20594062688906e-07,42.0,1333,
9.999999999999994e-05,94699,,,,,,,,,
9.999999999999994e-05,94699,,,,,,,,,
9.999999999999994e-05,94699,,,,,,,,,
,94699,0.0010330681689083576,1.9275263184681535e-05,0.0007931930013000965,0.0001205158987431787,9.974995191441849e-05,3.341667422773753e-07,42.0,1333,
,94713,,,,,,,,1333,0.02779717929661274
9.999999999999994e-05,94749,,,,,,,,,
9.999999999999994e-05,94749,,,,,,,,,
9.999999999999994e-05,94749,,,,,,,,,
,94749,0.00227882107719779,0.00023139367112889886,0.0017020817613229156,0.00019192106265109032,0.00015306730347219855,3.570682451936591e-07,42.0,1334,
,94784,,,,,,,,1334,0.027417371049523354
9.999999999999994e-05,94799,,,,,,,,,
9.999999999999994e-05,94799,,,,,,,,,
9.999999999999994e-05,94799,,,,,,,,,
,94799,0.002722152741625905,0.0003957637236453593,0.0017387251136824489,0.0003607632825151086,0.0002265402436023578,3.6034140293850214e-07,42.0,1335,
9.999999999999994e-05,94849,,,,,,,,,
9.999999999999994e-05,94849,,,,,,,,,
9.999999999999994e-05,94849,,,,,,,,,
,94849,0.0015472020022571087,0.0003393409715499729,0.0007355767302215099,0.0002794447063934058,0.00019206697470508516,7.725009822934226e-07,42.0,1335,
,94855,,,,,,,,1335,0.02656487561762333
9.999999999999994e-05,94899,,,,,,,,,
9.999999999999994e-05,94899,,,,,,,,,
9.999999999999994e-05,94899,,,,,,,,,
,94899,0.002444281242787838,3.1822863093111664e-05,0.0017956069204956293,0.0003094879211857915,0.00030699180206283927,3.7167185951147985e-07,42.0,1336,
,94926,,,,,,,,1336,0.026756571605801582
9.999999999999994e-05,94949,,,,,,,,,
9.999999999999994e-05,94949,,,,,,,,,
9.999999999999994e-05,94949,,,,,,,,,
,94949,0.0014644213952124119,0.00024344769190065563,0.0008030983153730631,0.0002315405145054683,0.00018559499585535377,7.398052161988744e-07,42.0,1337,
,94997,,,,,,,,1337,0.026994898915290833
9.999999999999994e-05,94999,,,,,,,,,
9.999999999999994e-05,94999,,,,,,,,,
9.999999999999994e-05,94999,,,,,,,,,
,94999,0.0013908396940678358,0.0006285764393396676,0.0005016714567318559,0.00014741432096343488,0.00011279487807769328,3.8253750744843273e-07,42.0,1338,
9.999999999999994e-05,95049,,,,,,,,,
9.999999999999994e-05,95049,,,,,,,,,
9.999999999999994e-05,95049,,,,,,,,,
,95049,0.0011926910374313593,3.306774306111038e-05,0.0009022390004247427,0.00015091520617716014,0.00010610529716359451,3.6372418321661826e-07,42.0,1338,
,95068,,,,,,,,1338,0.026821259409189224
9.999999999999994e-05,95099,,,,,,,,,
9.999999999999994e-05,95099,,,,,,,,,
9.999999999999994e-05,95099,,,,,,,,,
,95099,0.0011287385132163763,8.364616405742709e-06,0.0008291441481560469,0.0001840602490119636,0.00010652458877302706,6.448827889471431e-07,42.0,1339,
,95139,,,,,,,,1339,0.027287853881716728
9.999999999999994e-05,95149,,,,,,,,,
9.999999999999994e-05,95149,,,,,,,,,
9.999999999999994e-05,95149,,,,,,,,,
,95149,0.0009967233054339886,5.5716445785947144e-05,0.000668784836307168,0.00017061832477338612,0.00010117355122929439,4.3018837914132746e-07,42.0,1340,
9.999999999999994e-05,95199,,,,,,,,,
9.999999999999994e-05,95199,,,,,,,,,
9.999999999999994e-05,95199,,,,,,,,,
,95199,0.0011145640164613724,0.00023108487948775291,0.0005512498901225626,0.00018262042431160808,0.00014923152048140764,3.7735676983174926e-07,42.0,1340,
,95210,,,,,,,,1340,0.026903841644525528
9.999999999999994e-05,95249,,,,,,,,,
9.999999999999994e-05,95249,,,,,,,,,
9.999999999999994e-05,95249,,,,,,,,,
,95249,0.001306963968090713,0.00013771498925052583,0.0009124951902776957,0.00016721434076316655,8.920329855754972e-05,3.3609725846872607e-07,42.0,1341,
,95281,,,,,,,,1341,0.02693360298871994
9.999999999999994e-05,95299,,,,,,,,,
9.999999999999994e-05,95299,,,,,,,,,
9.999999999999994e-05,95299,,,,,,,,,
,95299,0.0017039806116372347,0.00012632600555662066,0.0011512909550219774,0.00021330804156605154,0.0002125072933267802,5.483173595166591e-07,42.0,1342,
9.999999999999994e-05,95349,,,,,,,,,
9.999999999999994e-05,95349,,,,,,,,,
9.999999999999994e-05,95349,,,,,,,,,
,95349,0.0011690700193867087,1.6568379578529857e-05,0.0008744203369133174,0.00015692184388171881,0.00012068260548403487,4.768441499436449e-07,42.0,1342,
,95352,,,,,,,,1342,0.02717561647295952
9.999999999999994e-05,95399,,,,,,,,,
9.999999999999994e-05,95399,,,,,,,,,
9.999999999999994e-05,95399,,,,,,,,,
,95399,0.001152172451838851,5.824821528221946e-06,0.0007679890841245651,0.0002277415042044595,0.0001453511358704418,5.265808795229532e-06,42.0,1343,
,95423,,,,,,,,1343,0.027494272217154503
9.999999999999994e-05,95449,,,,,,,,,
9.999999999999994e-05,95449,,,,,,,,,
9.999999999999994e-05,95449,,,,,,,,,
,95449,0.000746169884223491,5.017442617827328e-06,0.0005493329372256994,9.465312177781016e-05,5.958060501143336e-05,3.758580351131968e-05,42.0,1344,
,95494,,,,,,,,1344,0.02707597054541111
9.999999999999994e-05,95499,,,,,,,,,
9.999999999999994e-05,95499,,,,,,,,,
9.999999999999994e-05,95499,,,,,,,,,
,95499,0.0008807911071926355,1.8284583347849548e-05,0.0007032578578218818,9.528972441330552e-05,6.102074621594511e-05,2.9382165394054027e-06,42.0,1345,
9.999999999999994e-05,95549,,,,,,,,,
9.999999999999994e-05,95549,,,,,,,,,
9.999999999999994e-05,95549,,,,,,,,,
,95549,0.0019281163113191724,6.239238427951932e-05,0.0013342642923817039,0.00028035498689860106,0.0002501913986634463,9.13156327442266e-07,42.0,1345,
,95565,,,,,,,,1345,0.027863241732120514
9.999999999999994e-05,95599,,,,,,,,,
9.999999999999994e-05,95599,,,,,,,,,
9.999999999999994e-05,95599,,,,,,,,,
,95599,0.001810089685022831,3.361218114150688e-05,0.001328157028183341,0.00025530558195896447,0.00019260484259575605,4.100905357518059e-07,42.0,1346,
,95636,,,,,,,,1346,0.02697701007127762
9.999999999999994e-05,95649,,,,,,,,,
9.999999999999994e-05,95649,,,,,,,,,
9.999999999999994e-05,95649,,,,,,,,,
,95649,0.00209250720217824,0.00040138725307770073,0.0013634210918098688,0.00018063822062686086,0.00014672130055259913,3.395599890154699e-07,42.0,1347,
9.999999999999994e-05,95699,,,,,,,,,
9.999999999999994e-05,95699,,,,,,,,,
9.999999999999994e-05,95699,,,,,,,,,
,95699,0.0026408792473375797,0.00024729722645133734,0.0017683901824057102,0.00033606018405407667,0.0002885792055167258,5.522897481569089e-07,42.0,1347,
,95707,,,,,,,,1347,0.027950428426265717
9.999999999999994e-05,95749,,,,,,,,,
9.999999999999994e-05,95749,,,,,,,,,
9.999999999999994e-05,95749,,,,,,,,,
,95749,0.0015459663700312376,0.0005473212222568691,0.0006556790904141963,0.00018529864610172808,0.00015717788483016193,4.895563279205817e-07,42.0,1348,
,95778,,,,,,,,1348,0.02715328335762024
9.999999999999994e-05,95799,,,,,,,,,
9.999999999999994e-05,95799,,,,,,,,,
9.999999999999994e-05,95799,,,,,,,,,
,95799,0.0014918522210791707,0.00021367688896134496,0.0009598203469067812,0.00016297402908094227,0.00015507116040680557,3.0992197252999176e-07,42.0,1349,
9.999999999999994e-05,95849,,,,,,,,,
,95849,0.001089470344595611,0.00017489722813479602,0.0005878524389117956,0.0002063926513073966,0.00011969868501182646,6.293522574196686e-07,42.0,1349,
,95849,,,,,,,,1349,0.027014590799808502
9.999999999999994e-05,95899,,,,,,,,,
9.999999999999994e-05,95899,,,,,,,,,
9.999999999999994e-05,95899,,,,,,,,,
,95899,0.0016475894954055548,3.51094058714807e-05,0.0010145283304154873,0.00030695871100760996,0.000290650874376297,3.421570511363825e-07,43.0,1350,
,95920,,,,,,,,1350,0.026457251980900764
9.999999999999994e-05,95949,,,,,,,,,
9.999999999999994e-05,95949,,,,,,,,,
9.999999999999994e-05,95949,,,,,,,,,
,95949,0.0009143845527432859,2.1277746782288887e-05,0.0006185892270877957,0.00016664483700878918,0.00010755227413028479,3.20432377520774e-07,43.0,1351,
,95991,,,,,,,,1351,0.02736596018075943
9.999999999999994e-05,95999,,,,,,,,,
9.999999999999994e-05,95999,,,,,,,,,
9.999999999999994e-05,95999,,,,,,,,,
,95999,0.001189619186334312,0.00015576681471429765,0.0006017595296725631,0.0002477274392731488,0.0001839510368881747,4.144548881868104e-07,43.0,1352,
9.999999999999994e-05,96049,,,,,,,,,
9.999999999999994e-05,96049,,,,,,,,,
9.999999999999994e-05,96049,,,,,,,,,
,96049,0.001232123002409935,0.0002503552823327482,0.0006113259587436914,0.00021602561173494905,0.0001540597149869427,3.564269661637809e-07,43.0,1352,
,96062,,,,,,,,1352,0.027131132781505585
9.999999999999994e-05,96099,,,,,,,,,
9.999999999999994e-05,96099,,,,,,,,,
9.999999999999994e-05,96099,,,,,,,,,
,96099,0.0006678947829641402,1.338022957497742e-05,0.0004710646462626755,0.00011222015018574893,7.089465361787006e-05,3.351078134983254e-07,43.0,1353,
,96133,,,,,,,,1353,0.026496432721614838
9.999999999999994e-05,96149,,,,,,,,,
9.999999999999994e-05,96149,,,,,,,,,
9.999999999999994e-05,96149,,,,,,,,,
,96149,0.00116661936044693,0.0002499312104191631,0.0007091062143445015,0.000131924549350515,7.528405694756657e-05,3.7332179658733367e-07,43.0,1354,
9.999999999999994e-05,96199,,,,,,,,,
9.999999999999994e-05,96199,,,,,,,,,
9.999999999999994e-05,96199,,,,,,,,,
,96199,0.0009505178895778954,1.4847535567241721e-05,0.0006817405810579658,0.0001597768859937787,9.361682896269485e-05,5.360167847356934e-07,43.0,1354,
,96204,,,,,,,,1354,0.027129458263516426
9.999999999999994e-05,96249,,,,,,,,,
9.999999999999994e-05,96249,,,,,,,,,
9.999999999999994e-05,96249,,,,,,,,,
,96249,0.0012323689879849553,0.00023326606606133282,0.0006655225297436118,0.000214222731301561,0.00011870794696733356,6.497663775917317e-07,43.0,1355,
,96275,,,,,,,,1355,0.026545174419879913
9.999999999999994e-05,96299,,,,,,,,,
9.999999999999994e-05,96299,,,,,,,,,
9.999999999999994e-05,96299,,,,,,,,,
,96299,0.0011693136766552925,3.6658446333603933e-05,0.0007541318191215396,0.00023494695778936148,0.00014292112609837204,6.552550644300936e-07,43.0,1356,
,96346,,,,,,,,1356,0.027214298024773598
9.999999999999994e-05,96349,,,,,,,,,
9.999999999999994e-05,96349,,,,,,,,,
9.999999999999994e-05,96349,,,,,,,,,
,96349,0.0008704631472937763,1.829511165851727e-05,0.0005987457698211074,0.000142392935231328,0.00011070678010582924,3.2255672977044014e-07,43.0,1357,
9.999999999999994e-05,96399,,,,,,,,,
9.999999999999994e-05,96399,,,,,,,,,
9.999999999999994e-05,96399,,,,,,,,,
,96399,0.0008453669142909348,0.00012351051555015147,0.000493974017444998,0.0001288666680920869,9.880772267933935e-05,2.0800231936846103e-07,43.0,1357,
,96417,,,,,,,,1357,0.026876747608184814
9.999999999999994e-05,96449,,,,,,,,,
9.999999999999994e-05,96449,,,,,,,,,
9.999999999999994e-05,96449,,,,,,,,,
,96449,0.0009299192461185157,0.00011787847324740142,0.0005770539282821119,0.00012936146231368184,0.00010531568841543049,3.096813827596634e-07,43.0,1358,
,96488,,,,,,,,1358,0.028256557881832123
9.999999999999994e-05,96499,,,,,,,,,
9.999999999999994e-05,96499,,,,,,,,,
9.999999999999994e-05,96499,,,,,,,,,
,96499,0.001623291987925768,2.2707519747200422e-05,0.0011180434376001358,0.00028169405413791537,0.00018639334302861243,1.4453554285864811e-05,43.0,1359,
9.999999999999994e-05,96549,,,,,,,,,
9.999999999999994e-05,96549,,,,,,,,,
9.999999999999994e-05,96549,,,,,,,,,
,96549,0.007574990391731262,7.549380825366825e-05,0.0018605916993692517,0.00025524053489789367,0.00021179075702093542,0.005171873606741428,43.0,1359,
,96559,,,,,,,,1359,0.027545558288693428
9.999999999999994e-05,96599,,,,,,,,,
9.999999999999994e-05,96599,,,,,,,,,
9.999999999999994e-05,96599,,,,,,,,,
,96599,0.0010260040871798992,0.0001586454891366884,0.0006434559472836554,0.0001338369183940813,8.625778718851507e-05,3.807954499279731e-06,43.0,1360,
,96630,,,,,,,,1360,0.027151327580213547
9.999999999999994e-05,96649,,,,,,,,,
9.999999999999994e-05,96649,,,,,,,,,
9.999999999999994e-05,96649,,,,,,,,,
,96649,0.002132410416379571,0.0004303801688365638,0.001330503262579441,0.00020343062351457775,0.0001662969880271703,1.7992020957535715e-06,43.0,1361,
9.999999999999994e-05,96699,,,,,,,,,
9.999999999999994e-05,96699,,,,,,,,,
9.999999999999994e-05,96699,,,,,,,,,
,96699,0.0010796934366226196,4.480524512473494e-05,0.000730988453142345,0.00019367580534890294,0.00010948975977953523,7.342492267525813e-07,43.0,1361,
,96701,,,,,,,,1361,0.027110932394862175
9.999999999999994e-05,96749,,,,,,,,,
9.999999999999994e-05,96749,,,,,,,,,
9.999999999999994e-05,96749,,,,,,,,,
,96749,0.0013572704046964645,0.00022668989549856633,0.0008239276940003037,0.00019455753499642015,0.00011153162631671876,5.638364086735237e-07,43.0,1362,
,96772,,,,,,,,1362,0.026484156027436256
9.999999999999994e-05,96799,,,,,,,,,
9.999999999999994e-05,96799,,,,,,,,,
9.999999999999994e-05,96799,,,,,,,,,
,96799,0.0016142691019922495,0.00012201575009385124,0.0012214792659506202,0.00013535103062167764,0.00013487467367667705,5.484710072778398e-07,43.0,1363,
,96843,,,,,,,,1363,0.026649340987205505
9.999999999999994e-05,96849,,,,,,,,,
9.999999999999994e-05,96849,,,,,,,,,
9.999999999999994e-05,96849,,,,,,,,,
,96849,0.0010512069566175342,0.0001772427058313042,0.0005230180686339736,0.00022805974003858864,0.00012208099360577762,8.054519753386558e-07,43.0,1364,
9.999999999999994e-05,96899,,,,,,,,,
9.999999999999994e-05,96899,,,,,,,,,
9.999999999999994e-05,96899,,,,,,,,,
,96899,0.0011851915623992682,2.0452156604733318e-05,0.000780214206315577,0.0002230867394246161,0.00016066354874055833,7.749646897536877e-07,43.0,1364,
,96914,,,,,,,,1364,0.027082746848464012
9.999999999999994e-05,96949,,,,,,,,,
9.999999999999994e-05,96949,,,,,,,,,
9.999999999999994e-05,96949,,,,,,,,,
,96949,0.0007080475916154683,4.808592620975105e-06,0.000470383936772123,0.00013632414629682899,9.614290320314467e-05,3.880791723531729e-07,43.0,1365,
,96985,,,,,,,,1365,0.027004890143871307
9.999999999999994e-05,96999,,,,,,,,,
9.999999999999994e-05,96999,,,,,,,,,
9.999999999999994e-05,96999,,,,,,,,,
,96999,0.0009016224648803473,0.00011205210466869175,0.0005574095994234085,0.00013390363892540336,9.781747939996421e-05,4.3968182694698044e-07,43.0,1366,
9.999999999999994e-05,97049,,,,,,,,,
9.999999999999994e-05,97049,,,,,,,,,
9.999999999999994e-05,97049,,,,,,,,,
,97049,0.0009288312285207212,6.544104053318733e-06,0.0005500458064489067,0.00019890509429387748,0.0001727062335703522,6.299780466179072e-07,43.0,1366,
,97056,,,,,,,,1366,0.026823513209819794
9.999999999999994e-05,97099,,,,,,,,,
9.999999999999994e-05,97099,,,,,,,,,
9.999999999999994e-05,97099,,,,,,,,,
,97099,0.0009254313190467656,0.0001547281863167882,0.0005252410192042589,0.0001382906048092991,0.00010665466106729582,5.168882353245863e-07,43.0,1367,
,97127,,,,,,,,1367,0.02684907801449299
9.999999999999994e-05,97149,,,,,,,,,
9.999999999999994e-05,97149,,,,,,,,,
9.999999999999994e-05,97149,,,,,,,,,
,97149,0.0009208258124999702,0.00014152789663057774,0.0005995993269607425,0.00010416340955998749,7.527924026362598e-05,2.5595164743208443e-07,43.0,1368,
,97198,,,,,,,,1368,0.026730678975582123
9.999999999999994e-05,97199,,,,,,,,,
9.999999999999994e-05,97199,,,,,,,,,
9.999999999999994e-05,97199,,,,,,,,,
,97199,0.0007210039184428751,1.13342603071942e-05,0.0004947900306433439,0.00012322713155299425,9.130447142524645e-05,3.480078873963066e-07,43.0,1369,
9.999999999999994e-05,97249,,,,,,,,,
9.999999999999994e-05,97249,,,,,,,,,
9.999999999999994e-05,97249,,,,,,,,,
,97249,0.0015793752390891314,0.0003502091858536005,0.0008591387886554003,0.00022689478646498173,0.00014240783639252186,7.246916311487439e-07,43.0,1369,
,97269,,,,,,,,1369,0.026630787178874016
9.999999999999994e-05,97299,,,,,,,,,
9.999999999999994e-05,97299,,,,,,,,,
9.999999999999994e-05,97299,,,,,,,,,
,97299,0.0009810768533498049,2.251917430839967e-05,0.0006360560655593872,0.00016452277486678213,0.00015763964620418847,3.3928938591998303e-07,43.0,1370,
,97340,,,,,,,,1370,0.026824980974197388
9.999999999999994e-05,97349,,,,,,,,,
9.999999999999994e-05,97349,,,,,,,,,
9.999999999999994e-05,97349,,,,,,,,,
,97349,0.0015936888521537185,0.00023435078037437052,0.001020063296891749,0.00019013094424735755,0.0001487078843638301,4.3601468746601313e-07,43.0,1371,
9.999999999999994e-05,97399,,,,,,,,,
9.999999999999994e-05,97399,,,,,,,,,
9.999999999999994e-05,97399,,,,,,,,,
,97399,0.002161050448194146,0.00020607990154530853,0.0014125369489192963,0.00026636780239641666,0.0002756654575932771,4.003512401595799e-07,43.0,1371,
,97411,,,,,,,,1371,0.027378585189580917
9.999999999999994e-05,97449,,,,,,,,,
9.999999999999994e-05,97449,,,,,,,,,
9.999999999999994e-05,97449,,,,,,,,,
,97449,0.0013089675921946764,9.77342642727308e-06,0.001012900727801025,0.00016499857883900404,0.00012080908345524222,4.858509896621399e-07,43.0,1372,
,97482,,,,,,,,1372,0.026486285030841827
9.999999999999994e-05,97499,,,,,,,,,
9.999999999999994e-05,97499,,,,,,,,,
9.999999999999994e-05,97499,,,,,,,,,
,97499,0.0011593750678002834,0.0002333969168830663,0.000621538667473942,0.00018855088273994625,0.00011536046804394573,5.281036692394991e-07,43.0,1373,
9.999999999999994e-05,97549,,,,,,,,,
9.999999999999994e-05,97549,,,,,,,,,
9.999999999999994e-05,97549,,,,,,,,,
,97549,0.0007896432653069496,0.0001715444668661803,0.00034925818908959627,0.0001763493928592652,9.197249164571986e-05,5.187001761441934e-07,43.0,1373,
,97553,,,,,,,,1373,0.026217501610517502
9.999999999999994e-05,97599,,,,,,,,,
9.999999999999994e-05,97599,,,,,,,,,
9.999999999999994e-05,97599,,,,,,,,,
,97599,0.002620353363454342,1.7534242942929268e-05,0.002096976852044463,0.00024646864039823413,0.0002591493830550462,2.2417448519718164e-07,43.0,1374,
,97624,,,,,,,,1374,0.026987336575984955
9.999999999999994e-05,97649,,,,,,,,,
9.999999999999994e-05,97649,,,,,,,,,
9.999999999999994e-05,97649,,,,,,,,,
,97649,0.0008990312926471233,3.068485239055008e-05,0.000592289085034281,0.00017207444761879742,0.00010359366569900885,3.891776430009486e-07,43.0,1375,
,97695,,,,,,,,1375,0.02714521437883377
9.999999999999994e-05,97699,,,,,,,,,
9.999999999999994e-05,97699,,,,,,,,,
9.999999999999994e-05,97699,,,,,,,,,
,97699,0.0009815188823267817,0.00019474347936920822,0.00045680379844270647,0.00020265384227968752,0.00012701956438831985,2.981314537464641e-07,43.0,1376,
9.999999999999994e-05,97749,,,,,,,,,
9.999999999999994e-05,97749,,,,,,,,,
9.999999999999994e-05,97749,,,,,,,,,
,97749,0.001704278402030468,1.9713776055141352e-05,0.001161560881882906,0.00026313401758670807,0.0002595763944555074,2.933467726506933e-07,43.0,1376,
,97766,,,,,,,,1376,0.026544276624917984
9.999999999999994e-05,97799,,,,,,,,,
9.999999999999994e-05,97799,,,,,,,,,
9.999999999999994e-05,97799,,,,,,,,,
,97799,0.001732841250486672,0.0004068099951837212,0.0010258525144308805,0.00017227852367796004,0.0001275821414310485,3.182080092756223e-07,43.0,1377,
,97837,,,,,,,,1377,0.026961171999573708
9.999999999999994e-05,97849,,,,,,,,,
9.999999999999994e-05,97849,,,,,,,,,
9.999999999999994e-05,97849,,,,,,,,,
,97849,0.0015699650393798947,0.0001672538201091811,0.001067187637090683,0.00017164612654596567,0.00016352624516002834,3.512517423587269e-07,43.0,1378,
9.999999999999994e-05,97899,,,,,,,,,
9.999999999999994e-05,97899,,,,,,,,,
9.999999999999994e-05,97899,,,,,,,,,
,97899,0.001254021073691547,6.311685410764767e-06,0.0009377074893563986,0.00017965618462767452,0.0001296230184379965,7.227183687064098e-07,43.0,1378,
,97908,,,,,,,,1378,0.026567447930574417
9.999999999999994e-05,97949,,,,,,,,,
9.999999999999994e-05,97949,,,,,,,,,
9.999999999999994e-05,97949,,,,,,,,,
,97949,0.0017058312660083175,9.778824278328102e-06,0.0011400636285543442,0.00033405201975256205,0.00022106537653598934,8.714343948668102e-07,43.0,1379,
,97979,,,,,,,,1379,0.02712322399020195
9.999999999999994e-05,97999,,,,,,,,,
9.999999999999994e-05,97999,,,,,,,,,
9.999999999999994e-05,97999,,,,,,,,,
,97999,0.002318859566003084,0.0003699004009831697,0.0013828823575749993,0.0003146091476082802,0.00025092705618590117,5.405384513323952e-07,43.0,1380,
9.999999999999994e-05,98049,,,,,,,,,
9.999999999999994e-05,98049,,,,,,,,,
9.999999999999994e-05,98049,,,,,,,,,
,98049,0.0029950113967061043,0.0008115443051792681,0.001697843661531806,0.0002798652567435056,0.00020530467736534774,4.5356389932749153e-07,43.0,1380,
,98050,,,,,,,,1380,0.027195442467927933
9.999999999999994e-05,98099,,,,,,,,,
9.999999999999994e-05,98099,,,,,,,,,
9.999999999999994e-05,98099,,,,,,,,,
,98099,0.0019020220497623086,2.914115430030506e-05,0.0014864489203318954,0.00022625637939199805,0.00015994523710105568,2.3028820805848227e-07,43.0,1381,
,98121,,,,,,,,1381,0.026936125010252
9.999999999999994e-05,98149,,,,,,,,,
9.999999999999994e-05,98149,,,,,,,,,
9.999999999999994e-05,98149,,,,,,,,,
,98149,0.0019515739986672997,0.00027600466273725033,0.0011772895231842995,0.00028252560878172517,0.0002152083907276392,5.458711029859842e-07,43.0,1382,
,98192,,,,,,,,1382,0.027773981913924217
9.999999999999994e-05,98199,,,,,,,,,
9.999999999999994e-05,98199,,,,,,,,,
9.999999999999994e-05,98199,,,,,,,,,
,98199,0.00130311562679708,1.4644015209341887e-05,0.000949613400734961,0.00020827140542678535,0.00012951155076734722,1.0752079333542497e-06,43.0,1383,
9.999999999999994e-05,98249,,,,,,,,,
9.999999999999994e-05,98249,,,,,,,,,
9.999999999999994e-05,98249,,,,,,,,,
,98249,0.0015148799866437912,0.00021304094116203487,0.0008920959080569446,0.00023160495038609952,0.000177360896486789,7.773799666210834e-07,43.0,1383,
,98263,,,,,,,,1383,0.026761453598737717
9.999999999999994e-05,98299,,,,,,,,,
9.999999999999994e-05,98299,,,,,,,,,
9.999999999999994e-05,98299,,,,,,,,,
,98299,0.0015016141114756465,2.391429734416306e-05,0.001177146565169096,0.00020361383212730289,9.653662709752098e-05,4.0281850033352384e-07,43.0,1384,
,98334,,,,,,,,1384,0.027289168909192085
9.999999999999994e-05,98349,,,,,,,,,
9.999999999999994e-05,98349,,,,,,,,,
9.999999999999994e-05,98349,,,,,,,,,
,98349,0.0010226102313026786,1.0234418368781917e-05,0.000675877439789474,0.00020311734988354146,0.00013257015962153673,8.108907536552579e-07,43.0,1385,
9.999999999999994e-05,98399,,,,,,,,,
9.999999999999994e-05,98399,,,,,,,,,
9.999999999999994e-05,98399,,,,,,,,,
,98399,0.002423164900392294,9.251211304217577e-05,0.0017375294119119644,0.00034890114329755306,0.00024181271146517247,2.4092332751024514e-06,43.0,1385,
,98405,,,,,,,,1385,0.028046300634741783
9.999999999999994e-05,98449,,,,,,,,,
9.999999999999994e-05,98449,,,,,,,,,
9.999999999999994e-05,98449,,,,,,,,,
,98449,0.0006579082692041993,9.11910774448188e-06,0.00043707661097869277,0.0001323016476817429,7.886318780947477e-05,5.477613171933626e-07,43.0,1386,
,98476,,,,,,,,1386,0.027232881635427475
9.999999999999994e-05,98499,,,,,,,,,
9.999999999999994e-05,98499,,,,,,,,,
9.999999999999994e-05,98499,,,,,,,,,
,98499,0.0008921045809984207,0.00010491382272448391,0.0006298695225268602,0.00011087802704423666,4.38495262642391e-05,2.593672434159089e-06,43.0,1387,
,98547,,,,,,,,1387,0.026990016922354698
9.999999999999994e-05,98549,,,,,,,,,
9.999999999999994e-05,98549,,,,,,,,,
9.999999999999994e-05,98549,,,,,,,,,
,98549,0.00064801424741745,0.00011626580089796335,0.00035523829865269363,9.859696729108691e-05,5.7217450375901535e-05,2.069573019980453e-05,43.0,1388,
9.999999999999994e-05,98599,,,,,,,,,
9.999999999999994e-05,98599,,,,,,,,,
9.999999999999994e-05,98599,,,,,,,,,
,98599,0.0006034882389940321,1.7989059415413067e-05,0.00028342384030111134,0.00011929581523872912,9.218676859745756e-05,9.059278818313032e-05,43.0,1388,
,98618,,,,,,,,1388,0.02735423855483532
9.999999999999994e-05,98649,,,,,,,,,
9.999999999999994e-05,98649,,,,,,,,,
9.999999999999994e-05,98649,,,,,,,,,
,98649,0.0008093850337900221,0.00021331281459424645,0.00035611994098871946,0.00016897244495339692,6.823513831477612e-05,2.744718358371756e-06,43.0,1389,
,98689,,,,,,,,1389,0.026908529922366142
9.999999999999994e-05,98699,,,,,,,,,
9.999999999999994e-05,98699,,,,,,,,,
9.999999999999994e-05,98699,,,,,,,,,
,98699,0.001070166239514947,0.000300148589303717,0.0005902984412387013,0.00011091184569522738,6.775841757189482e-05,1.048940703185508e-06,43.0,1390,
9.999999999999994e-05,98749,,,,,,,,,
9.999999999999994e-05,98749,,,,,,,,,
9.999999999999994e-05,98749,,,,,,,,,
,98749,0.0008034007041715086,1.0134808690054342e-05,0.0005179086001589894,0.00017535453662276268,9.897273412207142e-05,1.0299572750227526e-06,43.0,1390,
,98760,,,,,,,,1390,0.026866383850574493
9.999999999999994e-05,98799,,,,,,,,,
9.999999999999994e-05,98799,,,,,,,,,
9.999999999999994e-05,98799,,,,,,,,,
,98799,0.000774853047914803,1.329675069428049e-05,0.0005362177034839988,0.0001232423965120688,0.00010156945791095495,5.267606866254937e-07,43.0,1391,
,98831,,,,,,,,1391,0.026521574705839157
9.999999999999994e-05,98849,,,,,,,,,
9.999999999999994e-05,98849,,,,,,,,,
9.999999999999994e-05,98849,,,,,,,,,
,98849,0.0013738363049924374,0.0002277846069773659,0.0006366849993355572,0.0003038085997104645,0.00020462836255319417,9.29646773784043e-07,43.0,1392,
9.999999999999994e-05,98899,,,,,,,,,
9.999999999999994e-05,98899,,,,,,,,,
9.999999999999994e-05,98899,,,,,,,,,
,98899,0.0007934027235023677,4.5273234718479216e-05,0.0004441404598765075,0.00016529299318790436,0.00013819325249642134,5.027839620197483e-07,43.0,1392,
,98902,,,,,,,,1392,0.026935236528515816
9.999999999999994e-05,98949,,,,,,,,,
9.999999999999994e-05,98949,,,,,,,,,
9.999999999999994e-05,98949,,,,,,,,,
,98949,0.0007426898228004575,7.052100409055129e-05,0.0004171184846200049,0.00015980379248503596,9.460547153139487e-05,6.410469381989969e-07,43.0,1393,
,98973,,,,,,,,1393,0.027017420157790184
9.999999999999994e-05,98999,,,,,,,,,
9.999999999999994e-05,98999,,,,,,,,,
9.999999999999994e-05,98999,,,,,,,,,
,98999,0.001091563026420772,8.015579805942252e-05,0.0007534369360655546,0.0001476453908253461,0.00010984581604134291,4.791862693309668e-07,43.0,1394,
,99044,,,,,,,,1394,0.027372416108846664
9.999999999999994e-05,99049,,,,,,,,,
9.999999999999994e-05,99049,,,,,,,,,
9.999999999999994e-05,99049,,,,,,,,,
,99049,0.0017333778087049723,3.211349394405261e-05,0.001363817136734724,0.00018237126641906798,0.00015459422138519585,4.817237595489132e-07,43.0,1395,
9.999999999999994e-05,99099,,,,,,,,,
9.999999999999994e-05,99099,,,,,,,,,
9.999999999999994e-05,99099,,,,,,,,,
,99099,0.0009700001101009548,0.00010469804692547768,0.0006135879084467888,0.00013142573880031705,0.00012000995047856122,2.7844589567393996e-07,43.0,1395,
,99115,,,,,,,,1395,0.027586450800299644
9.999999999999994e-05,99149,,,,,,,,,
9.999999999999994e-05,99149,,,,,,,,,
9.999999999999994e-05,99149,,,,,,,,,
,99149,0.0012023546732962132,0.00014887575525790453,0.0008073071949183941,0.0001407960953656584,0.00010497774928808212,3.9795895645511337e-07,43.0,1396,
,99186,,,,,,,,1396,0.028222553431987762
9.999999999999994e-05,99199,,,,,,,,,
9.999999999999994e-05,99199,,,,,,,,,
9.999999999999994e-05,99199,,,,,,,,,
,99199,0.0013437190791592002,7.228460162878036e-05,0.0009477356215938926,0.00017723011842463166,0.00014607708726543933,3.9158229014901735e-07,43.0,1397,
9.999999999999994e-05,99249,,,,,,,,,
9.999999999999994e-05,99249,,,,,,,,,
9.999999999999994e-05,99249,,,,,,,,,
,99249,0.002395996591076255,0.0005536031676456332,0.0013494201702997088,0.0002442566037643701,0.000248304451815784,4.123699568481243e-07,43.0,1397,
,99257,,,,,,,,1397,0.026416711509227753
9.999999999999994e-05,99299,,,,,,,,,
9.999999999999994e-05,99299,,,,,,,,,
9.999999999999994e-05,99299,,,,,,,,,
,99299,0.0014152933144941926,9.141611371887848e-06,0.0008502990822307765,0.0003180259373039007,0.0002372354647377506,5.911727498641994e-07,43.0,1398,
,99328,,,,,,,,1398,0.027359209954738617
9.999999999999994e-05,99349,,,,,,,,,
9.999999999999994e-05,99349,,,,,,,,,
9.999999999999994e-05,99349,,,,,,,,,
,99349,0.0015895343385636806,9.000946738524362e-05,0.0013257174286991358,0.00010186400322709233,7.157814252423123e-05,3.65259808177143e-07,43.0,1399,
9.999999999999994e-05,99399,,,,,,,,,
,99399,0.0007515341858379543,3.755158104468137e-05,0.000430864020017907,0.00017761424533091486,0.00010497649782337248,5.278564003674546e-07,43.0,1399,
,99399,,,,,,,,1399,0.02753039076924324
9.999999999999994e-05,99449,,,,,,,,,
9.999999999999994e-05,99449,,,,,,,,,
9.999999999999994e-05,99449,,,,,,,,,
,99449,0.0007727009360678494,1.2793159839930013e-05,0.0006358351092785597,7.809251837898046e-05,4.5749766286462545e-05,2.303989106167137e-07,43.0,1400,
,99470,,,,,,,,1400,0.02754879742860794
9.999999999999994e-05,99499,,,,,,,,,
9.999999999999994e-05,99499,,,,,,,,,
9.999999999999994e-05,99499,,,,,,,,,
,99499,0.0008983445586636662,1.3335659787117038e-05,0.0005005790153518319,0.00019876199075952172,0.00018511299276724458,5.548677677325031e-07,43.0,1401,
,99541,,,,,,,,1401,0.02673601731657982
9.999999999999994e-05,99549,,,,,,,,,
9.999999999999994e-05,99549,,,,,,,,,
9.999999999999994e-05,99549,,,,,,,,,
,99549,0.001978043233975768,8.925113797886297e-05,0.0015346645377576351,0.00017198706336785108,0.00018178665777668357,3.5400364595261635e-07,43.0,1402,
9.999999999999994e-05,99599,,,,,,,,,
9.999999999999994e-05,99599,,,,,,,,,
9.999999999999994e-05,99599,,,,,,,,,
,99599,0.001502015395089984,2.2864320271764882e-05,0.0010644623544067144,0.00021494110114872456,0.000199377303943038,3.7026629229330865e-07,43.0,1402,
,99612,,,,,,,,1402,0.026917316019535065
9.999999999999994e-05,99649,,,,,,,,,
9.999999999999994e-05,99649,,,,,,,,,
9.999999999999994e-05,99649,,,,,,,,,
,99649,0.0014207599451765418,1.361833892588038e-05,0.001050812192261219,0.0001897152396850288,0.0001661876740399748,4.265337167908001e-07,43.0,1403,
,99683,,,,,,,,1403,0.026951458305120468
9.999999999999994e-05,99699,,,,,,,,,
9.999999999999994e-05,99699,,,,,,,,,
9.999999999999994e-05,99699,,,,,,,,,
,99699,0.0007157905492931604,1.5501569578191265e-05,0.0004805394564755261,0.00014356787141878158,7.538842328358442e-05,7.932428616186371e-07,43.0,1404,
9.999999999999994e-05,99749,,,,,,,,,
9.999999999999994e-05,99749,,,,,,,,,
9.999999999999994e-05,99749,,,,,,,,,
,99749,0.0010922029614448547,0.0002644252381287515,0.0005402942188084126,0.00018126463692169636,0.00010491926514077932,1.2995893712286488e-06,43.0,1404,
,99754,,,,,,,,1404,0.02695884369313717
9.999999999999994e-05,99799,,,,,,,,,
9.999999999999994e-05,99799,,,,,,,,,
9.999999999999994e-05,99799,,,,,,,,,
,99799,0.001365357544273138,0.00028034549904987216,0.0005924247670918703,0.0002830553275998682,0.0002089428307954222,5.891487262488226e-07,43.0,1405,
,99825,,,,,,,,1405,0.026971783488988876
9.999999999999994e-05,99849,,,,,,,,,
9.999999999999994e-05,99849,,,,,,,,,
9.999999999999994e-05,99849,,,,,,,,,
,99849,0.0010318387066945434,0.00016908202087506652,0.0005040200194343925,0.00018892131629399955,0.00016941966896411031,3.9574291577082477e-07,43.0,1406,
,99896,,,,,,,,1406,0.027131032198667526
9.999999999999994e-05,99899,,,,,,,,,
9.999999999999994e-05,99899,,,,,,,,,
9.999999999999994e-05,99899,,,,,,,,,
,99899,0.0013416586443781853,3.4205727388325613e-06,0.000784723146352917,0.0002982215373776853,0.00025469213142059743,6.012633093632758e-07,43.0,1407,
9.999999999999994e-05,99949,,,,,,,,,
9.999999999999994e-05,99949,,,,,,,,,
9.999999999999994e-05,99949,,,,,,,,,
,99949,0.001158612547442317,2.3993321519810706e-05,0.0006966257933527231,0.00024804589338600636,0.0001844795187935233,5.468042218126357e-06,43.0,1407,
,99967,,,,,,,,1407,0.02681506797671318
9.999999999999994e-05,99999,,,,,,,,,
9.999999999999994e-05,99999,,,,,,,,,
9.999999999999994e-05,99999,,,,,,,,,
,99999,0.0007885965169407427,1.1981193893007003e-05,0.00048498582327738404,0.00016520317876711488,0.00011817042104667053,8.255913598986808e-06,43.0,1408,
,100038,,,,,,,,1408,0.026494784280657768
9.999999999999994e-05,100049,,,,,,,,,
9.999999999999994e-05,100049,,,,,,,,,
9.999999999999994e-05,100049,,,,,,,,,
,100049,0.0013417709851637483,0.00019844688358716667,0.0007303465390577912,0.00016384394257329404,0.00014074148202780634,0.00010839213064173236,43.0,1409,
9.999999999999994e-05,100099,,,,,,,,,
9.999999999999994e-05,100099,,,,,,,,,
9.999999999999994e-05,100099,,,,,,,,,
,100099,0.0012961456086486578,0.00010836053843377158,0.0008211290114559233,0.00021850501070730388,0.0001399190368829295,8.232103027694393e-06,43.0,1409,
,100109,,,,,,,,1409,0.027160771191120148
9.999999999999994e-05,100149,,,,,,,,,
9.999999999999994e-05,100149,,,,,,,,,
9.999999999999994e-05,100149,,,,,,,,,
,100149,0.001619226299226284,0.0006374907679855824,0.0007231696508824825,0.0001565169368404895,0.00010139187361346558,6.57056261843536e-07,43.0,1410,
,100180,,,,,,,,1410,0.02703198604285717
9.999999999999994e-05,100199,,,,,,,,,
9.999999999999994e-05,100199,,,,,,,,,
9.999999999999994e-05,100199,,,,,,,,,
,100199,0.0008271877304650843,5.468914605444297e-05,0.0004809008678421378,0.00017275544814765453,0.00011841444938909262,4.278444123428926e-07,43.0,1411,
9.999999999999994e-05,100249,,,,,,,,,
9.999999999999994e-05,100249,,,,,,,,,
9.999999999999994e-05,100249,,,,,,,,,
,100249,0.001277164788916707,0.00023688415240030736,0.0007722578011453152,0.00016115381731651723,0.00010651665070326999,3.52440508777363e-07,43.0,1411,
,100251,,,,,,,,1411,0.026682714000344276
9.999999999999994e-05,100299,,,,,,,,,
9.999999999999994e-05,100299,,,,,,,,,
9.999999999999994e-05,100299,,,,,,,,,
,100299,0.0020730867981910706,0.0003376632812432945,0.0010179671226069331,0.0003941754694096744,0.0003229051362723112,3.758094351269392e-07,43.0,1412,
,100322,,,,,,,,1412,0.02667529694736004
9.999999999999994e-05,100349,,,,,,,,,
9.999999999999994e-05,100349,,,,,,,,,
9.999999999999994e-05,100349,,,,,,,,,
,100349,0.0026732939295470715,0.00043705268763005733,0.0017700905445963144,0.00027688746922649443,0.0001887354883365333,5.275354055811476e-07,43.0,1413,
,100393,,,,,,,,1413,0.027401255443692207
9.999999999999994e-05,100399,,,,,,,,,
9.999999999999994e-05,100399,,,,,,,,,
9.999999999999994e-05,100399,,,,,,,,,
,100399,0.0032111923210322857,0.00012726415297947824,0.0026905196718871593,0.00019400054588913918,0.00018123051268048584,1.8177654055762105e-05,43.0,1414,
9.999999999999994e-05,100449,,,,,,,,,
9.999999999999994e-05,100449,,,,,,,,,
9.999999999999994e-05,100449,,,,,,,,,
,100449,0.0016194783383980393,0.00013275587116368115,0.0012338957749307156,0.00016218902601394802,8.879497181624174e-05,1.8427732584314072e-06,43.0,1414,
,100464,,,,,,,,1414,0.026745157316327095
9.999999999999994e-05,100499,,,,,,,,,
9.999999999999994e-05,100499,,,,,,,,,
9.999999999999994e-05,100499,,,,,,,,,
,100499,0.00312218745239079,9.374480578117073e-05,0.0023168143816292286,0.0003941296017728746,0.00031649190350435674,1.0068425808640313e-06,43.0,1415,
,100535,,,,,,,,1415,0.02779853530228138
9.999999999999994e-05,100549,,,,,,,,,
9.999999999999994e-05,100549,,,,,,,,,
9.999999999999994e-05,100549,,,,,,,,,
,100549,0.0011336702154949307,7.053307490423322e-05,0.000750405655708164,0.00016965990653261542,0.0001419956242898479,1.0759574706753483e-06,44.0,1416,
9.999999999999994e-05,100599,,,,,,,,,
9.999999999999994e-05,100599,,,,,,,,,
9.999999999999994e-05,100599,,,,,,,,,
,100599,0.0016597064677625895,4.995438939658925e-05,0.0011968633625656366,0.00024167339142877609,0.0001708699855953455,3.452517205460026e-07,44.0,1416,
,100606,,,,,,,,1416,0.02730381116271019
9.999999999999994e-05,100649,,,,,,,,,
9.999999999999994e-05,100649,,,,,,,,,
9.999999999999994e-05,100649,,,,,,,,,
,100649,0.0009057219140231609,8.965400775196031e-05,0.0005844293045811355,0.0001365145290037617,9.478479478275403e-05,3.3927133813449473e-07,44.0,1417,
,100677,,,,,,,,1417,0.02703348733484745
9.999999999999994e-05,100699,,,,,,,,,
9.999999999999994e-05,100699,,,,,,,,,
9.999999999999994e-05,100699,,,,,,,,,
,100699,0.001895302557386458,2.2553249436896294e-05,0.0012599257752299309,0.0003397410036996007,0.00027239220798946917,6.902912446093978e-07,44.0,1418,
,100748,,,,,,,,1418,0.027467237785458565
9.999999999999994e-05,100749,,,,,,,,,
9.999999999999994e-05,100749,,,,,,,,,
9.999999999999994e-05,100749,,,,,,,,,
,100749,0.0018640090711414814,0.0003218544297851622,0.0010370370000600815,0.00029875044128857553,0.00020442876848392189,1.9383785456739133e-06,44.0,1419,
9.999999999999994e-05,100799,,,,,,,,,
9.999999999999994e-05,100799,,,,,,,,,
9.999999999999994e-05,100799,,,,,,,,,
,100799,0.001603104523383081,4.9712696636561304e-05,0.0012540717143565416,0.0001774342090357095,0.00011852937313960865,3.3564497243787628e-06,44.0,1419,
,100819,,,,,,,,1419,0.027631571516394615
9.999999999999994e-05,100849,,,,,,,,,
9.999999999999994e-05,100849,,,,,,,,,
9.999999999999994e-05,100849,,,,,,,,,
,100849,0.0011202289024367929,1.7436497728340328e-05,0.00071808259235695,0.00018052734958473593,0.00010340398148400709,0.00010077852493850514,44.0,1420,
,100890,,,,,,,,1420,0.026903362944722176
9.999999999999994e-05,100899,,,,,,,,,
9.999999999999994e-05,100899,,,,,,,,,
9.999999999999994e-05,100899,,,,,,,,,
,100899,0.002511213533580303,0.0003911919775418937,0.00177531607914716,0.00019000860629603267,0.00015419998089782894,4.968522944182041e-07,44.0,1421,
9.999999999999994e-05,100949,,,,,,,,,
9.999999999999994e-05,100949,,,,,,,,,
9.999999999999994e-05,100949,,,,,,,,,
,100949,0.001240399549715221,0.0001486033434048295,0.0007968203281052411,0.00017033460608217865,0.00012166281521786004,2.9783891477563884e-06,44.0,1421,
,100961,,,,,,,,1421,0.02693796530365944
9.999999999999994e-05,100999,,,,,,,,,
9.999999999999994e-05,100999,,,,,,,,,
9.999999999999994e-05,100999,,,,,,,,,
,100999,0.0007278987322933972,9.958819646271877e-06,0.0004859102191403508,0.0001417814492015168,8.51550285005942e-05,5.093229901831364e-06,44.0,1422,
,101032,,,,,,,,1422,0.02717178501188755
9.999999999999994e-05,101049,,,,,,,,,
9.999999999999994e-05,101049,,,,,,,,,
9.999999999999994e-05,101049,,,,,,,,,
,101049,0.0008174614049494267,5.6685228628339246e-05,0.0005438685184344649,0.00013400294119492173,8.233213156927377e-05,5.7257972230218e-07,44.0,1423,
9.999999999999994e-05,101099,,,,,,,,,
9.999999999999994e-05,101099,,,,,,,,,
9.999999999999994e-05,101099,,,,,,,,,
,101099,0.0008441146928817034,0.00011171372170792893,0.0005068554310128093,0.00013914014562033117,8.599365537520498e-05,4.117334526654304e-07,44.0,1423,
,101103,,,,,,,,1423,0.02719895914196968
9.999999999999994e-05,101149,,,,,,,,,
9.999999999999994e-05,101149,,,,,,,,,
9.999999999999994e-05,101149,,,,,,,,,
,101149,0.000997690367512405,0.0001253059454029426,0.0005548577173613012,0.0001639593974687159,0.00015328713925555348,2.801700986765354e-07,44.0,1424,
,101174,,,,,,,,1424,0.027106501162052155
9.999999999999994e-05,101199,,,,,,,,,
9.999999999999994e-05,101199,,,,,,,,,
9.999999999999994e-05,101199,,,,,,,,,
,101199,0.0013219641987234354,1.4781889149162453e-05,0.0008648004150018096,0.0002709683030843735,0.0001707809860818088,6.325442427623784e-07,44.0,1425,
,101245,,,,,,,,1425,0.026847366243600845
9.999999999999994e-05,101249,,,,,,,,,
9.999999999999994e-05,101249,,,,,,,,,
9.999999999999994e-05,101249,,,,,,,,,
,101249,0.0011906266445294023,9.084235352929682e-05,0.0009484192705713212,9.272323222830892e-05,5.836306809214875e-05,2.786963761991501e-07,44.0,1426,
9.999999999999994e-05,101299,,,,,,,,,
9.999999999999994e-05,101299,,,,,,,,,
9.999999999999994e-05,101299,,,,,,,,,
,101299,0.0007151137106120586,0.00010290878708474338,0.0004538878856692463,9.290507296100259e-05,3.902582102455199e-05,2.638611476868391e-05,44.0,1426,
,101316,,,,,,,,1426,0.027020705863833427
9.999999999999994e-05,101349,,,,,,,,,
9.999999999999994e-05,101349,,,,,,,,,
9.999999999999994e-05,101349,,,,,,,,,
,101349,0.00049154635053128,1.843208519858308e-05,0.0003352848580107093,8.209965017158538e-05,5.1968134357593954e-05,3.7616014196828473e-06,44.0,1427,
,101387,,,,,,,,1427,0.026710113510489464
9.999999999999994e-05,101399,,,,,,,,,
9.999999999999994e-05,101399,,,,,,,,,
9.999999999999994e-05,101399,,,,,,,,,
,101399,0.0018409659387543797,0.0002247364172944799,0.0008757648756727576,0.0002235826541436836,0.0001743799221003428,0.0003425021714065224,44.0,1428,
9.999999999999994e-05,101449,,,,,,,,,
9.999999999999994e-05,101449,,,,,,,,,
9.999999999999994e-05,101449,,,,,,,,,
,101449,0.0011736946180462837,4.96725806442555e-06,0.0007212531054392457,0.00024211473646573722,0.00019809843797702342,7.261095106514404e-06,44.0,1428,
,101458,,,,,,,,1428,0.026816170662641525
9.999999999999994e-05,101499,,,,,,,,,
9.999999999999994e-05,101499,,,,,,,,,
9.999999999999994e-05,101499,,,,,,,,,
,101499,0.0014018858782947063,0.00016491315909661353,0.0008195606060326099,0.00020931489416398108,0.00020778735051862895,3.098717229477188e-07,44.0,1429,
,101529,,,,,,,,1429,0.026969168335199356
9.999999999999994e-05,101549,,,,,,,,,
9.999999999999994e-05,101549,,,,,,,,,
9.999999999999994e-05,101549,,,,,,,,,
,101549,0.0015487992204725742,0.00011808882118202746,0.001134049496613443,0.00016953263548202813,0.0001269022759515792,2.2604690741445665e-07,44.0,1430,
9.999999999999994e-05,101599,,,,,,,,,
9.999999999999994e-05,101599,,,,,,,,,
9.999999999999994e-05,101599,,,,,,,,,
,101599,0.0010534648317843676,0.00011867568537127227,0.0007018462056294084,0.00014312603161670268,8.937911479733884e-05,4.3774585378741904e-07,44.0,1430,
,101600,,,,,,,,1430,0.0279314536601305
9.999999999999994e-05,101649,,,,,,,,,
9.999999999999994e-05,101649,,,,,,,,,
9.999999999999994e-05,101649,,,,,,,,,
,101649,0.0013201499823480844,0.00015551292744930834,0.0009115911088883877,0.00014550038031302392,0.00010718083649408072,3.647392077255063e-07,44.0,1431,
,101671,,,,,,,,1431,0.02706969529390335
9.999999999999994e-05,101699,,,,,,,,,
9.999999999999994e-05,101699,,,,,,,,,
9.999999999999994e-05,101699,,,,,,,,,
,101699,0.0006822610157541931,1.8183285646955483e-05,0.0004938642960041761,9.957191650755703e-05,7.040196942398325e-05,2.395779290509381e-07,44.0,1432,
,101742,,,,,,,,1432,0.0270236823707819
9.999999999999994e-05,101749,,,,,,,,,
9.999999999999994e-05,101749,,,,,,,,,
9.999999999999994e-05,101749,,,,,,,,,
,101749,0.0010263570584356785,8.16453575680498e-06,0.0007516384357586503,0.000144856923725456,0.00012137153680669144,3.2565438345955044e-07,44.0,1433,
9.999999999999994e-05,101799,,,,,,,,,
9.999999999999994e-05,101799,,,,,,,,,
9.999999999999994e-05,101799,,,,,,,,,
,101799,0.0010164821287617087,0.00014427563291974366,0.0006033245008438826,0.00016507523832842708,0.00010344960901420563,3.5716689694709203e-07,44.0,1433,
,101813,,,,,,,,1433,0.026788076385855675
9.999999999999994e-05,101849,,,,,,,,,
9.999999999999994e-05,101849,,,,,,,,,
9.999999999999994e-05,101849,,,,,,,,,
,101849,0.001272845547646284,0.00011961789277847856,0.0009252376621589065,0.00013922699145041406,8.840668306220323e-05,3.5624154293145693e-07,44.0,1434,
,101884,,,,,,,,1434,0.026931116357445717
9.999999999999994e-05,101899,,,,,,,,,
9.999999999999994e-05,101899,,,,,,,,,
9.999999999999994e-05,101899,,,,,,,,,
,101899,0.0011805517133325338,0.00020343728829175234,0.0006652231095358729,0.00017750381084624678,0.0001340864400845021,3.0107423754088813e-07,44.0,1435,
9.999999999999994e-05,101949,,,,,,,,,
9.999999999999994e-05,101949,,,,,,,,,
9.999999999999994e-05,101949,,,,,,,,,
,101949,0.0006476255948655307,1.830916698963847e-05,0.00040214136242866516,0.00014323362847790122,8.359063212992623e-05,3.508049815081904e-07,44.0,1435,
,101955,,,,,,,,1435,0.026643898338079453
9.999999999999994e-05,101999,,,,,,,,,
9.999999999999994e-05,101999,,,,,,,,,
9.999999999999994e-05,101999,,,,,,,,,
,101999,0.0008251284598372877,6.1376704252325e-05,0.0005167141789570451,0.00015558392624370754,9.109594248002395e-05,3.57669620143497e-07,44.0,1436,
,102026,,,,,,,,1436,0.027278970927000046
9.999999999999994e-05,102049,,,,,,,,,
9.999999999999994e-05,102049,,,,,,,,,
9.999999999999994e-05,102049,,,,,,,,,
,102049,0.0006684117252007127,1.8388514945399947e-05,0.000378470285795629,0.00017175829270854592,9.932300599757582e-05,4.7159528548945673e-07,44.0,1437,
,102097,,,,,,,,1437,0.026903199031949043
9.999999999999994e-05,102099,,,,,,,,,
9.999999999999994e-05,102099,,,,,,,,,
9.999999999999994e-05,102099,,,,,,,,,
,102099,0.000875134312082082,0.00016716160462237895,0.0004860280896537006,0.00013808798394165933,8.353202429134399e-05,3.245774280458136e-07,44.0,1438,
9.999999999999994e-05,102149,,,,,,,,,
9.999999999999994e-05,102149,,,,,,,,,
9.999999999999994e-05,102149,,,,,,,,,
,102149,0.000671774847432971,0.00010789486987050623,0.00040182843804359436,9.731666796142235e-05,6.441486038966104e-05,3.199503737505438e-07,44.0,1438,
,102168,,,,,,,,1438,0.02675052359700203
9.999999999999994e-05,102199,,,,,,,,,
9.999999999999994e-05,102199,,,,,,,,,
9.999999999999994e-05,102199,,,,,,,,,
,102199,0.0017583358567208052,0.00017008006398100406,0.0011934608919546008,0.0002316469617653638,0.0001628449681447819,3.0295004194158537e-07,44.0,1439,
,102239,,,,,,,,1439,0.027323219925165176
9.999999999999994e-05,102249,,,,,,,,,
9.999999999999994e-05,102249,,,,,,,,,
9.999999999999994e-05,102249,,,,,,,,,
,102249,0.0012631918070837855,3.401704816496931e-05,0.0009105988428927958,0.0001676143438089639,0.000150674328324385,2.872275501886179e-07,44.0,1440,
9.999999999999994e-05,102299,,,,,,,,,
9.999999999999994e-05,102299,,,,,,,,,
9.999999999999994e-05,102299,,,,,,,,,
,102299,0.0013406022917479277,3.4894997952505946e-05,0.00099132489413023,0.00018147047376260161,0.00013262854190543294,2.833822350112314e-07,44.0,1440,
,102310,,,,,,,,1440,0.026866860687732697
9.999999999999994e-05,102349,,,,,,,,,
9.999999999999994e-05,102349,,,,,,,,,
9.999999999999994e-05,102349,,,,,,,,,
,102349,0.001229013316333294,8.654711564304307e-06,0.0008132316870614886,0.00022280853590928018,0.00018398692191112787,3.314444256830029e-07,44.0,1441,
,102381,,,,,,,,1441,0.027088379487395287
9.999999999999994e-05,102399,,,,,,,,,
9.999999999999994e-05,102399,,,,,,,,,
9.999999999999994e-05,102399,,,,,,,,,
,102399,0.0013995141489431262,5.877242529095383e-06,0.0009259677026420832,0.00026645895559340715,0.00020082699484191835,3.831932247067016e-07,44.0,1442,
9.999999999999994e-05,102449,,,,,,,,,
9.999999999999994e-05,102449,,,,,,,,,
9.999999999999994e-05,102449,,,,,,,,,
,102449,0.000837614294141531,1.1387957783881575e-05,0.0006935808924026787,8.242603507824242e-05,4.991353489458561e-05,3.0584612886741525e-07,44.0,1442,
,102452,,,,,,,,1442,0.026766695082187653
9.999999999999994e-05,102499,,,,,,,,,
9.999999999999994e-05,102499,,,,,,,,,
9.999999999999994e-05,102499,,,,,,,,,
,102499,0.0007872410933487117,9.074054105440155e-06,0.0006018478889018297,0.00010661201667971909,6.939931336091831e-05,3.078230861319753e-07,44.0,1443,
,102523,,,,,,,,1443,0.02723635919392109
9.999999999999994e-05,102549,,,,,,,,,
9.999999999999994e-05,102549,,,,,,,,,
9.999999999999994e-05,102549,,,,,,,,,
,102549,0.0009303012629970908,0.00020242748723831028,0.00047874657320789993,0.0001575552741996944,8.94037657417357e-05,2.168193304896704e-06,44.0,1444,
,102594,,,,,,,,1444,0.027310775592923164
9.999999999999994e-05,102599,,,,,,,,,
9.999999999999994e-05,102599,,,,,,,,,
9.999999999999994e-05,102599,,,,,,,,,
,102599,0.0007545637199655175,0.00012888899073004723,0.0003661644004750997,0.0001427345850970596,0.00011197260755579919,4.803102910955204e-06,44.0,1445,
9.999999999999994e-05,102649,,,,,,,,,
9.999999999999994e-05,102649,,,,,,,,,
9.999999999999994e-05,102649,,,,,,,,,
,102649,0.0008009533048607409,0.0001327862119069323,0.00040858416468836367,0.00014188222121447325,0.0001038221234921366,1.3878629033570178e-05,44.0,1445,
,102665,,,,,,,,1445,0.026950551196932793
9.999999999999994e-05,102699,,,,,,,,,
9.999999999999994e-05,102699,,,,,,,,,
9.999999999999994e-05,102699,,,,,,,,,
,102699,0.001128419884480536,5.070617589808535e-06,0.0005219084559939802,0.00014665297931060195,0.00012120460451114923,0.00033358324435539544,44.0,1446,
,102736,,,,,,,,1446,0.027126582339406013
9.999999999999994e-05,102749,,,,,,,,,
9.999999999999994e-05,102749,,,,,,,,,
9.999999999999994e-05,102749,,,,,,,,,
,102749,0.000651319045573473,6.3801608121139e-06,0.00032812540302984416,0.0001734341640258208,9.564886568114161e-05,4.77304492960684e-05,44.0,1447,
9.999999999999994e-05,102799,,,,,,,,,
9.999999999999994e-05,102799,,,,,,,,,
9.999999999999994e-05,102799,,,,,,,,,
,102799,0.0006623244844377041,0.0001087894052034244,0.0003554385039024055,0.00011037568765459582,6.98520743753761e-05,1.7868838767753914e-05,44.0,1447,
,102807,,,,,,,,1447,0.026986176148056984
9.999999999999994e-05,102849,,,,,,,,,
9.999999999999994e-05,102849,,,,,,,,,
9.999999999999994e-05,102849,,,,,,,,,
,102849,0.001429004012607038,0.00015629753761459142,0.0009806384332478046,0.00015732510655652732,0.0001316332200076431,3.1096719794732053e-06,44.0,1448,
,102878,,,,,,,,1448,0.02726852521300316
9.999999999999994e-05,102899,,,,,,,,,
9.999999999999994e-05,102899,,,,,,,,,
9.999999999999994e-05,102899,,,,,,,,,
,102899,0.000687484978698194,1.6415451682405546e-05,0.0004605167778208852,0.00012728729052469134,8.266585064120591e-05,5.996417939968524e-07,44.0,1449,
9.999999999999994e-05,102949,,,,,,,,,
,102949,0.003474873723462224,0.0009045786573551595,0.00168921600561589,0.0004097716009709984,0.0004708273627329618,4.799861130777572e-07,44.0,1449,
,102949,,,,,,,,1449,0.027699435129761696
9.999999999999994e-05,102999,,,,,,,,,
9.999999999999994e-05,102999,,,,,,,,,
9.999999999999994e-05,102999,,,,,,,,,
,102999,0.0009868916822597384,1.7318412574240938e-05,0.0006649433053098619,0.00014048330194782466,0.00016383454203605652,3.121079714674124e-07,44.0,1450,
,103020,,,,,,,,1450,0.0266948901116848
9.999999999999994e-05,103049,,,,,,,,,
9.999999999999994e-05,103049,,,,,,,,,
9.999999999999994e-05,103049,,,,,,,,,
,103049,0.0009881063597276807,9.853710798779503e-05,0.0005031428881920874,0.00020256316929589957,0.00018359909881837666,2.640157674704824e-07,44.0,1451,
,103091,,,,,,,,1451,0.028192436322569847
9.999999999999994e-05,103099,,,,,,,,,
9.999999999999994e-05,103099,,,,,,,,,
9.999999999999994e-05,103099,,,,,,,,,
,103099,0.0012518863659352064,3.2221323635894805e-06,0.000833932077512145,0.00023953513300511986,0.00017465298878960311,5.44065301255614e-07,44.0,1452,
9.999999999999994e-05,103149,,,,,,,,,
9.999999999999994e-05,103149,,,,,,,,,
9.999999999999994e-05,103149,,,,,,,,,
,103149,0.0017164937453344464,2.5597779313102365e-05,0.0013073401059955359,0.00021932176605332643,0.0001640204427530989,2.1363676694363676e-07,44.0,1452,
,103162,,,,,,,,1452,0.026375561952590942
9.999999999999994e-05,103199,,,,,,,,,
9.999999999999994e-05,103199,,,,,,,,,
9.999999999999994e-05,103199,,,,,,,,,
,103199,0.0011939149117097259,2.39059554587584e-05,0.0008407561108469963,0.00019541633082553744,0.00013350472727324814,3.317521475310059e-07,44.0,1453,
,103233,,,,,,,,1453,0.027285799384117126
9.999999999999994e-05,103249,,,,,,,,,
9.999999999999994e-05,103249,,,,,,,,,
9.999999999999994e-05,103249,,,,,,,,,
,103249,0.0013440417824313045,8.594166502007283e-06,0.0010567575227469206,0.00013990100705996156,0.0001385961368214339,1.9293065633974038e-07,44.0,1454,
9.999999999999994e-05,103299,,,,,,,,,
9.999999999999994e-05,103299,,,,,,,,,
9.999999999999994e-05,103299,,,,,,,,,
,103299,0.0007788421353325248,1.5345071005867794e-05,0.0005732589634135365,0.0001035291061270982,8.644442277727649e-05,2.646405903306004e-07,44.0,1454,
,103304,,,,,,,,1454,0.027619825676083565
9.999999999999994e-05,103349,,,,,,,,,
9.999999999999994e-05,103349,,,,,,,,,
9.999999999999994e-05,103349,,,,,,,,,
,103349,0.0016538144554942846,0.0003861021832562983,0.0010653368663042784,0.000119950229418464,8.21244393591769e-05,3.00739429803798e-07,44.0,1455,
,103375,,,,,,,,1455,0.027420710772275925
9.999999999999994e-05,103399,,,,,,,,,
9.999999999999994e-05,103399,,,,,,,,,
9.999999999999994e-05,103399,,,,,,,,,
,103399,0.002438722178339958,1.1137224646518007e-05,0.001871917163953185,0.0002822991809807718,0.0002731697168201208,1.9894791591923422e-07,44.0,1456,
,103446,,,,,,,,1456,0.027033008635044098
9.999999999999994e-05,103449,,,,,,,,,
9.999999999999994e-05,103449,,,,,,,,,
9.999999999999994e-05,103449,,,,,,,,,
,103449,0.0014763366198167205,5.5737822549417615e-05,0.0010714918607845902,0.00020467594731599092,0.0001440787164028734,3.522358724694641e-07,44.0,1457,
9.999999999999994e-05,103499,,,,,,,,,
9.999999999999994e-05,103499,,,,,,,,,
9.999999999999994e-05,103499,,,,,,,,,
,103499,0.00233772792853415,0.00013795342238154262,0.0019334480166435242,0.0001411740668118,0.00012495729606598616,1.952778632130503e-07,44.0,1457,
,103517,,,,,,,,1457,0.02657320909202099
9.999999999999994e-05,103549,,,,,,,,,
9.999999999999994e-05,103549,,,,,,,,,
9.999999999999994e-05,103549,,,,,,,,,
,103549,0.0016343636671081185,0.0002525813761167228,0.0008589982171542943,0.00028986018151044846,0.00023225776385515928,6.661236398031178e-07,44.0,1458,
,103588,,,,,,,,1458,0.026846498250961304
9.999999999999994e-05,103599,,,,,,,,,
9.999999999999994e-05,103599,,,,,,,,,
9.999999999999994e-05,103599,,,,,,,,,
,103599,0.001994287595152855,1.4036892025615089e-05,0.0015839862171560526,0.0001923154341056943,0.0001575642090756446,4.638492100639269e-05,44.0,1459,
9.999999999999994e-05,103649,,,,,,,,,
9.999999999999994e-05,103649,,,,,,,,,
9.999999999999994e-05,103649,,,,,,,,,
,103649,0.001170695060864091,0.00015337366494350135,0.0007194513455033302,0.00018174474826082587,0.00011147295299451798,4.652295046980726e-06,44.0,1459,
,103659,,,,,,,,1459,0.026894059032201767
9.999999999999994e-05,103699,,,,,,,,,
9.999999999999994e-05,103699,,,,,,,,,
9.999999999999994e-05,103699,,,,,,,,,
,103699,0.0006985498475842178,0.00012076288840034977,0.00037785788299515843,0.00012037552369292825,7.917663606349379e-05,3.76867632212452e-07,44.0,1460,
,103730,,,,,,,,1460,0.027142876759171486
9.999999999999994e-05,103749,,,,,,,,,
9.999999999999994e-05,103749,,,,,,,,,
9.999999999999994e-05,103749,,,,,,,,,
,103749,0.0011218894505873322,9.903014870360494e-06,0.0008044002461247146,0.0001900669449241832,0.00011704870848916471,4.7045745077411993e-07,44.0,1461,
9.999999999999994e-05,103799,,,,,,,,,
9.999999999999994e-05,103799,,,,,,,,,
9.999999999999994e-05,103799,,,,,,,,,
,103799,0.0008821584051474929,9.474770922679454e-05,0.0005704083014279604,0.0001297678827540949,8.68891438585706e-05,3.453831425304088e-07,44.0,1461,
,103801,,,,,,,,1461,0.026921160519123077
9.999999999999994e-05,103849,,,,,,,,,
9.999999999999994e-05,103849,,,,,,,,,
9.999999999999994e-05,103849,,,,,,,,,
,103849,0.0009225863614119589,3.318145900266245e-05,0.000625232991296798,0.000173231223016046,9.034649701789021e-05,5.941597009950783e-07,44.0,1462,
,103872,,,,,,,,1462,0.027531487867236137
9.999999999999994e-05,103899,,,,,,,,,
9.999999999999994e-05,103899,,,,,,,,,
9.999999999999994e-05,103899,,,,,,,,,
,103899,0.0011416901834309101,0.00016874450375325978,0.0007596224313601851,0.00011281626939307898,0.00010032123827841133,1.8583429550744768e-07,44.0,1463,
,103943,,,,,,,,1463,0.026989353820681572
9.999999999999994e-05,103949,,,,,,,,,
9.999999999999994e-05,103949,,,,,,,,,
9.999999999999994e-05,103949,,,,,,,,,
,103949,0.002619565464556217,0.0001395777944708243,0.0022827531211078167,0.00011323286162223667,8.369353599846363e-05,3.082559203448909e-07,44.0,1464,
9.999999999999994e-05,103999,,,,,,,,,
9.999999999999994e-05,103999,,,,,,,,,
9.999999999999994e-05,103999,,,,,,,,,
,103999,0.000587429734878242,4.999025804863777e-06,0.0003311221953481436,0.00016532886365894228,8.539656118955463e-05,5.830463578604395e-07,44.0,1464,
,104014,,,,,,,,1464,0.02681111730635166
9.999999999999994e-05,104049,,,,,,,,,
9.999999999999994e-05,104049,,,,,,,,,
9.999999999999994e-05,104049,,,,,,,,,
,104049,0.0007604741840623319,0.00011238704610150307,0.00035804646904580295,0.0001801926118787378,0.00010938821651507169,4.598692839863361e-07,44.0,1465,
,104085,,,,,,,,1465,0.02676643244922161
9.999999999999994e-05,104099,,,,,,,,,
9.999999999999994e-05,104099,,,,,,,,,
9.999999999999994e-05,104099,,,,,,,,,
,104099,0.0013077195035293698,6.847360054962337e-06,0.0009558289311826229,0.00020921652321703732,0.0001351863902527839,6.403358838724671e-07,44.0,1466,
9.999999999999994e-05,104149,,,,,,,,,
9.999999999999994e-05,104149,,,,,,,,,
9.999999999999994e-05,104149,,,,,,,,,
,104149,0.00045746297109872103,8.793547749519348e-06,0.0003127243835479021,9.166821837425232e-05,4.39647410530597e-05,3.1209415851662925e-07,44.0,1466,
,104156,,,,,,,,1466,0.02704654261469841
9.999999999999994e-05,104199,,,,,,,,,
9.999999999999994e-05,104199,,,,,,,,,
9.999999999999994e-05,104199,,,,,,,,,
,104199,0.0007368457154370844,4.573444130073767e-06,0.00044512050226330757,0.00017901741375681013,0.00010770046355901286,4.33899316476527e-07,44.0,1467,
,104227,,,,,,,,1467,0.027081111446022987
9.999999999999994e-05,104249,,,,,,,,,
9.999999999999994e-05,104249,,,,,,,,,
9.999999999999994e-05,104249,,,,,,,,,
,104249,0.0005917167291045189,1.1912349691556301e-05,0.0003515430726110935,0.00014906557044014335,7.767346687614918e-05,1.522255615782342e-06,44.0,1468,
,104298,,,,,,,,1468,0.026984388008713722
9.999999999999994e-05,104299,,,,,,,,,
9.999999999999994e-05,104299,,,,,,,,,
9.999999999999994e-05,104299,,,,,,,,,
,104299,0.001010063337162137,9.40002646530047e-05,0.0007620516116730869,9.918757132254541e-05,5.3896383178653196e-05,9.27571818465367e-07,44.0,1469,
9.999999999999994e-05,104349,,,,,,,,,
9.999999999999994e-05,104349,,,,,,,,,
9.999999999999994e-05,104349,,,,,,,,,
,104349,0.0006766385631635785,0.00012451411748770624,0.00025932735297828913,0.00016809816588647664,0.00012290015001781285,1.798859670998354e-06,44.0,1469,
,104369,,,,,,,,1469,0.02791234478354454
9.999999999999994e-05,104399,,,,,,,,,
9.999999999999994e-05,104399,,,,,,,,,
9.999999999999994e-05,104399,,,,,,,,,
,104399,0.0008296401938423514,1.569881715113297e-05,0.0005811494193039834,0.00013300620776135474,8.449471351923421e-05,1.5291047020582482e-05,44.0,1470,
,104440,,,,,,,,1470,0.027091212570667267
9.999999999999994e-05,104449,,,,,,,,,
9.999999999999994e-05,104449,,,,,,,,,
9.999999999999994e-05,104449,,,,,,,,,
,104449,0.0009545996435917914,0.000215891283005476,0.00035847516846843064,0.0002086314489133656,0.00011432690371293575,5.7274890423286706e-05,44.0,1471,
9.999999999999994e-05,104499,,,,,,,,,
9.999999999999994e-05,104499,,,,,,,,,
9.999999999999994e-05,104499,,,,,,,,,
,104499,0.0011037829099223018,0.00023267834330908954,0.0005263047059997916,0.0001941668160725385,0.00014984044537413865,7.925956992949068e-07,44.0,1471,
,104511,,,,,,,,1471,0.027137702330946922
9.999999999999994e-05,104549,,,,,,,,,
9.999999999999994e-05,104549,,,,,,,,,
9.999999999999994e-05,104549,,,,,,,,,
,104549,0.002147307386621833,0.0002524452283978462,0.0014872244792059064,0.00019740038260351866,0.00020986315212212503,3.742227079328586e-07,44.0,1472,
,104582,,,,,,,,1472,0.02675657905638218
9.999999999999994e-05,104599,,,,,,,,,
9.999999999999994e-05,104599,,,,,,,,,
9.999999999999994e-05,104599,,,,,,,,,
,104599,0.001085212454199791,2.7287615012028255e-05,0.0007081771036610007,0.00018902774900197983,0.0001604407443664968,2.791837516724627e-07,44.0,1473,
9.999999999999994e-05,104649,,,,,,,,,
9.999999999999994e-05,104649,,,,,,,,,
9.999999999999994e-05,104649,,,,,,,,,
,104649,0.0019200480310246348,3.439160354901105e-05,0.0009872418595477939,0.0005541121936403215,0.00034396324190311134,3.391639893379761e-07,44.0,1473,
,104653,,,,,,,,1473,0.02713790163397789
9.999999999999994e-05,104699,,,,,,,,,
9.999999999999994e-05,104699,,,,,,,,,
9.999999999999994e-05,104699,,,,,,,,,
,104699,0.0022709190379828215,0.0001320900919381529,0.0013550794683396816,0.00042193790432065725,0.000361466605681926,3.450119265835383e-07,44.0,1474,
,104724,,,,,,,,1474,0.026748942211270332
9.999999999999994e-05,104749,,,,,,,,,
9.999999999999994e-05,104749,,,,,,,,,
9.999999999999994e-05,104749,,,,,,,,,
,104749,0.0021847307216376066,6.920199666637927e-05,0.0015698757488280535,0.0003117011219728738,0.0002336067846044898,3.451069119364547e-07,44.0,1475,
,104795,,,,,,,,1475,0.028569281101226807
9.999999999999994e-05,104799,,,,,,,,,
9.999999999999994e-05,104799,,,,,,,,,
9.999999999999994e-05,104799,,,,,,,,,
,104799,0.002923842752352357,0.00028042899793945253,0.0017108593601733446,0.0004597392398864031,0.00047249329509213567,3.2209007372330234e-07,44.0,1476,
9.999999999999994e-05,104849,,,,,,,,,
9.999999999999994e-05,104849,,,,,,,,,
9.999999999999994e-05,104849,,,,,,,,,
,104849,0.0017747952369973063,0.0003761590924113989,0.0008403785177506506,0.00028621789533644915,0.00027172514819540083,3.147258667013375e-07,44.0,1476,
,104866,,,,,,,,1476,0.027166739106178284
9.999999999999994e-05,104899,,,,,,,,,
9.999999999999994e-05,104899,,,,,,,,,
9.999999999999994e-05,104899,,,,,,,,,
,104899,0.0011104451259598136,0.0001182429477921687,0.00075106683652848,0.00014013324107509106,0.00010071283031720668,2.8925043693561747e-07,44.0,1477,
,104937,,,,,,,,1477,0.027325281873345375
9.999999999999994e-05,104949,,,,,,,,,
9.999999999999994e-05,104949,,,,,,,,,
9.999999999999994e-05,104949,,,,,,,,,
,104949,0.0007469102856703103,2.3848097043810412e-05,0.0005753551376983523,8.36236504255794e-05,6.38407000224106e-05,2.42718215304194e-07,44.0,1478,
9.999999999999994e-05,104999,,,,,,,,,
9.999999999999994e-05,104999,,,,,,,,,
9.999999999999994e-05,104999,,,,,,,,,
,104999,0.0006049679359421134,0.00010400032624602318,0.00034892192343249917,9.942489850800484e-05,5.229202361078933e-05,3.287313461441954e-07,44.0,1478,
,105008,,,,,,,,1478,0.027315707877278328
9.999999999999994e-05,105049,,,,,,,,,
9.999999999999994e-05,105049,,,,,,,,,
9.999999999999994e-05,105049,,,,,,,,,
,105049,0.0005377737688831985,1.5614610674674623e-05,0.00039794042822904885,7.537264900747687e-05,4.866881499765441e-05,1.7725179191074858e-07,44.0,1479,
,105079,,,,,,,,1479,0.026821574196219444
9.999999999999994e-05,105099,,,,,,,,,
9.999999999999994e-05,105099,,,,,,,,,
9.999999999999994e-05,105099,,,,,,,,,
,105099,0.0007011893903836608,9.068688086699694e-05,0.0004297342384234071,0.00011627529602264985,6.412401125999168e-05,3.689827678954316e-07,44.0,1480,
9.999999999999994e-05,105149,,,,,,,,,
9.999999999999994e-05,105149,,,,,,,,,
9.999999999999994e-05,105149,,,,,,,,,
,105149,0.0005278487806208432,5.156405677553266e-06,0.0003456864506006241,0.00010320897126803175,7.356101559707895e-05,2.3594081710598402e-07,44.0,1480,
,105150,,,,,,,,1480,0.027387412264943123
9.999999999999994e-05,105199,,,,,,,,,
9.999999999999994e-05,105199,,,,,,,,,
9.999999999999994e-05,105199,,,,,,,,,
,105199,0.0009948894148692489,0.0001064453535946086,0.0007265727035701275,0.00010015700536314398,6.147786189103499e-05,2.366067377579384e-07,44.0,1481,
,105221,,,,,,,,1481,0.026775918900966644
9.999999999999994e-05,105249,,,,,,,,,
9.999999999999994e-05,105249,,,,,,,,,
9.999999999999994e-05,105249,,,,,,,,,
,105249,0.0009349088650196791,1.1599899153225124e-05,0.0004911875585094094,0.00023381791834253818,0.0001979204243980348,3.830544414995529e-07,44.0,1482,
,105292,,,,,,,,1482,0.02721645124256611
9.999999999999994e-05,105299,,,,,,,,,
9.999999999999994e-05,105299,,,,,,,,,
9.999999999999994e-05,105299,,,,,,,,,
,105299,0.0007340554147958755,8.05962918093428e-06,0.0004936069599352777,0.00013609016605187207,9.602109639672562e-05,2.775992697934271e-07,44.0,1483,
9.999999999999994e-05,105349,,,,,,,,,
9.999999999999994e-05,105349,,,,,,,,,
9.999999999999994e-05,105349,,,,,,,,,
,105349,0.021158358082175255,0.020359203219413757,0.0006459215073846281,8.637603605166078e-05,6.657489575445652e-05,2.8243431415830855e-07,45.0,1483,
,105363,,,,,,,,1483,0.026976659893989563
9.999999999999994e-05,105399,,,,,,,,,
9.999999999999994e-05,105399,,,,,,,,,
9.999999999999994e-05,105399,,,,,,,,,
,105399,0.0015266035916283727,0.0002609573130030185,0.0010594031773507595,0.00012122467887820676,8.478086238028482e-05,2.3757962708259583e-07,45.0,1484,
,105434,,,,,,,,1484,0.026869704946875572
9.999999999999994e-05,105449,,,,,,,,,
9.999999999999994e-05,105449,,,,,,,,,
9.999999999999994e-05,105449,,,,,,,,,
,105449,0.0009387694299221039,0.00014908041339367628,0.0005142792360857129,0.00016847490041982383,0.0001066066834027879,3.2818985573612736e-07,45.0,1485,
9.999999999999994e-05,105499,,,,,,,,,
9.999999999999994e-05,105499,,,,,,,,,
9.999999999999994e-05,105499,,,,,,,,,
,105499,0.000921986938919872,1.4314720829133876e-05,0.0005988532793708146,0.00017720319738145918,0.00013120926450937986,4.064928873503959e-07,45.0,1485,
,105505,,,,,,,,1485,0.026651786640286446
9.999999999999994e-05,105549,,,,,,,,,
9.999999999999994e-05,105549,,,,,,,,,
9.999999999999994e-05,105549,,,,,,,,,
,105549,0.0009339437820017338,1.3050408597337082e-05,0.0005937673267908394,0.00019364217587281018,0.00013316031254362315,3.2355453072341334e-07,45.0,1486,
,105576,,,,,,,,1486,0.02846667356789112
9.999999999999994e-05,105599,,,,,,,,,
9.999999999999994e-05,105599,,,,,,,,,
9.999999999999994e-05,105599,,,,,,,,,
,105599,0.0014319169567897916,3.920715971617028e-05,0.0011193956015631557,0.00015200430061668158,0.00012100364256184548,3.063118185764324e-07,45.0,1487,
,105647,,,,,,,,1487,0.027166005223989487
9.999999999999994e-05,105649,,,,,,,,,
9.999999999999994e-05,105649,,,,,,,,,
9.999999999999994e-05,105649,,,,,,,,,
,105649,0.0017457802314311266,0.00035009742714464664,0.0010674482909962535,0.00017003569519147277,0.00015796555089764297,2.3328617260176543e-07,45.0,1488,
9.999999999999994e-05,105699,,,,,,,,,
9.999999999999994e-05,105699,,,,,,,,,
9.999999999999994e-05,105699,,,,,,,,,
,105699,0.0017667952924966812,0.000554462312720716,0.0009239849750883877,0.00017079157987609506,9.548228263156489e-05,2.2074051230447367e-05,45.0,1488,
,105718,,,,,,,,1488,0.02701978012919426
9.999999999999994e-05,105749,,,,,,,,,
9.999999999999994e-05,105749,,,,,,,,,
9.999999999999994e-05,105749,,,,,,,,,
,105749,0.001604848075658083,7.347092468990013e-05,0.0013339254073798656,0.00011704055941663682,7.999619992915541e-05,4.1499740177641797e-07,45.0,1489,
,105789,,,,,,,,1489,0.026814434677362442
9.999999999999994e-05,105799,,,,,,,,,
9.999999999999994e-05,105799,,,,,,,,,
9.999999999999994e-05,105799,,,,,,,,,
,105799,0.000689400767441839,0.0001040041825035587,0.00039966418989934027,0.00010865629883483052,7.657864625798538e-05,4.974376111022139e-07,45.0,1490,
9.999999999999994e-05,105849,,,,,,,,,
9.999999999999994e-05,105849,,,,,,,,,
9.999999999999994e-05,105849,,,,,,,,,
,105849,0.000824540329631418,1.0730504982348066e-05,0.0005995901301503181,0.0001122958492487669,9.874111856333911e-05,3.1827310067455983e-06,45.0,1490,
,105860,,,,,,,,1490,0.026785941794514656
9.999999999999994e-05,105899,,,,,,,,,
9.999999999999994e-05,105899,,,,,,,,,
9.999999999999994e-05,105899,,,,,,,,,
,105899,0.0007501949439756572,1.374825842503924e-05,0.0005071376799605787,0.00012812722707167268,9.04771513887681e-05,1.0704638043534942e-05,45.0,1491,
,105931,,,,,,,,1491,0.027075285091996193
9.999999999999994e-05,105949,,,,,,,,,
9.999999999999994e-05,105949,,,,,,,,,
9.999999999999994e-05,105949,,,,,,,,,
,105949,0.0018824402941390872,5.4348260164260864e-05,0.0013504012022167444,0.0002456863294355571,0.00019123198580928147,4.07724546676036e-05,45.0,1492,
9.999999999999994e-05,105999,,,,,,,,,
9.999999999999994e-05,105999,,,,,,,,,
9.999999999999994e-05,105999,,,,,,,,,
,105999,0.0018023657612502575,1.315272857027594e-05,0.0010368688963353634,0.00028615110204555094,0.0002925892476923764,0.000173603868461214,45.0,1492,
,106002,,,,,,,,1492,0.028119493275880814
9.999999999999994e-05,106049,,,,,,,,,
9.999999999999994e-05,106049,,,,,,,,,
9.999999999999994e-05,106049,,,,,,,,,
,106049,0.00090607168385759,8.876079846231733e-06,0.0004647379391826689,0.00022518771584145725,0.00020655925618484616,7.107411192919244e-07,45.0,1493,
,106073,,,,,,,,1493,0.02761375717818737
9.999999999999994e-05,106099,,,,,,,,,
9.999999999999994e-05,106099,,,,,,,,,
9.999999999999994e-05,106099,,,,,,,,,
,106099,0.001494714873842895,1.7809335986385122e-05,0.0009336704388260841,0.0002989165368489921,0.0002439380914438516,3.805085100339056e-07,45.0,1494,
,106144,,,,,,,,1494,0.026941915974020958
9.999999999999994e-05,106149,,,,,,,,,
9.999999999999994e-05,106149,,,,,,,,,
9.999999999999994e-05,106149,,,,,,,,,
,106149,0.0031515350565314293,0.0009339640964753926,0.0010795141570270061,0.0005208138609305024,0.0006169690750539303,2.737794204676902e-07,45.0,1495,
9.999999999999994e-05,106199,,,,,,,,,
9.999999999999994e-05,106199,,,,,,,,,
9.999999999999994e-05,106199,,,,,,,,,
,106199,0.0013181825634092093,2.2419048036681488e-05,0.000914891657885164,0.00019949075067415833,0.0001811059919418767,2.7505581101650023e-07,45.0,1495,
,106215,,,,,,,,1495,0.027453849092125893
9.999999999999994e-05,106249,,,,,,,,,
9.999999999999994e-05,106249,,,,,,,,,
9.999999999999994e-05,106249,,,,,,,,,
,106249,0.0022337711416184902,5.090942431706935e-05,0.0015945769846439362,0.0003032524255104363,0.00028471776749938726,3.14361187747636e-07,45.0,1496,
,106286,,,,,,,,1496,0.027021484449505806
9.999999999999994e-05,106299,,,,,,,,,
9.999999999999994e-05,106299,,,,,,,,,
9.999999999999994e-05,106299,,,,,,,,,
,106299,0.0014631934463977814,0.0001938319328473881,0.0009255027398467064,0.00020378320186864585,0.00013973150635138154,3.441711839968775e-07,45.0,1497,
9.999999999999994e-05,106349,,,,,,,,,
9.999999999999994e-05,106349,,,,,,,,,
9.999999999999994e-05,106349,,,,,,,,,
,106349,0.0016440385952591896,0.00016320587019436061,0.0011054764036089182,0.0002180664596380666,0.00015693349996581674,3.561754908787407e-07,45.0,1497,
,106357,,,,,,,,1497,0.026832107454538345
9.999999999999994e-05,106399,,,,,,,,,
9.999999999999994e-05,106399,,,,,,,,,
9.999999999999994e-05,106399,,,,,,,,,
,106399,0.0011400120565667748,3.0511671866406687e-05,0.0008323272923007607,0.00016549049178138375,0.0001112938261940144,3.886854074153234e-07,45.0,1498,
,106428,,,,,,,,1498,0.026963287964463234
9.999999999999994e-05,106449,,,,,,,,,
9.999999999999994e-05,106449,,,,,,,,,
9.999999999999994e-05,106449,,,,,,,,,
,106449,0.001246667467057705,0.00017992526409216225,0.0007498402846977115,0.00018573673150967807,0.00013086908438708633,2.9613914875881164e-07,45.0,1499,
9.999999999999994e-05,106499,,,,,,,,,
,106499,0.0011567608453333378,0.00020477490033954382,0.0006334358477033675,0.00019558909116312861,0.0001224143197759986,5.467050527840911e-07,45.0,1499,
,106499,,,,,,,,1499,0.02711314521729946
9.999999999999994e-05,106549,,,,,,,,,
9.999999999999994e-05,106549,,,,,,,,,
9.999999999999994e-05,106549,,,,,,,,,
,106549,0.000868559000082314,0.0001283185847569257,0.0005096913664601743,0.00013828383816871792,9.200655040331185e-05,2.586862990483496e-07,45.0,1500,
,106570,,,,,,,,1500,0.026975857093930244
9.999999999999994e-05,106599,,,,,,,,,
9.999999999999994e-05,106599,,,,,,,,,
9.999999999999994e-05,106599,,,,,,,,,
,106599,0.0012358161620795727,4.773163254867541e-06,0.0009034114191308618,0.0001785043132258579,0.00014885127893649042,2.7602800400927663e-07,45.0,1501,
,106641,,,,,,,,1501,0.026897966861724854
9.999999999999994e-05,106649,,,,,,,,,
9.999999999999994e-05,106649,,,,,,,,,
9.999999999999994e-05,106649,,,,,,,,,
,106649,0.0008611560333520174,4.154589623794891e-05,0.0005322487559169531,0.00018141251348424703,0.00010551532614044845,4.335390428877872e-07,45.0,1502,
9.999999999999994e-05,106699,,,,,,,,,
9.999999999999994e-05,106699,,,,,,,,,
9.999999999999994e-05,106699,,,,,,,,,
,106699,0.0008156438707374036,0.00012217626499477774,0.0004936448531225324,0.00013038216275162995,6.90962842782028e-05,3.443464606789348e-07,45.0,1502,
,106712,,,,,,,,1502,0.02701682224869728
9.999999999999994e-05,106749,,,,,,,,,
9.999999999999994e-05,106749,,,,,,,,,
9.999999999999994e-05,106749,,,,,,,,,
,106749,0.001735722180455923,1.2448199413483962e-05,0.0014761926140636206,0.00012810145562980324,8.932448690757155e-05,2.9655360776814632e-05,45.0,1503,
,106783,,,,,,,,1503,0.026875320822000504
9.999999999999994e-05,106799,,,,,,,,,
9.999999999999994e-05,106799,,,,,,,,,
9.999999999999994e-05,106799,,,,,,,,,
,106799,0.0008857522043399513,0.00018973957048729062,0.0004343790060374886,0.0001665202435106039,8.617489220341668e-05,8.938489372667391e-06,45.0,1504,
9.999999999999994e-05,106849,,,,,,,,,
9.999999999999994e-05,106849,,,,,,,,,
9.999999999999994e-05,106849,,,,,,,,,
,106849,0.0007095238543115556,0.00011423524847486988,0.0004034049925394356,0.0001086752163246274,8.223154145525768e-05,9.768399422682705e-07,45.0,1504,
,106854,,,,,,,,1504,0.026811862364411354
9.999999999999994e-05,106899,,,,,,,,,
9.999999999999994e-05,106899,,,,,,,,,
9.999999999999994e-05,106899,,,,,,,,,
,106899,0.0008819978684186935,0.00016968464478850365,0.0004530807491391897,0.00016517106269020587,9.351680637337267e-05,5.445941155812761e-07,45.0,1505,
,106925,,,,,,,,1505,0.02675064653158188
9.999999999999994e-05,106949,,,,,,,,,
9.999999999999994e-05,106949,,,,,,,,,
9.999999999999994e-05,106949,,,,,,,,,
,106949,0.001435230253264308,2.1512671082746238e-05,0.0011652009561657906,0.00013154937187209725,0.00011678395821945742,1.8340708152209118e-07,45.0,1506,
,106996,,,,,,,,1506,0.027400827035307884
9.999999999999994e-05,106999,,,,,,,,,
9.999999999999994e-05,106999,,,,,,,,,
9.999999999999994e-05,106999,,,,,,,,,
,106999,0.0007423487841151655,4.562819594866596e-05,0.0005917055532336235,6.923122418811545e-05,3.552075941115618e-05,2.6307830580662994e-07,45.0,1507,
9.999999999999994e-05,107049,,,,,,,,,
9.999999999999994e-05,107049,,,,,,,,,
9.999999999999994e-05,107049,,,,,,,,,
,107049,0.000954312039539218,0.00020630695507861674,0.0005020101671107113,0.00014349879347719252,0.00010218457464361563,3.115216600235726e-07,45.0,1507,
,107067,,,,,,,,1507,0.02697703242301941
9.999999999999994e-05,107099,,,,,,,,,
9.999999999999994e-05,107099,,,,,,,,,
9.999999999999994e-05,107099,,,,,,,,,
,107099,0.0009679669747129083,0.00010605681745801121,0.0006431412766687572,0.00013174358173273504,8.670040551805869e-05,3.249044482345198e-07,45.0,1508,
,107138,,,,,,,,1508,0.026740163564682007
9.999999999999994e-05,107149,,,,,,,,,
9.999999999999994e-05,107149,,,,,,,,,
9.999999999999994e-05,107149,,,,,,,,,
,107149,0.0008452230249531567,7.629701576661319e-05,0.0005727414973080158,0.00011931361950701103,7.652190834050998e-05,3.490237077130587e-07,45.0,1509,
9.999999999999994e-05,107199,,,,,,,,,
9.999999999999994e-05,107199,,,,,,,,,
9.999999999999994e-05,107199,,,,,,,,,
,107199,0.001055235741659999,3.6005898436997086e-05,0.0008091283962130547,0.00012465320469345897,8.487626473652199e-05,5.719286377825483e-07,45.0,1509,
,107209,,,,,,,,1509,0.02688940241932869
9.999999999999994e-05,107249,,,,,,,,,
9.999999999999994e-05,107249,,,,,,,,,
9.999999999999994e-05,107249,,,,,,,,,
,107249,0.0008919561514630914,5.259532554191537e-05,0.0005148155614733696,0.0002015454083448276,0.00012261841038707644,3.814172089278145e-07,45.0,1510,
,107280,,,,,,,,1510,0.027074001729488373
9.999999999999994e-05,107299,,,,,,,,,
9.999999999999994e-05,107299,,,,,,,,,
9.999999999999994e-05,107299,,,,,,,,,
,107299,0.0011106823803856969,0.00010489778651390225,0.0007842459599487484,0.00013296958059072495,8.83262837305665e-05,2.428438392598764e-07,45.0,1511,
9.999999999999994e-05,107349,,,,,,,,,
9.999999999999994e-05,107349,,,,,,,,,
9.999999999999994e-05,107349,,,,,,,,,
,107349,0.0011011267779394984,0.00027403346030041575,0.0005357047193683684,0.0001808794040698558,0.00010977554484270513,7.336009844038927e-07,45.0,1511,
,107351,,,,,,,,1511,0.026973281055688858
9.999999999999994e-05,107399,,,,,,,,,
9.999999999999994e-05,107399,,,,,,,,,
9.999999999999994e-05,107399,,,,,,,,,
,107399,0.0016664550639688969,0.00011856351920869201,0.0011669534724205732,0.00021484491298906505,0.00016572553431615233,3.6766996913684125e-07,45.0,1512,
,107422,,,,,,,,1512,0.026348751038312912
9.999999999999994e-05,107449,,,,,,,,,
9.999999999999994e-05,107449,,,,,,,,,
9.999999999999994e-05,107449,,,,,,,,,
,107449,0.0007249886984936893,2.2335419998853467e-05,0.00047537387581542134,0.0001344281481578946,9.255441545974463e-05,2.9682732360925e-07,45.0,1513,
,107493,,,,,,,,1513,0.026044592261314392
9.999999999999994e-05,107499,,,,,,,,,
9.999999999999994e-05,107499,,,,,,,,,
9.999999999999994e-05,107499,,,,,,,,,
,107499,0.0014721136540174484,0.00016541389049962163,0.0009330561151728034,0.0002133609668817371,0.0001598446542629972,4.380044629215263e-07,45.0,1514,
9.999999999999994e-05,107549,,,,,,,,,
9.999999999999994e-05,107549,,,,,,,,,
9.999999999999994e-05,107549,,,,,,,,,
,107549,0.0007221486885100603,1.0767415915324818e-05,0.0004351361421868205,0.00017516687512397766,9.671483712736517e-05,4.363431344245328e-06,45.0,1514,
,107564,,,,,,,,1514,0.027546459808945656
9.999999999999994e-05,107599,,,,,,,,,
9.999999999999994e-05,107599,,,,,,,,,
9.999999999999994e-05,107599,,,,,,,,,
,107599,0.0018160071922466159,5.7107696193270385e-05,0.0012207815889269114,0.0002738916373346001,0.0001986062852665782,6.56200063531287e-05,45.0,1515,
,107635,,,,,,,,1515,0.026729995384812355
9.999999999999994e-05,107649,,,,,,,,,
9.999999999999994e-05,107649,,,,,,,,,
9.999999999999994e-05,107649,,,,,,,,,
,107649,0.001107649179175496,1.310542029386852e-05,0.000792528735473752,0.00017317508172709495,8.12984217191115e-05,4.7541620006086305e-05,45.0,1516,
9.999999999999994e-05,107699,,,,,,,,,
9.999999999999994e-05,107699,,,,,,,,,
9.999999999999994e-05,107699,,,,,,,,,
,107699,0.001898693386465311,0.00012721054372377694,0.0013814745470881462,0.00025345681933686137,0.00011337884643580765,2.3172602595877834e-05,45.0,1516,
,107706,,,,,,,,1516,0.027132287621498108
9.999999999999994e-05,107749,,,,,,,,,
9.999999999999994e-05,107749,,,,,,,,,
9.999999999999994e-05,107749,,,,,,,,,
,107749,0.0014078713720664382,0.0001522144884802401,0.0009615420131012797,0.00017127281171269715,0.00012243221863172948,4.0979753634928784e-07,45.0,1517,
,107777,,,,,,,,1517,0.026884064078330994
9.999999999999994e-05,107799,,,,,,,,,
9.999999999999994e-05,107799,,,,,,,,,
9.999999999999994e-05,107799,,,,,,,,,
,107799,0.0014581555733457208,0.00020060583483427763,0.0008597153937444091,0.00020825197861995548,0.00018921957234852016,3.6277657500249916e-07,45.0,1518,
,107848,,,,,,,,1518,0.02677818015217781
9.999999999999994e-05,107849,,,,,,,,,
9.999999999999994e-05,107849,,,,,,,,,
9.999999999999994e-05,107849,,,,,,,,,
,107849,0.001041735871694982,1.5661693396396004e-05,0.0007094955653883517,0.0001811445108614862,0.00013508016127161682,3.5384735497245856e-07,45.0,1519,
9.999999999999994e-05,107899,,,,,,,,,
9.999999999999994e-05,107899,,,,,,,,,
9.999999999999994e-05,107899,,,,,,,,,
,107899,0.0021005275193601847,0.00016169724403880537,0.0014126698952168226,0.00029984451248310506,0.00022584661201108247,4.6903804218345613e-07,45.0,1519,
,107919,,,,,,,,1519,0.02681908942759037
9.999999999999994e-05,107949,,,,,,,,,
9.999999999999994e-05,107949,,,,,,,,,
9.999999999999994e-05,107949,,,,,,,,,
,107949,0.0008309646509587765,1.5112865185074043e-05,0.0005676013533957303,0.00015490312944166362,9.302098624175414e-05,3.2631109547764936e-07,45.0,1520,
,107990,,,,,,,,1520,0.027149945497512817
9.999999999999994e-05,107999,,,,,,,,,
9.999999999999994e-05,107999,,,,,,,,,
9.999999999999994e-05,107999,,,,,,,,,
,107999,0.0006058210274204612,2.278106694575399e-05,0.0003325770376250148,0.00014413893222808838,0.00010608576121740043,2.3818438421585597e-07,45.0,1521,
9.999999999999994e-05,108049,,,,,,,,,
9.999999999999994e-05,108049,,,,,,,,,
9.999999999999994e-05,108049,,,,,,,,,
,108049,0.0008663003682158887,8.725820953259245e-05,0.0006112428964115679,0.00010050301352748647,6.71177840558812e-05,1.7838958399352123e-07,45.0,1521,
,108061,,,,,,,,1521,0.027321787551045418
9.999999999999994e-05,108099,,,,,,,,,
9.999999999999994e-05,108099,,,,,,,,,
9.999999999999994e-05,108099,,,,,,,,,
,108099,0.0011116394307464361,3.2837979233590886e-05,0.0007646859157830477,0.00018093682592734694,0.0001326623314525932,5.162933689462079e-07,45.0,1522,
,108132,,,,,,,,1522,0.027195021510124207
9.999999999999994e-05,108149,,,,,,,,,
9.999999999999994e-05,108149,,,,,,,,,
9.999999999999994e-05,108149,,,,,,,,,
,108149,0.0006421987200155854,5.9611862525343895e-05,0.0003512599505484104,0.00014900550013408065,8.177536074072123e-05,5.460581746774551e-07,45.0,1523,
9.999999999999994e-05,108199,,,,,,,,,
9.999999999999994e-05,108199,,,,,,,,,
9.999999999999994e-05,108199,,,,,,,,,
,108199,0.0006796804373152554,6.048631803423632e-06,0.0005254396819509566,9.088325896300375e-05,5.665456410497427e-05,6.543281756421493e-07,45.0,1523,
,108203,,,,,,,,1523,0.027188705280423164
9.999999999999994e-05,108249,,,,,,,,,
9.999999999999994e-05,108249,,,,,,,,,
9.999999999999994e-05,108249,,,,,,,,,
,108249,0.0014509707689285278,9.647407568991184e-05,0.0010039458284154534,0.0002018351515289396,0.00014842726523056626,2.8852940658907755e-07,45.0,1524,
,108274,,,,,,,,1524,0.027169546112418175
9.999999999999994e-05,108299,,,,,,,,,
9.999999999999994e-05,108299,,,,,,,,,
9.999999999999994e-05,108299,,,,,,,,,
,108299,0.0007120486116036773,5.4343279771273956e-05,0.00042440497782081366,0.00013481469068210572,9.821361891226843e-05,2.720687177770742e-07,45.0,1525,
,108345,,,,,,,,1525,0.027218371629714966
9.999999999999994e-05,108349,,,,,,,,,
9.999999999999994e-05,108349,,,,,,,,,
9.999999999999994e-05,108349,,,,,,,,,
,108349,0.0007669779588468373,0.00019428212544880807,0.00032043253304436803,0.00015480010188184679,9.713701729197055e-05,3.261692143041728e-07,45.0,1526,
9.999999999999994e-05,108399,,,,,,,,,
9.999999999999994e-05,108399,,,,,,,,,
9.999999999999994e-05,108399,,,,,,,,,
,108399,0.0014958768151700497,0.00014539933181367815,0.0010269246995449066,0.00017965715960599482,0.00014367862604558468,2.1694242491321347e-07,45.0,1526,
,108416,,,,,,,,1526,0.02679648995399475
9.999999999999994e-05,108449,,,,,,,,,
9.999999999999994e-05,108449,,,,,,,,,
9.999999999999994e-05,108449,,,,,,,,,
,108449,0.0007411736878566444,0.00012348762538749725,0.00030489597702398896,0.000186789664439857,0.0001252769579878077,7.234513645926199e-07,45.0,1527,
,108487,,,,,,,,1527,0.027445301413536072
9.999999999999994e-05,108499,,,,,,,,,
9.999999999999994e-05,108499,,,,,,,,,
9.999999999999994e-05,108499,,,,,,,,,
,108499,0.0014852024614810944,0.00011742876085918397,0.0010684669250622392,0.00015100523887667805,0.00014801685756538063,2.847313567144738e-07,45.0,1528,
9.999999999999994e-05,108549,,,,,,,,,
9.999999999999994e-05,108549,,,,,,,,,
9.999999999999994e-05,108549,,,,,,,,,
,108549,0.0009431052603758872,0.0001405311923008412,0.0006183565128594637,0.00011273174459347501,7.115845801308751e-05,3.272862159064971e-07,45.0,1528,
,108558,,,,,,,,1528,0.026596926152706146
9.999999999999994e-05,108599,,,,,,,,,
9.999999999999994e-05,108599,,,,,,,,,
9.999999999999994e-05,108599,,,,,,,,,
,108599,0.0011546909809112549,0.0001170312607428059,0.0008833076572045684,8.522711141267791e-05,6.887890776852146e-05,2.4615562210783537e-07,45.0,1529,
,108629,,,,,,,,1529,0.026746638119220734
9.999999999999994e-05,108649,,,,,,,,,
9.999999999999994e-05,108649,,,,,,,,,
9.999999999999994e-05,108649,,,,,,,,,
,108649,0.0010033182334154844,0.000110057313577272,0.0005710872355848551,0.0002012319746427238,0.00011978163092862815,1.1600344578255317e-06,45.0,1530,
9.999999999999994e-05,108699,,,,,,,,,
9.999999999999994e-05,108699,,,,,,,,,
9.999999999999994e-05,108699,,,,,,,,,
,108699,0.0009534968412481248,1.2506367056630552e-05,0.0005636669811792672,0.00017432202002964914,0.00012421573046594858,7.878573524067178e-05,45.0,1530,
,108700,,,,,,,,1530,0.026954762637615204
9.999999999999994e-05,108749,,,,,,,,,
9.999999999999994e-05,108749,,,,,,,,,
9.999999999999994e-05,108749,,,,,,,,,
,108749,0.0005253301933407784,6.680359092570143e-06,0.00036382448161020875,8.679609163664281e-05,4.701497164205648e-05,2.101432801282499e-05,45.0,1531,
,108771,,,,,,,,1531,0.026730885729193687
9.999999999999994e-05,108799,,,,,,,,,
9.999999999999994e-05,108799,,,,,,,,,
9.999999999999994e-05,108799,,,,,,,,,
,108799,0.0008518912363797426,4.928853377350606e-05,0.00047375980648212135,0.00019123255333397537,0.00013699005648959428,6.203071052368614e-07,45.0,1532,
,108842,,,,,,,,1532,0.027182506397366524
9.999999999999994e-05,108849,,,,,,,,,
9.999999999999994e-05,108849,,,,,,,,,
9.999999999999994e-05,108849,,,,,,,,,
,108849,0.0023769671097397804,0.00024694541934877634,0.001477757003158331,0.00035873858723789454,0.0002929882612079382,5.378451533033513e-07,45.0,1533,
9.999999999999994e-05,108899,,,,,,,,,
9.999999999999994e-05,108899,,,,,,,,,
9.999999999999994e-05,108899,,,,,,,,,
,108899,0.0008624465554021299,1.2867159966845065e-05,0.0005960006965324283,0.00015270087169483304,0.00010053904406959191,3.387696096979198e-07,45.0,1533,
,108913,,,,,,,,1533,0.027184531092643738
9.999999999999994e-05,108949,,,,,,,,,
9.999999999999994e-05,108949,,,,,,,,,
9.999999999999994e-05,108949,,,,,,,,,
,108949,0.0008189768996089697,6.8211315920052584e-06,0.0006036770064383745,0.00011999643174931407,8.81865416886285e-05,2.9581141802736965e-07,45.0,1534,
,108984,,,,,,,,1534,0.027103383094072342
9.999999999999994e-05,108999,,,,,,,,,
9.999999999999994e-05,108999,,,,,,,,,
9.999999999999994e-05,108999,,,,,,,,,
,108999,0.0006332665216177702,4.4754087866749614e-06,0.0004209321632515639,0.00012988656817469746,7.762349559925497e-05,3.488843560717214e-07,45.0,1535,
9.999999999999994e-05,109049,,,,,,,,,
9.999999999999994e-05,109049,,,,,,,,,
9.999999999999994e-05,109049,,,,,,,,,
,109049,0.0005607283092103899,8.377899575862102e-06,0.000385760678909719,9.926583152264357e-05,6.709549052175134e-05,2.2839688540443603e-07,45.0,1535,
,109055,,,,,,,,1535,0.026951348409056664
9.999999999999994e-05,109099,,,,,,,,,
9.999999999999994e-05,109099,,,,,,,,,
9.999999999999994e-05,109099,,,,,,,,,
,109099,0.0008869039593264461,2.5211560569005087e-05,0.0005435959901660681,0.00020036385103594512,0.00011710583203239366,6.267326853048871e-07,45.0,1536,
,109126,,,,,,,,1536,0.02681269496679306
9.999999999999994e-05,109149,,,,,,,,,
9.999999999999994e-05,109149,,,,,,,,,
9.999999999999994e-05,109149,,,,,,,,,
,109149,0.0010156758362427354,3.348606696818024e-05,0.0007370554376393557,0.0001426561502739787,0.00010215587099082768,3.2240942005046236e-07,45.0,1537,
,109197,,,,,,,,1537,0.02731848880648613
9.999999999999994e-05,109199,,,,,,,,,
9.999999999999994e-05,109199,,,,,,,,,
9.999999999999994e-05,109199,,,,,,,,,
,109199,0.0006313115591183305,3.096115051448578e-06,0.00037268706364557147,0.00015500883455388248,0.00010019424371421337,3.2528842552892456e-07,45.0,1538,
9.999999999999994e-05,109249,,,,,,,,,
9.999999999999994e-05,109249,,,,,,,,,
9.999999999999994e-05,109249,,,,,,,,,
,109249,0.0008016396895982325,1.6446092558908276e-05,0.0005715629667975008,0.00011983358126599342,9.350277105113491e-05,2.94312116011497e-07,45.0,1538,
,109268,,,,,,,,1538,0.027027662843465805
9.999999999999994e-05,109299,,,,,,,,,
9.999999999999994e-05,109299,,,,,,,,,
9.999999999999994e-05,109299,,,,,,,,,
,109299,0.0010627643205225468,1.1414026630518492e-05,0.0007758641731925309,0.00017172643856611103,0.00010326441406505182,4.952435119776055e-07,45.0,1539,
,109339,,,,,,,,1539,0.02694093994796276
9.999999999999994e-05,109349,,,,,,,,,
9.999999999999994e-05,109349,,,,,,,,,
9.999999999999994e-05,109349,,,,,,,,,
,109349,0.0010563518153503537,0.00017058628145605326,0.0006425683968700469,0.00013102061348035932,0.00011193798127351329,2.3855082531554217e-07,45.0,1540,
9.999999999999994e-05,109399,,,,,,,,,
9.999999999999994e-05,109399,,,,,,,,,
9.999999999999994e-05,109399,,,,,,,,,
,109399,0.0015774464700371027,3.4339587728027254e-05,0.0013032162096351385,0.00014155780081637204,9.810111077968031e-05,2.3179207175871852e-07,45.0,1540,
,109410,,,,,,,,1540,0.0277805645018816
9.999999999999994e-05,109449,,,,,,,,,
9.999999999999994e-05,109449,,,,,,,,,
9.999999999999994e-05,109449,,,,,,,,,
,109449,0.001666377647779882,0.00010311131336493418,0.0008558544795960188,0.00037308692117221653,0.0003328029706608504,1.5219314946079976e-06,45.0,1541,
,109481,,,,,,,,1541,0.026884857565164566
9.999999999999994e-05,109499,,,,,,,,,
9.999999999999994e-05,109499,,,,,,,,,
9.999999999999994e-05,109499,,,,,,,,,
,109499,0.001593869412317872,0.00011300764890620485,0.0011852269526571035,0.00017124059377238154,0.00012354820501059294,8.46044599711604e-07,45.0,1542,
9.999999999999994e-05,109549,,,,,,,,,
9.999999999999994e-05,109549,,,,,,,,,
9.999999999999994e-05,109549,,,,,,,,,
,109549,0.0012327390722930431,8.892361620382871e-06,0.0007806524517945945,0.0002497800742276013,0.0001928201236296445,5.940509026913787e-07,45.0,1542,
,109552,,,,,,,,1542,0.02684057131409645
9.999999999999994e-05,109599,,,,,,,,,
9.999999999999994e-05,109599,,,,,,,,,
9.999999999999994e-05,109599,,,,,,,,,
,109599,0.001158679137006402,1.3787017451249994e-05,0.0009132162667810917,0.00014955179358366877,8.108987822197378e-05,1.0340975222788984e-06,45.0,1543,
,109623,,,,,,,,1543,0.02668953686952591
9.999999999999994e-05,109649,,,,,,,,,
9.999999999999994e-05,109649,,,,,,,,,
9.999999999999994e-05,109649,,,,,,,,,
,109649,0.0018044442404061556,0.0001065482065314427,0.0014203705359250307,0.0001558216754347086,0.00012089095253031701,8.129857178573729e-07,45.0,1544,
,109694,,,,,,,,1544,0.027119003236293793
9.999999999999994e-05,109699,,,,,,,,,
9.999999999999994e-05,109699,,,,,,,,,
9.999999999999994e-05,109699,,,,,,,,,
,109699,0.0015767397126182914,0.0004905933164991438,0.0008966285968199372,0.00010968402784783393,7.939628994790837e-05,4.3739223087868595e-07,45.0,1545,
9.999999999999994e-05,109749,,,,,,,,,
9.999999999999994e-05,109749,,,,,,,,,
9.999999999999994e-05,109749,,,,,,,,,
,109749,0.0009887154446914792,1.4185765394358896e-05,0.0007573994807898998,0.00011331024143146351,9.245281398762017e-05,1.1367122169758659e-05,45.0,1545,
,109765,,,,,,,,1545,0.027050195261836052
9.999999999999994e-05,109799,,,,,,,,,
9.999999999999994e-05,109799,,,,,,,,,
9.999999999999994e-05,109799,,,,,,,,,
,109799,0.000878634222317487,0.00013252318603917956,0.000589126197155565,9.322677942691371e-05,6.263470277190208e-05,1.1233288432777044e-06,45.0,1546,
,109836,,,,,,,,1546,0.026566430926322937
9.999999999999994e-05,109849,,,,,,,,,
9.999999999999994e-05,109849,,,,,,,,,
9.999999999999994e-05,109849,,,,,,,,,
,109849,0.0012499323347583413,1.796695141820237e-05,0.0009063092293217778,0.0001988027652259916,0.00012640273780561984,4.5069614884596376e-07,45.0,1547,
9.999999999999994e-05,109899,,,,,,,,,
9.999999999999994e-05,109899,,,,,,,,,
9.999999999999994e-05,109899,,,,,,,,,
,109899,0.0019300413550809026,0.00020366115495562553,0.0013205257710069418,0.0002196785353589803,0.00018560001626610756,5.758803354183328e-07,45.0,1547,
,109907,,,,,,,,1547,0.02736581861972809
9.999999999999994e-05,109949,,,,,,,,,
9.999999999999994e-05,109949,,,,,,,,,
9.999999999999994e-05,109949,,,,,,,,,
,109949,0.0014335541054606438,0.0001325280754826963,0.001015309477224946,0.00014279458264354616,0.00011533864017110318,2.7583368137129582e-05,45.0,1548,
,109978,,,,,,,,1548,0.027211405336856842
9.999999999999994e-05,109999,,,,,,,,,
9.999999999999994e-05,109999,,,,,,,,,
9.999999999999994e-05,109999,,,,,,,,,
,109999,0.0007321352604776621,0.00011793224257417023,0.00037489962414838374,0.0001301287702517584,0.00010475968883838505,4.414911472849781e-06,45.0,1549,
9.999999999999994e-05,110049,,,,,,,,,
,110049,0.0019422746263444424,0.00010066360846394673,0.0009614856680855155,0.00015400958363898098,0.00012111251999158412,0.0006050032679922879,45.0,1549,
,110049,,,,,,,,1549,0.026684457436203957
9.999999999999994e-05,110099,,,,,,,,,
9.999999999999994e-05,110099,,,,,,,,,
9.999999999999994e-05,110099,,,,,,,,,
,110099,0.001256427145563066,0.00020081098773516715,0.0007734538521617651,0.0001609366445336491,0.00011805557733168826,3.170083573422744e-06,45.0,1550,
,110120,,,,,,,,1550,0.02690870501101017
9.999999999999994e-05,110149,,,,,,,,,
9.999999999999994e-05,110149,,,,,,,,,
9.999999999999994e-05,110149,,,,,,,,,
,110149,0.0019230841426178813,0.00018502355669625103,0.0014644174370914698,0.00014507659943774343,0.0001281681179534644,3.985331602507358e-07,45.0,1551,
,110191,,,,,,,,1551,0.027292238548398018
9.999999999999994e-05,110199,,,,,,,,,
9.999999999999994e-05,110199,,,,,,,,,
9.999999999999994e-05,110199,,,,,,,,,
,110199,0.0008491642074659467,3.2183408620767295e-05,0.00043093739077448845,0.00023557283566333354,0.00014996386016719043,5.06627372942603e-07,45.0,1552,
9.999999999999994e-05,110249,,,,,,,,,
9.999999999999994e-05,110249,,,,,,,,,
9.999999999999994e-05,110249,,,,,,,,,
,110249,0.0024122404865920544,0.0015195216983556747,0.0006814757944084704,0.00012802553828805685,8.289227116620168e-05,3.249569999752566e-07,46.0,1552,
,110262,,,,,,,,1552,0.026892561465501785
9.999999999999994e-05,110299,,,,,,,,,
9.999999999999994e-05,110299,,,,,,,,,
9.999999999999994e-05,110299,,,,,,,,,
,110299,0.0019070177804678679,2.7227477403357625e-05,0.0015779535751789808,0.00015976933354977518,0.00014177203411236405,2.9551276270467497e-07,46.0,1553,
,110333,,,,,,,,1553,0.027191514149308205
9.999999999999994e-05,110349,,,,,,,,,
9.999999999999994e-05,110349,,,,,,,,,
9.999999999999994e-05,110349,,,,,,,,,
,110349,0.0012747215805575252,0.0002090910420520231,0.0007448551477864385,0.00018994722631759942,0.00013045968080405146,3.685008778120391e-07,46.0,1554,
9.999999999999994e-05,110399,,,,,,,,,
9.999999999999994e-05,110399,,,,,,,,,
9.999999999999994e-05,110399,,,,,,,,,
,110399,0.0012777465162798762,0.00018935304251499474,0.0007233044016174972,0.00021761120297014713,0.00014706948422826827,4.0837130654836074e-07,46.0,1554,
,110404,,,,,,,,1554,0.02738669328391552
9.999999999999994e-05,110449,,,,,,,,,
9.999999999999994e-05,110449,,,,,,,,,
9.999999999999994e-05,110449,,,,,,,,,
,110449,0.0007648820173926651,1.3672623026650399e-05,0.0004902576911263168,0.0001421627966919914,0.00011851215094793588,2.7676864533532353e-07,46.0,1555,
,110475,,,,,,,,1555,0.027346692979335785
9.999999999999994e-05,110499,,,,,,,,,
9.999999999999994e-05,110499,,,,,,,,,
9.999999999999994e-05,110499,,,,,,,,,
,110499,0.00134295376483351,8.480100223096088e-05,0.0010547522688284516,0.00012040212459396571,8.273762068711221e-05,2.607540920962492e-07,46.0,1556,
,110546,,,,,,,,1556,0.026734378188848495
9.999999999999994e-05,110549,,,,,,,,,
9.999999999999994e-05,110549,,,,,,,,,
9.999999999999994e-05,110549,,,,,,,,,
,110549,0.0009389132610522211,0.00032130535691976547,0.00035935413325205445,0.00016771137597970665,9.016682452056557e-05,3.7563626165137975e-07,46.0,1557,
9.999999999999994e-05,110599,,,,,,,,,
9.999999999999994e-05,110599,,,,,,,,,
9.999999999999994e-05,110599,,,,,,,,,
,110599,0.0015234958846122026,3.141901834169403e-05,0.0009581162012182176,0.00027458436670713127,0.0002588944335002452,4.818699608222232e-07,46.0,1557,
,110617,,,,,,,,1557,0.026864496991038322
9.999999999999994e-05,110649,,,,,,,,,
9.999999999999994e-05,110649,,,,,,,,,
9.999999999999994e-05,110649,,,,,,,,,
,110649,0.0017125625163316727,4.3409854697529227e-05,0.001246567233465612,0.0002633456024341285,0.0001584418787388131,7.979946303748875e-07,46.0,1558,
,110688,,,,,,,,1558,0.026928512379527092
9.999999999999994e-05,110699,,,,,,,,,
9.999999999999994e-05,110699,,,,,,,,,
9.999999999999994e-05,110699,,,,,,,,,
,110699,0.0013984203105792403,2.4815506549202837e-05,0.0007452266290783882,0.0003319332899991423,0.0002961879363283515,2.569820480857743e-07,46.0,1559,
9.999999999999994e-05,110749,,,,,,,,,
9.999999999999994e-05,110749,,,,,,,,,
9.999999999999994e-05,110749,,,,,,,,,
,110749,0.0015405749436467886,0.0001571554457768798,0.0010170342866331339,0.00019405357306823134,0.00017216124979313463,1.7046512823526427e-07,46.0,1559,
,110759,,,,,,,,1559,0.027435515075922012
9.999999999999994e-05,110799,,,,,,,,,
9.999999999999994e-05,110799,,,,,,,,,
9.999999999999994e-05,110799,,,,,,,,,
,110799,0.00513424351811409,0.00010349154763389379,0.0045481096021831036,0.00029021562659181654,0.00019191170576959848,5.155923759048164e-07,46.0,1560,
,110830,,,,,,,,1560,0.02802545763552189
9.999999999999994e-05,110849,,,,,,,,,
9.999999999999994e-05,110849,,,,,,,,,
9.999999999999994e-05,110849,,,,,,,,,
,110849,0.001559971715323627,0.00034543059882707894,0.0007282108999788761,0.00025870310491882265,0.00022714311489835382,4.839548068957811e-07,46.0,1561,
9.999999999999994e-05,110899,,,,,,,,,
9.999999999999994e-05,110899,,,,,,,,,
9.999999999999994e-05,110899,,,,,,,,,
,110899,0.0005782144726254046,1.1383768651285209e-05,0.000422260956838727,8.598274871474132e-05,5.830670124851167e-05,2.802861729378492e-07,46.0,1561,
,110901,,,,,,,,1561,0.027232632040977478
9.999999999999994e-05,110949,,,,,,,,,
9.999999999999994e-05,110949,,,,,,,,,
9.999999999999994e-05,110949,,,,,,,,,
,110949,0.0012722403043881059,0.00017436081543564796,0.0008213159162551165,0.0001522270031273365,0.00011787632683990523,6.4602240854583215e-06,46.0,1562,
,110972,,,,,,,,1562,0.026662856340408325
9.999999999999994e-05,110999,,,,,,,,,
9.999999999999994e-05,110999,,,,,,,,,
9.999999999999994e-05,110999,,,,,,,,,
,110999,0.002667365362867713,0.0015064917970448732,0.0007558317156508565,0.00023197810514830053,0.0001516917545814067,2.1371935872593895e-05,46.0,1563,
,111043,,,,,,,,1563,0.02718660607933998
9.999999999999994e-05,111049,,,,,,,,,
9.999999999999994e-05,111049,,,,,,,,,
9.999999999999994e-05,111049,,,,,,,,,
,111049,0.000752176740206778,0.00011869826994370669,0.0004174893256276846,0.00011957669630646706,8.372053707716987e-05,1.2691898518824019e-05,46.0,1564,
9.999999999999994e-05,111099,,,,,,,,,
9.999999999999994e-05,111099,,,,,,,,,
9.999999999999994e-05,111099,,,,,,,,,
,111099,0.0009049365180544555,3.173706772940932e-06,0.0006269279983825982,0.00018332627951167524,9.091568063013256e-05,5.928711175329227e-07,46.0,1564,
,111114,,,,,,,,1564,0.026383496820926666
9.999999999999994e-05,111149,,,,,,,,,
9.999999999999994e-05,111149,,,,,,,,,
9.999999999999994e-05,111149,,,,,,,,,
,111149,0.0007004073122516274,1.1224558875255752e-05,0.0005679783644154668,7.653280772501603e-05,4.4449803681345657e-05,2.2176315894739673e-07,46.0,1565,
,111185,,,,,,,,1565,0.026747271418571472
9.999999999999994e-05,111199,,,,,,,,,
9.999999999999994e-05,111199,,,,,,,,,
9.999999999999994e-05,111199,,,,,,,,,
,111199,0.00075676100095734,3.531530819600448e-05,0.0005058595561422408,0.00012410507770255208,9.129591489909217e-05,1.8515211763769912e-07,46.0,1566,
9.999999999999994e-05,111249,,,,,,,,,
9.999999999999994e-05,111249,,,,,,,,,
9.999999999999994e-05,111249,,,,,,,,,
,111249,0.0009677667403593659,0.00011772527795983478,0.0006223320960998535,0.00012652164150495082,0.00010090706928167492,2.806733618854196e-07,46.0,1566,
,111256,,,,,,,,1566,0.027029987424612045
9.999999999999994e-05,111299,,,,,,,,,
9.999999999999994e-05,111299,,,,,,,,,
9.999999999999994e-05,111299,,,,,,,,,
,111299,0.001315225032158196,0.0003029106301255524,0.0006926961941644549,0.0002015922509599477,0.00011767139949370176,3.545422373463225e-07,46.0,1567,
,111327,,,,,,,,1567,0.0266803540289402
9.999999999999994e-05,111349,,,,,,,,,
9.999999999999994e-05,111349,,,,,,,,,
9.999999999999994e-05,111349,,,,,,,,,
,111349,0.0020571667701005936,0.00014949362957850099,0.0016005318611860275,0.00016459156177006662,0.00014235530397854745,1.9432197007063223e-07,46.0,1568,
,111398,,,,,,,,1568,0.027023926377296448
9.999999999999994e-05,111399,,,,,,,,,
9.999999999999994e-05,111399,,,,,,,,,
9.999999999999994e-05,111399,,,,,,,,,
,111399,0.0020255660638213158,0.00014537465176545084,0.0016829688102006912,0.00014639858272857964,5.0562870455905795e-05,2.61043112459447e-07,46.0,1569,
9.999999999999994e-05,111449,,,,,,,,,
9.999999999999994e-05,111449,,,,,,,,,
9.999999999999994e-05,111449,,,,,,,,,
,111449,0.0018193046562373638,0.0002452523331157863,0.0012619956396520138,0.00016859668539837003,0.00014321960043162107,2.404346730600082e-07,46.0,1569,
,111469,,,,,,,,1569,0.027491241693496704
9.999999999999994e-05,111499,,,,,,,,,
9.999999999999994e-05,111499,,,,,,,,,
9.999999999999994e-05,111499,,,,,,,,,
,111499,0.000896650250069797,0.00017657688295003027,0.0004577173385769129,0.0001449367409804836,0.00011708765669027343,3.3159074064315064e-07,46.0,1570,
,111540,,,,,,,,1570,0.027129337191581726
9.999999999999994e-05,111549,,,,,,,,,
9.999999999999994e-05,111549,,,,,,,,,
9.999999999999994e-05,111549,,,,,,,,,
,111549,0.0011706843506544828,1.061370949173579e-05,0.0008170520886778831,0.00020483283151406795,0.00013793639664072543,2.492101316420303e-07,46.0,1571,
9.999999999999994e-05,111599,,,,,,,,,
9.999999999999994e-05,111599,,,,,,,,,
9.999999999999994e-05,111599,,,,,,,,,
,111599,0.001018884009681642,3.1042914088175166e-06,0.0007878181058913469,0.0001375624560751021,9.014294482767582e-05,2.5618368226787425e-07,46.0,1571,
,111611,,,,,,,,1571,0.026660731062293053
9.999999999999994e-05,111649,,,,,,,,,
9.999999999999994e-05,111649,,,,,,,,,
9.999999999999994e-05,111649,,,,,,,,,
,111649,0.0007267886539921165,0.0001322891766903922,0.0003335521323606372,0.00015744181291665882,0.0001032402942655608,2.6517975015849515e-07,46.0,1572,
,111682,,,,,,,,1572,0.026816803961992264
9.999999999999994e-05,111699,,,,,,,,,
9.999999999999994e-05,111699,,,,,,,,,
9.999999999999994e-05,111699,,,,,,,,,
,111699,0.0013961709337309003,0.00017183693125844002,0.0009534030687063932,0.00016863629571162164,0.00010182311234530061,4.7145144321802945e-07,46.0,1573,
9.999999999999994e-05,111749,,,,,,,,,
9.999999999999994e-05,111749,,,,,,,,,
9.999999999999994e-05,111749,,,,,,,,,
,111749,0.0006379947881214321,3.301078777440125e-06,0.0005253966664895415,7.15612040949054e-05,3.75101481040474e-05,2.2572380942165182e-07,46.0,1573,
,111753,,,,,,,,1573,0.02673991397023201
9.999999999999994e-05,111799,,,,,,,,,
9.999999999999994e-05,111799,,,,,,,,,
9.999999999999994e-05,111799,,,,,,,,,
,111799,0.0007211362826637924,0.00012382600107230246,0.00038129513268359005,0.00013708238839171827,7.859497418394312e-05,3.378410440291191e-07,46.0,1574,
,111824,,,,,,,,1574,0.027085866779088974
9.999999999999994e-05,111849,,,,,,,,,
9.999999999999994e-05,111849,,,,,,,,,
9.999999999999994e-05,111849,,,,,,,,,
,111849,0.0006308901938609779,9.299021621700376e-05,0.000369168323231861,0.00010670108895283192,6.160268094390631e-05,4.278657286249654e-07,46.0,1575,
,111895,,,,,,,,1575,0.026813512668013573
9.999999999999994e-05,111899,,,,,,,,,
9.999999999999994e-05,111899,,,,,,,,,
9.999999999999994e-05,111899,,,,,,,,,
,111899,0.0013054660521447659,2.8408794605638832e-05,0.0006653631571680307,0.00024494645185768604,0.00018335829372517765,0.00018338934751227498,46.0,1576,
9.999999999999994e-05,111949,,,,,,,,,
9.999999999999994e-05,111949,,,,,,,,,
9.999999999999994e-05,111949,,,,,,,,,
,111949,0.0008299066685140133,2.5039062165888026e-06,0.0004839568573515862,0.0001105792835005559,8.42826921143569e-05,0.00014858391659799963,46.0,1576,
,111966,,,,,,,,1576,0.026612941175699234
9.999999999999994e-05,111999,,,,,,,,,
9.999999999999994e-05,111999,,,,,,,,,
9.999999999999994e-05,111999,,,,,,,,,
,111999,0.0009611514396965504,0.00031198159558698535,0.0003986633091699332,0.00017034023767337203,7.889857079135254e-05,1.2677709264607984e-06,46.0,1577,
,112037,,,,,,,,1577,0.026724644005298615
9.999999999999994e-05,112049,,,,,,,,,
9.999999999999994e-05,112049,,,,,,,,,
9.999999999999994e-05,112049,,,,,,,,,
,112049,0.0007546011474914849,0.00011410831211833283,0.00035227451007813215,0.00017794615996535867,0.00010955883044516668,7.133060080377618e-07,46.0,1578,
9.999999999999994e-05,112099,,,,,,,,,
9.999999999999994e-05,112099,,,,,,,,,
9.999999999999994e-05,112099,,,,,,,,,
,112099,0.000677379546687007,2.568608761066571e-05,0.00035502773243933916,0.0001641547860344872,0.0001322395692113787,2.713516380481451e-07,46.0,1578,
,112108,,,,,,,,1578,0.027671588584780693
9.999999999999994e-05,112149,,,,,,,,,
9.999999999999994e-05,112149,,,,,,,,,
9.999999999999994e-05,112149,,,,,,,,,
,112149,0.000910904083866626,0.0001321923773502931,0.0004597267834469676,0.00018978089792653918,0.00012884267198387533,3.613791648149345e-07,46.0,1579,
,112179,,,,,,,,1579,0.026461314409971237
9.999999999999994e-05,112199,,,,,,,,,
9.999999999999994e-05,112199,,,,,,,,,
9.999999999999994e-05,112199,,,,,,,,,
,112199,0.001015359885059297,6.801993731642142e-05,0.0007814835989847779,9.2479502200149e-05,7.307627674890682e-05,3.005922053489485e-07,46.0,1580,
9.999999999999994e-05,112249,,,,,,,,,
9.999999999999994e-05,112249,,,,,,,,,
9.999999999999994e-05,112249,,,,,,,,,
,112249,0.0006296251667663455,1.4813025700277649e-05,0.00038900485378690064,0.00014922404079698026,7.611835462739691e-05,4.648880747026851e-07,46.0,1580,
,112250,,,,,,,,1580,0.02696896530687809
9.999999999999994e-05,112299,,,,,,,,,
9.999999999999994e-05,112299,,,,,,,,,
9.999999999999994e-05,112299,,,,,,,,,
,112299,0.001217450713738799,0.0003276344505138695,0.000605436391197145,0.00014416573685593903,0.00013991244486533105,3.0163383257786336e-07,46.0,1581,
,112321,,,,,,,,1581,0.026360834017395973
9.999999999999994e-05,112349,,,,,,,,,
9.999999999999994e-05,112349,,,,,,,,,
9.999999999999994e-05,112349,,,,,,,,,
,112349,0.003076197113841772,0.000522049842402339,0.0009025998297147453,0.0007574696792289615,0.000893832475412637,2.451873797326698e-07,46.0,1582,
,112392,,,,,,,,1582,0.02728995494544506
9.999999999999994e-05,112399,,,,,,,,,
9.999999999999994e-05,112399,,,,,,,,,
9.999999999999994e-05,112399,,,,,,,,,
,112399,0.0021231300197541714,0.0003384326701052487,0.0012834294466301799,0.00029859296046197414,0.00020208547357469797,5.895841468372964e-07,46.0,1583,
9.999999999999994e-05,112449,,,,,,,,,
9.999999999999994e-05,112449,,,,,,,,,
9.999999999999994e-05,112449,,,,,,,,,
,112449,0.0013461550697684288,0.00024071524967439473,0.0008336644386872649,0.0001613491476746276,0.00011023910337826237,1.870303094619885e-07,46.0,1583,
,112463,,,,,,,,1583,0.027712874114513397
9.999999999999994e-05,112499,,,,,,,,,
9.999999999999994e-05,112499,,,,,,,,,
9.999999999999994e-05,112499,,,,,,,,,
,112499,0.001088862307369709,0.00010057200415758416,0.0007528241258114576,0.0001220205012941733,0.00011328978871461004,1.558626081532566e-07,46.0,1584,
,112534,,,,,,,,1584,0.027107540518045425
9.999999999999994e-05,112549,,,,,,,,,
9.999999999999994e-05,112549,,,,,,,,,
9.999999999999994e-05,112549,,,,,,,,,
,112549,0.000770317914430052,2.255044091725722e-05,0.0005532818613573909,0.0001176649602712132,7.654086948605254e-05,2.7976537353424646e-07,46.0,1585,
9.999999999999994e-05,112599,,,,,,,,,
9.999999999999994e-05,112599,,,,,,,,,
9.999999999999994e-05,112599,,,,,,,,,
,112599,0.000616104225628078,7.282923434104305e-06,0.00045377746573649347,8.898843952920288e-05,6.586458766832948e-05,1.90784462006377e-07,46.0,1585,
,112605,,,,,,,,1585,0.0269749965518713
9.999999999999994e-05,112649,,,,,,,,,
9.999999999999994e-05,112649,,,,,,,,,
9.999999999999994e-05,112649,,,,,,,,,
,112649,0.002411391818895936,0.0007425613584928215,0.001255682436749339,0.00022720458218827844,0.0001856985327322036,2.448400096000114e-07,46.0,1586,
,112676,,,,,,,,1586,0.026890549808740616
9.999999999999994e-05,112699,,,,,,,,,
9.999999999999994e-05,112699,,,,,,,,,
9.999999999999994e-05,112699,,,,,,,,,
,112699,0.0013801876921206713,2.879147359635681e-05,0.0009800272528082132,0.00019980405340902507,0.00017127901082858443,2.8592234002644545e-07,46.0,1587,
,112747,,,,,,,,1587,0.027124760672450066
9.999999999999994e-05,112749,,,,,,,,,
9.999999999999994e-05,112749,,,,,,,,,
9.999999999999994e-05,112749,,,,,,,,,
,112749,0.0010131970047950745,0.0001486302207922563,0.0006351314950734377,0.00014409900177270174,8.495636575389653e-05,3.799138426074933e-07,46.0,1588,
9.999999999999994e-05,112799,,,,,,,,,
9.999999999999994e-05,112799,,,,,,,,,
9.999999999999994e-05,112799,,,,,,,,,
,112799,0.001341440249234438,0.0002755729656200856,0.0006725210114382207,0.00021581172768492252,0.00017722895427141339,3.0559914421246503e-07,46.0,1588,
,112818,,,,,,,,1588,0.027066310867667198
9.999999999999994e-05,112849,,,,,,,,,
9.999999999999994e-05,112849,,,,,,,,,
9.999999999999994e-05,112849,,,,,,,,,
,112849,0.0006789237959310412,9.767030860530213e-05,0.00040837263804860413,0.00010661080159479752,6.599450716748834e-05,2.755122352482431e-07,46.0,1589,
,112889,,,,,,,,1589,0.026812901720404625
9.999999999999994e-05,112899,,,,,,,,,
9.999999999999994e-05,112899,,,,,,,,,
9.999999999999994e-05,112899,,,,,,,,,
,112899,0.001069508376531303,0.00018413116049487144,0.0006846935139037669,0.00010639903484843671,9.409353515366092e-05,1.9111834603791067e-07,46.0,1590,
9.999999999999994e-05,112949,,,,,,,,,
9.999999999999994e-05,112949,,,,,,,,,
9.999999999999994e-05,112949,,,,,,,,,
,112949,0.0010979222133755684,0.000148534556501545,0.0006972815608605742,0.00014497236406896263,0.00010687857866287231,2.5515848278701014e-07,46.0,1590,
,112960,,,,,,,,1590,0.027309054508805275
9.999999999999994e-05,112999,,,,,,,,,
9.999999999999994e-05,112999,,,,,,,,,
9.999999999999994e-05,112999,,,,,,,,,
,112999,0.0012739119119942188,0.0001016235546558164,0.0008332680445164442,0.00017927605949807912,0.0001595315698068589,2.1265039151785459e-07,46.0,1591,
,113031,,,,,,,,1591,0.02659721113741398
9.999999999999994e-05,113049,,,,,,,,,
9.999999999999994e-05,113049,,,,,,,,,
9.999999999999994e-05,113049,,,,,,,,,
,113049,0.0022488320246338844,5.294217771734111e-06,0.00182032969314605,0.0002631660318002105,0.0001595907233422622,4.513828173458023e-07,46.0,1592,
9.999999999999994e-05,113099,,,,,,,,,
9.999999999999994e-05,113099,,,,,,,,,
9.999999999999994e-05,113099,,,,,,,,,
,113099,0.0009991700062528253,3.907441714545712e-05,0.000647685956209898,0.00018361212278250605,0.00012849994527641684,2.975200175114878e-07,46.0,1592,
,113102,,,,,,,,1592,0.02687307633459568
9.999999999999994e-05,113149,,,,,,,,,
9.999999999999994e-05,113149,,,,,,,,,
9.999999999999994e-05,113149,,,,,,,,,
,113149,0.0011298077879473567,1.2439479178283364e-05,0.0008312566205859184,0.00015840692503843457,0.00012739984958898276,3.048921257686743e-07,46.0,1593,
,113173,,,,,,,,1593,0.0266889575868845
9.999999999999994e-05,113199,,,,,,,,,
9.999999999999994e-05,113199,,,,,,,,,
9.999999999999994e-05,113199,,,,,,,,,
,113199,0.0013504804810509086,4.0446746425004676e-05,0.0008607240160927176,0.0002456558868288994,0.0002030682808253914,5.856174993823515e-07,46.0,1594,
,113244,,,,,,,,1594,0.02668113261461258
9.999999999999994e-05,113249,,,,,,,,,
9.999999999999994e-05,113249,,,,,,,,,
9.999999999999994e-05,113249,,,,,,,,,
,113249,0.0013297104742377996,0.0001101832021959126,0.0010592032922431827,9.666755795478821e-05,6.348255556076765e-05,1.7380834549385327e-07,46.0,1595,
9.999999999999994e-05,113299,,,,,,,,,
9.999999999999994e-05,113299,,,,,,,,,
9.999999999999994e-05,113299,,,,,,,,,
,113299,0.0009641633369028568,5.84144945605658e-05,0.0007151585887186229,0.0001097576750908047,8.060153777478263e-05,2.3111127234187734e-07,46.0,1595,
,113315,,,,,,,,1595,0.027378614991903305
9.999999999999994e-05,113349,,,,,,,,,
9.999999999999994e-05,113349,,,,,,,,,
9.999999999999994e-05,113349,,,,,,,,,
,113349,0.0009064794285222888,6.005723844282329e-05,0.0005494895740412176,0.0001594594505149871,0.00013707560719922185,3.9763682480042917e-07,46.0,1596,
,113386,,,,,,,,1596,0.026995990425348282
9.999999999999994e-05,113399,,,,,,,,,
9.999999999999994e-05,113399,,,,,,,,,
9.999999999999994e-05,113399,,,,,,,,,
,113399,0.001046384102664888,5.802287341793999e-05,0.0006776608643122017,0.00018738876678980887,0.00011897211516043171,4.339498900662875e-06,46.0,1597,
9.999999999999994e-05,113449,,,,,,,,,
9.999999999999994e-05,113449,,,,,,,,,
9.999999999999994e-05,113449,,,,,,,,,
,113449,0.0009836636018007994,2.5427867512917146e-05,0.0006937464931979775,0.00016068705008365214,9.594058064976707e-05,7.861567610234488e-06,46.0,1597,
,113457,,,,,,,,1597,0.027377691119909286
9.999999999999994e-05,113499,,,,,,,,,
9.999999999999994e-05,113499,,,,,,,,,
9.999999999999994e-05,113499,,,,,,,,,
,113499,0.0006490605301223695,1.1751735655707307e-05,0.00044898141641169786,0.00011506238661240786,7.297082629520446e-05,2.9417805080811377e-07,46.0,1598,
,113528,,,,,,,,1598,0.02716663107275963
9.999999999999994e-05,113549,,,,,,,,,
9.999999999999994e-05,113549,,,,,,,,,
9.999999999999994e-05,113549,,,,,,,,,
,113549,0.0010609725723043084,5.7832694437820464e-05,0.0005695803556591272,0.00023969364701770246,0.00019363636965863407,2.2941955535316083e-07,46.0,1599,
9.999999999999994e-05,113599,,,,,,,,,
,113599,0.0006054092082194984,2.6705478376243263e-05,0.00039671806734986603,0.00011086127778980881,7.079127681208774e-05,3.331258255911962e-07,46.0,1599,
,113599,,,,,,,,1599,0.027291089296340942
9.999999999999994e-05,113649,,,,,,,,,
9.999999999999994e-05,113649,,,,,,,,,
9.999999999999994e-05,113649,,,,,,,,,
,113649,0.0007384909549728036,7.409902991639683e-06,0.00038544938433915377,0.00019006413640454412,0.0001552081375848502,3.593848703076219e-07,46.0,1600,
,113670,,,,,,,,1600,0.02725173346698284
9.999999999999994e-05,113699,,,,,,,,,
9.999999999999994e-05,113699,,,,,,,,,
9.999999999999994e-05,113699,,,,,,,,,
,113699,0.0007824961794540286,0.0001379768509650603,0.0003538015589583665,0.0001733582466840744,0.0001167272639577277,6.32231603958644e-07,46.0,1601,
,113741,,,,,,,,1601,0.027596434578299522
9.999999999999994e-05,113749,,,,,,,,,
9.999999999999994e-05,113749,,,,,,,,,
9.999999999999994e-05,113749,,,,,,,,,
,113749,0.0010041346540674567,3.0323608370963484e-05,0.0005480151157826185,0.00022185913985595107,0.00020369577396195382,2.409340424947004e-07,46.0,1602,
9.999999999999994e-05,113799,,,,,,,,,
9.999999999999994e-05,113799,,,,,,,,,
9.999999999999994e-05,113799,,,,,,,,,
,113799,0.0008070680196397007,3.311912587378174e-05,0.0005479608662426472,0.00013636756921187043,8.936507947510108e-05,2.5544062509652576e-07,46.0,1602,
,113812,,,,,,,,1602,0.02727709524333477
9.999999999999994e-05,113849,,,,,,,,,
9.999999999999994e-05,113849,,,,,,,,,
9.999999999999994e-05,113849,,,,,,,,,
,113849,0.0010629077441990376,8.69067844178062e-06,0.0007562484825029969,0.00018750352319329977,0.00010999850928783417,4.6664925434924953e-07,46.0,1603,
,113883,,,,,,,,1603,0.026945844292640686
9.999999999999994e-05,113899,,,,,,,,,
9.999999999999994e-05,113899,,,,,,,,,
9.999999999999994e-05,113899,,,,,,,,,
,113899,0.0008122358121909201,0.00018643576186150312,0.0004131157184019685,0.00013171166938263923,8.068645547609776e-05,2.861946768462076e-07,46.0,1604,
9.999999999999994e-05,113949,,,,,,,,,
9.999999999999994e-05,113949,,,,,,,,,
9.999999999999994e-05,113949,,,,,,,,,
,113949,0.0014023659750819206,6.517485599033535e-05,0.0009233701275661588,0.0002413194888504222,0.00017195884720422328,5.426033453659329e-07,46.0,1604,
,113954,,,,,,,,1604,0.026640355587005615
9.999999999999994e-05,113999,,,,,,,,,
9.999999999999994e-05,113999,,,,,,,,,
9.999999999999994e-05,113999,,,,,,,,,
,113999,0.0007670908235013485,4.7614197683287784e-05,0.0004232045903336257,0.00015898208948783576,0.0001370660902466625,2.238732577097835e-07,46.0,1605,
,114025,,,,,,,,1605,0.026844101026654243
9.999999999999994e-05,114049,,,,,,,,,
9.999999999999994e-05,114049,,,,,,,,,
9.999999999999994e-05,114049,,,,,,,,,
,114049,0.0007277568802237511,2.9294519663380925e-06,0.0004662813735194504,0.00014509771426673979,0.0001132854085881263,1.62992066066181e-07,46.0,1606,
,114096,,,,,,,,1606,0.02669529803097248
9.999999999999994e-05,114099,,,,,,,,,
9.999999999999994e-05,114099,,,,,,,,,
9.999999999999994e-05,114099,,,,,,,,,
,114099,0.0008861806127242744,1.899783637782093e-05,0.0006759915268048644,0.00010172077600145712,8.903250272851437e-05,4.379374729523988e-07,46.0,1607,
9.999999999999994e-05,114149,,,,,,,,,
9.999999999999994e-05,114149,,,,,,,,,
9.999999999999994e-05,114149,,,,,,,,,
,114149,0.0008101497078314424,1.8529728549765423e-05,0.0005278839380480349,0.0001406958617735654,8.965445158537477e-05,3.338570240885019e-05,46.0,1607,
,114167,,,,,,,,1607,0.027148790657520294
9.999999999999994e-05,114199,,,,,,,,,
9.999999999999994e-05,114199,,,,,,,,,
9.999999999999994e-05,114199,,,,,,,,,
,114199,0.0007824975182302296,6.360214320011437e-05,0.0004332097014412284,0.000155533998622559,0.00011872581671923399,1.1425880074966699e-05,46.0,1608,
,114238,,,,,,,,1608,0.026585867628455162
9.999999999999994e-05,114249,,,,,,,,,
9.999999999999994e-05,114249,,,,,,,,,
9.999999999999994e-05,114249,,,,,,,,,
,114249,0.0006402457947842777,3.7070685721118934e-06,0.0004238672845531255,0.00012980027531739324,8.110015915008262e-05,1.7710295878714533e-06,46.0,1609,
9.999999999999994e-05,114299,,,,,,,,,
9.999999999999994e-05,114299,,,,,,,,,
9.999999999999994e-05,114299,,,,,,,,,
,114299,0.0008610410150140524,0.0002094386436510831,0.0003569663967937231,0.00016099613276310265,0.0001333315740339458,3.083159185734985e-07,46.0,1609,
,114309,,,,,,,,1609,0.026764558628201485
9.999999999999994e-05,114349,,,,,,,,,
9.999999999999994e-05,114349,,,,,,,,,
9.999999999999994e-05,114349,,,,,,,,,
,114349,0.0016590566374361515,1.4041470421943814e-05,0.0012232905719429255,0.00021618121536448598,0.00020538538228720427,1.5796884156316082e-07,46.0,1610,
,114380,,,,,,,,1610,0.026934541761875153
9.999999999999994e-05,114399,,,,,,,,,
9.999999999999994e-05,114399,,,,,,,,,
9.999999999999994e-05,114399,,,,,,,,,
,114399,0.0007338749710470438,9.46232376008993e-06,0.0005333058070391417,0.00011561036808416247,7.522388477809727e-05,2.7264104573987424e-07,46.0,1611,
9.999999999999994e-05,114449,,,,,,,,,
9.999999999999994e-05,114449,,,,,,,,,
9.999999999999994e-05,114449,,,,,,,,,
,114449,0.000815314007923007,3.842458227154566e-06,0.000559674808755517,0.00013613971532322466,0.00011542346328496933,2.335317077495347e-07,46.0,1611,
,114451,,,,,,,,1611,0.027274388819932938
9.999999999999994e-05,114499,,,,,,,,,
9.999999999999994e-05,114499,,,,,,,,,
9.999999999999994e-05,114499,,,,,,,,,
,114499,0.001336858607828617,3.735405334737152e-05,0.0009890299988910556,0.000182045012479648,0.0001281476579606533,2.8182998335068987e-07,46.0,1612,
,114522,,,,,,,,1612,0.027080651372671127
9.999999999999994e-05,114549,,,,,,,,,
9.999999999999994e-05,114549,,,,,,,,,
9.999999999999994e-05,114549,,,,,,,,,
,114549,0.0008271788829006255,6.0428901633713394e-06,0.0006655346369370818,9.102685726247728e-05,6.442303129006177e-05,1.5147791998515459e-07,46.0,1613,
,114593,,,,,,,,1613,0.02693120948970318
9.999999999999994e-05,114599,,,,,,,,,
9.999999999999994e-05,114599,,,,,,,,,
9.999999999999994e-05,114599,,,,,,,,,
,114599,0.0008097519166767597,0.00010042485519079491,0.000528547156136483,0.000107440551801119,7.307979831239209e-05,2.595510864011885e-07,46.0,1614,
9.999999999999994e-05,114649,,,,,,,,,
9.999999999999994e-05,114649,,,,,,,,,
9.999999999999994e-05,114649,,,,,,,,,
,114649,0.0006139620672911406,1.7308202586718835e-06,0.0004826200311072171,7.511556032113731e-05,5.429026350611821e-05,2.0535613032279798e-07,46.0,1614,
,114664,,,,,,,,1614,0.02683843858540058
9.999999999999994e-05,114699,,,,,,,,,
9.999999999999994e-05,114699,,,,,,,,,
9.999999999999994e-05,114699,,,,,,,,,
,114699,0.0012485386105254292,5.3261850553099066e-05,0.0009713275940157473,0.00015644346422050148,6.709606532240286e-05,4.0971519865706796e-07,46.0,1615,
,114735,,,,,,,,1615,0.026976507157087326
9.999999999999994e-05,114749,,,,,,,,,
9.999999999999994e-05,114749,,,,,,,,,
9.999999999999994e-05,114749,,,,,,,,,
,114749,0.0009193381411023438,8.460892422590405e-05,0.0005664262571372092,0.000169947583344765,9.789851901587099e-05,4.5685413851970225e-07,46.0,1616,
9.999999999999994e-05,114799,,,,,,,,,
9.999999999999994e-05,114799,,,,,,,,,
9.999999999999994e-05,114799,,,,,,,,,
,114799,0.0008181699085980654,9.661652438808233e-05,0.0005195726989768445,0.00011576803808566183,8.593339589424431e-05,2.792559428144159e-07,46.0,1616,
,114806,,,,,,,,1616,0.027122976258397102
9.999999999999994e-05,114849,,,,,,,,,
9.999999999999994e-05,114849,,,,,,,,,
9.999999999999994e-05,114849,,,,,,,,,
,114849,0.0008734710281714797,8.857565262587741e-06,0.0006981311598792672,9.274273907067254e-05,7.358686707448214e-05,1.526715749378127e-07,46.0,1617,
,114877,,,,,,,,1617,0.026946578174829483
9.999999999999994e-05,114899,,,,,,,,,
9.999999999999994e-05,114899,,,,,,,,,
9.999999999999994e-05,114899,,,,,,,,,
,114899,0.0007854147115722299,1.2966489521204494e-05,0.0005105722229927778,0.00013860691979061812,0.000122965473565273,3.0354203772731125e-07,46.0,1618,
,114948,,,,,,,,1618,0.027083640918135643
9.999999999999994e-05,114949,,,,,,,,,
9.999999999999994e-05,114949,,,,,,,,,
9.999999999999994e-05,114949,,,,,,,,,
,114949,0.0009730016463436186,3.6279234336689115e-05,0.0007442848291248083,0.00010658070823410526,8.552088547730818e-05,3.3598047366467654e-07,46.0,1619,
9.999999999999994e-05,114999,,,,,,,,,
9.999999999999994e-05,114999,,,,,,,,,
9.999999999999994e-05,114999,,,,,,,,,
,114999,0.0007176934741437435,0.00010514041059650481,0.00042447910527698696,0.00010489326814422384,8.26415343908593e-05,5.39121458587033e-07,46.0,1619,
,115019,,,,,,,,1619,0.02677016332745552
9.999999999999994e-05,115049,,,,,,,,,
9.999999999999994e-05,115049,,,,,,,,,
9.999999999999994e-05,115049,,,,,,,,,
,115049,0.0006916445563547313,6.904218753334135e-05,0.0004377914301585406,0.00010350838419981301,8.107024768833071e-05,2.3233242529840936e-07,46.0,1620,
,115090,,,,,,,,1620,0.026781713590025902
9.999999999999994e-05,115099,,,,,,,,,
9.999999999999994e-05,115099,,,,,,,,,
9.999999999999994e-05,115099,,,,,,,,,
,115099,0.0006681506056338549,7.88059514889028e-06,0.00045473536010831594,0.00013801849854644388,6.724684499204159e-05,2.6932568175652705e-07,46.0,1621,
9.999999999999994e-05,115149,,,,,,,,,
9.999999999999994e-05,115149,,,,,,,,,
9.999999999999994e-05,115149,,,,,,,,,
,115149,0.0018396920058876276,0.00042015695362351835,0.0009130019461736083,0.00029657117556780577,0.0002095295349135995,4.3242451397418336e-07,46.0,1621,
,115161,,,,,,,,1621,0.027057597413659096
9.999999999999994e-05,115199,,,,,,,,,
9.999999999999994e-05,115199,,,,,,,,,
9.999999999999994e-05,115199,,,,,,,,,
,115199,0.0009666414116509259,0.00012162659550085664,0.0005257048178464174,0.00018412788631394506,0.00013492879224941134,2.533035114993254e-07,46.0,1622,
,115232,,,,,,,,1622,0.026169363409280777
9.999999999999994e-05,115249,,,,,,,,,
9.999999999999994e-05,115249,,,,,,,,,
9.999999999999994e-05,115249,,,,,,,,,
,115249,0.0013987626880407333,9.764077549334615e-05,0.0010607821168377995,0.00013332057278603315,0.00010678033868316561,2.3883706035121577e-07,46.0,1623,
9.999999999999994e-05,115299,,,,,,,,,
9.999999999999994e-05,115299,,,,,,,,,
9.999999999999994e-05,115299,,,,,,,,,
,115299,0.02707543782889843,0.02512883022427559,0.0008669733651913702,0.0006090684328228235,0.0004701988655142486,3.6666273217633716e-07,47.0,1623,
,115303,,,,,,,,1623,0.027500607073307037
9.999999999999994e-05,115349,,,,,,,,,
9.999999999999994e-05,115349,,,,,,,,,
9.999999999999994e-05,115349,,,,,,,,,
,115349,0.0019786006305366755,0.0002308481780346483,0.001046270364895463,0.0003615971654653549,0.0003397426335141063,1.4215093813163548e-07,47.0,1624,
,115374,,,,,,,,1624,0.026754193007946014
9.999999999999994e-05,115399,,,,,,,,,
9.999999999999994e-05,115399,,,,,,,,,
9.999999999999994e-05,115399,,,,,,,,,
,115399,0.0021400810219347477,0.0003714398480951786,0.0012636344181373715,0.0002958011464215815,0.00020877073984593153,4.3490641132848396e-07,47.0,1625,
,115445,,,,,,,,1625,0.027011701837182045
9.999999999999994e-05,115449,,,,,,,,,
9.999999999999994e-05,115449,,,,,,,,,
9.999999999999994e-05,115449,,,,,,,,,
,115449,0.0012560022296383977,3.085289063164964e-05,0.0007469422416761518,0.0002452335902489722,0.00023221896844916046,7.544931008851563e-07,47.0,1626,
9.999999999999994e-05,115499,,,,,,,,,
9.999999999999994e-05,115499,,,,,,,,,
9.999999999999994e-05,115499,,,,,,,,,
,115499,0.0011770309647545218,5.08239863847848e-05,0.0007815166609361768,0.00019097655604127795,0.00015019129205029458,3.5224541079514893e-06,47.0,1626,
,115516,,,,,,,,1626,0.02711803838610649
9.999999999999994e-05,115549,,,,,,,,,
9.999999999999994e-05,115549,,,,,,,,,
9.999999999999994e-05,115549,,,,,,,,,
,115549,0.0020110919140279293,1.5588899259455502e-05,0.0007133433246053755,0.000238152701058425,0.0001889198028948158,0.0008550873026251793,47.0,1627,
,115587,,,,,,,,1627,0.027308441698551178
9.999999999999994e-05,115599,,,,,,,,,
9.999999999999994e-05,115599,,,,,,,,,
9.999999999999994e-05,115599,,,,,,,,,
,115599,0.0007001238409429789,1.613690074009355e-05,0.000393683003494516,0.00013511095312424004,7.138804357964545e-05,8.380496728932485e-05,47.0,1628,
9.999999999999994e-05,115649,,,,,,,,,
9.999999999999994e-05,115649,,,,,,,,,
9.999999999999994e-05,115649,,,,,,,,,
,115649,0.0007573597249574959,8.658937986183446e-06,0.00046597595792263746,0.0001703894231468439,0.00011104796431027353,1.28740771287994e-06,47.0,1628,
,115658,,,,,,,,1628,0.026446785777807236
9.999999999999994e-05,115699,,,,,,,,,
9.999999999999994e-05,115699,,,,,,,,,
9.999999999999994e-05,115699,,,,,,,,,
,115699,0.0013819753658026457,0.00014335333253256977,0.0008626931230537593,0.00018603855278342962,0.0001894621818792075,4.2822296109079616e-07,47.0,1629,
,115729,,,,,,,,1629,0.02746099978685379
9.999999999999994e-05,115749,,,,,,,,,
9.999999999999994e-05,115749,,,,,,,,,
9.999999999999994e-05,115749,,,,,,,,,
,115749,0.0015248252311721444,0.00010872028360608965,0.000988529995083809,0.00022602823446504772,0.0002012406475841999,3.060601443394262e-07,47.0,1630,
9.999999999999994e-05,115799,,,,,,,,,
9.999999999999994e-05,115799,,,,,,,,,
9.999999999999994e-05,115799,,,,,,,,,
,115799,0.0009921900928020477,2.3245374904945493e-05,0.0006890338845551014,0.00015501095913350582,0.0001246984174940735,2.015703017832493e-07,47.0,1630,
,115800,,,,,,,,1630,0.027487633749842644
9.999999999999994e-05,115849,,,,,,,,,
9.999999999999994e-05,115849,,,,,,,,,
9.999999999999994e-05,115849,,,,,,,,,
,115849,0.0021996924187988043,4.5966946345288306e-05,0.0014926620060577989,0.0003300915705040097,0.00033069189521484077,2.800055654006428e-07,47.0,1631,
,115871,,,,,,,,1631,0.026523541659116745
9.999999999999994e-05,115899,,,,,,,,,
9.999999999999994e-05,115899,,,,,,,,,
9.999999999999994e-05,115899,,,,,,,,,
,115899,0.0017000979278236628,0.0002834546903613955,0.0007151175523176789,0.0003546098305378109,0.0003465207410044968,3.9510283045274264e-07,47.0,1632,
,115942,,,,,,,,1632,0.027725890278816223
9.999999999999994e-05,115949,,,,,,,,,
9.999999999999994e-05,115949,,,,,,,,,
9.999999999999994e-05,115949,,,,,,,,,
,115949,0.0011715772561728954,9.338566451333463e-05,0.0006867966149002314,0.00023715500719845295,0.00015404974692501128,1.9026384734388557e-07,47.0,1633,
9.999999999999994e-05,115999,,,,,,,,,
9.999999999999994e-05,115999,,,,,,,,,
9.999999999999994e-05,115999,,,,,,,,,
,115999,0.001060274662449956,0.00016874777793418616,0.0007268589688464999,9.817858517635614e-05,6.633240991504863e-05,1.5690014265601349e-07,47.0,1633,
,116013,,,,,,,,1633,0.02700292505323887
9.999999999999994e-05,116049,,,,,,,,,
9.999999999999994e-05,116049,,,,,,,,,
9.999999999999994e-05,116049,,,,,,,,,
,116049,0.0009781945263966918,8.175162656698376e-05,0.0005168566713109612,0.00021853402722626925,0.00016067232354544103,3.7985904555171146e-07,47.0,1634,
,116084,,,,,,,,1634,0.027151405811309814
9.999999999999994e-05,116099,,,,,,,,,
9.999999999999994e-05,116099,,,,,,,,,
9.999999999999994e-05,116099,,,,,,,,,
,116099,0.0009676885092630982,0.00010656211816240102,0.0006402650033123791,0.0001371063117403537,8.357292244909331e-05,1.8220472952634736e-07,47.0,1635,
9.999999999999994e-05,116149,,,,,,,,,
9.999999999999994e-05,116149,,,,,,,,,
9.999999999999994e-05,116149,,,,,,,,,
,116149,0.0009950889507308602,0.00014288241800386459,0.0006002963054925203,0.00014079314132686704,0.0001108788710553199,2.3818213890081097e-07,47.0,1635,
,116155,,,,,,,,1635,0.027044320479035378
9.999999999999994e-05,116199,,,,,,,,,
9.999999999999994e-05,116199,,,,,,,,,
9.999999999999994e-05,116199,,,,,,,,,
,116199,0.0018230483401566744,3.242113962187432e-05,0.0015632067807018757,0.00014995061792433262,7.720441499259323e-05,2.654373076893535e-07,47.0,1636,
,116226,,,,,,,,1636,0.02641437016427517
9.999999999999994e-05,116249,,,,,,,,,
9.999999999999994e-05,116249,,,,,,,,,
9.999999999999994e-05,116249,,,,,,,,,
,116249,0.0012341076508164406,4.81670531371492e-06,0.0008781208889558911,0.00020778113685082644,0.00014301194460131228,3.770513217205007e-07,47.0,1637,
,116297,,,,,,,,1637,0.02679497003555298
9.999999999999994e-05,116299,,,,,,,,,
9.999999999999994e-05,116299,,,,,,,,,
9.999999999999994e-05,116299,,,,,,,,,
,116299,0.0004801199247594923,9.43206759984605e-06,0.0002919919788837433,0.00011762604844989255,6.0777303588110954e-05,2.9255409117467934e-07,47.0,1638,
9.999999999999994e-05,116349,,,,,,,,,
9.999999999999994e-05,116349,,,,,,,,,
9.999999999999994e-05,116349,,,,,,,,,
,116349,0.000914523028768599,0.0001276161929126829,0.0005610725493170321,0.00013820866297464818,8.728037209948525e-05,3.4528699188740575e-07,47.0,1638,
,116368,,,,,,,,1638,0.026787005364894867
9.999999999999994e-05,116399,,,,,,,,,
9.999999999999994e-05,116399,,,,,,,,,
9.999999999999994e-05,116399,,,,,,,,,
,116399,0.0005844315164722502,4.4846667151432484e-05,0.00039310764987021685,8.921283733798191e-05,5.711712583433837e-05,1.4723612196121394e-07,47.0,1639,
,116439,,,,,,,,1639,0.026917029172182083
9.999999999999994e-05,116449,,,,,,,,,
9.999999999999994e-05,116449,,,,,,,,,
9.999999999999994e-05,116449,,,,,,,,,
,116449,0.0007485923706553876,6.463882073148852e-06,0.00044514398905448616,0.0001842103956732899,0.00011222303146496415,5.511121798917884e-07,47.0,1640,
9.999999999999994e-05,116499,,,,,,,,,
9.999999999999994e-05,116499,,,,,,,,,
9.999999999999994e-05,116499,,,,,,,,,
,116499,0.0007697884575463831,1.5278112186933868e-05,0.0005664825439453125,0.00010507034312468022,8.274416904896498e-05,2.1324902377273247e-07,47.0,1640,
,116510,,,,,,,,1640,0.026886628940701485
9.999999999999994e-05,116549,,,,,,,,,
9.999999999999994e-05,116549,,,,,,,,,
9.999999999999994e-05,116549,,,,,,,,,
,116549,0.0005947605241090059,3.0007295208633877e-06,0.00034452861291356385,0.00015238975174725056,9.44762141443789e-05,3.652409361620812e-07,47.0,1641,
,116581,,,,,,,,1641,0.026817599311470985
9.999999999999994e-05,116599,,,,,,,,,
9.999999999999994e-05,116599,,,,,,,,,
9.999999999999994e-05,116599,,,,,,,,,
,116599,0.0006213427404873073,3.9870724322099704e-06,0.0004190872423350811,0.00012982076441403478,6.796039087930694e-05,4.872834438174323e-07,47.0,1642,
9.999999999999994e-05,116649,,,,,,,,,
9.999999999999994e-05,116649,,,,,,,,,
9.999999999999994e-05,116649,,,,,,,,,
,116649,0.0010695572709664702,4.013742000097409e-05,0.0006869039498269558,0.00019150330626871437,0.00015076802810654044,2.446416260681872e-07,47.0,1642,
,116652,,,,,,,,1642,0.027146421372890472
9.999999999999994e-05,116699,,,,,,,,,
9.999999999999994e-05,116699,,,,,,,,,
9.999999999999994e-05,116699,,,,,,,,,
,116699,0.0017469467129558325,0.0003082804032601416,0.000946021405979991,0.0002760062925517559,0.0002162793680327013,3.592794257656351e-07,47.0,1643,
,116723,,,,,,,,1643,0.026110108941793442
9.999999999999994e-05,116749,,,,,,,,,
9.999999999999994e-05,116749,,,,,,,,,
9.999999999999994e-05,116749,,,,,,,,,
,116749,0.0018302947282791138,0.00023531402985099703,0.001133481040596962,0.00025686342269182205,0.0002042032720055431,4.3299172602928593e-07,47.0,1644,
,116794,,,,,,,,1644,0.02646579220890999
9.999999999999994e-05,116799,,,,,,,,,
9.999999999999994e-05,116799,,,,,,,,,
9.999999999999994e-05,116799,,,,,,,,,
,116799,0.0011208697687834501,0.00022442714544013143,0.0006324347923509777,0.00017135325470007956,9.217487240675837e-05,4.798050099452666e-07,47.0,1645,
9.999999999999994e-05,116849,,,,,,,,,
9.999999999999994e-05,116849,,,,,,,,,
9.999999999999994e-05,116849,,,,,,,,,
,116849,0.0008886659634299576,9.07907378859818e-05,0.0006116564618423581,0.00010755078983493149,7.844958599889651e-05,2.1831124286109116e-07,47.0,1645,
,116865,,,,,,,,1645,0.026615478098392487
9.999999999999994e-05,116899,,,,,,,,,
9.999999999999994e-05,116899,,,,,,,,,
9.999999999999994e-05,116899,,,,,,,,,
,116899,0.0015626937383785844,0.00034917579614557326,0.0010001366026699543,0.0001269005297217518,8.616541890660301e-05,3.1551749657410255e-07,47.0,1646,
,116936,,,,,,,,1646,0.026935648173093796
9.999999999999994e-05,116949,,,,,,,,,
9.999999999999994e-05,116949,,,,,,,,,
9.999999999999994e-05,116949,,,,,,,,,
,116949,0.0010936709586530924,7.508627277275082e-06,0.0007681646384298801,0.00019666668958961964,0.00012118759332224727,1.434460301652507e-07,47.0,1647,
9.999999999999994e-05,116999,,,,,,,,,
9.999999999999994e-05,116999,,,,,,,,,
9.999999999999994e-05,116999,,,,,,,,,
,116999,0.0009418081608600914,8.537521352991462e-05,0.0006808268954046071,9.752191544976085e-05,7.790279050823301e-05,1.8130587875475612e-07,47.0,1647,
,117007,,,,,,,,1647,0.027108125388622284
9.999999999999994e-05,117049,,,,,,,,,
9.999999999999994e-05,117049,,,,,,,,,
9.999999999999994e-05,117049,,,,,,,,,
,117049,0.0005908599123358727,2.9192900910857134e-05,0.00040040299063548446,9.706513810670003e-05,6.397485412890092e-05,2.2405025390526134e-07,47.0,1648,
,117078,,,,,,,,1648,0.026947665959596634
9.999999999999994e-05,117099,,,,,,,,,
9.999999999999994e-05,117099,,,,,,,,,
9.999999999999994e-05,117099,,,,,,,,,
,117099,0.0013945361133664846,2.2388076104107313e-05,0.0010272563667967916,0.00017905153799802065,0.00016569308354519308,1.4705466355735552e-07,47.0,1649,
9.999999999999994e-05,117149,,,,,,,,,
,117149,0.0010879442561417818,5.484446955961175e-05,0.000639365054666996,0.00022301013814285398,0.00017042257240973413,3.019930261416448e-07,47.0,1649,
,117149,,,,,,,,1649,0.02707645483314991
9.999999999999994e-05,117199,,,,,,,,,
9.999999999999994e-05,117199,,,,,,,,,
9.999999999999994e-05,117199,,,,,,,,,
,117199,0.0006805647280998528,4.6681263484060764e-05,0.0004513269232120365,0.00010268711776006967,7.956360059324652e-05,3.0581460919165693e-07,47.0,1650,
,117220,,,,,,,,1650,0.02667783945798874
9.999999999999994e-05,117249,,,,,,,,,
9.999999999999994e-05,117249,,,,,,,,,
9.999999999999994e-05,117249,,,,,,,,,
,117249,0.0008654452976770699,1.1048373380617704e-05,0.0006164993974380195,0.00015792736667208374,7.953791646286845e-05,4.322490951835789e-07,47.0,1651,
,117291,,,,,,,,1651,0.026914101094007492
9.999999999999994e-05,117299,,,,,,,,,
9.999999999999994e-05,117299,,,,,,,,,
9.999999999999994e-05,117299,,,,,,,,,
,117299,0.0008265337673947215,1.9590648662415333e-05,0.000577719765715301,0.00012850979692302644,0.00010050617856904864,2.0737518013902445e-07,47.0,1652,
9.999999999999994e-05,117349,,,,,,,,,
9.999999999999994e-05,117349,,,,,,,,,
9.999999999999994e-05,117349,,,,,,,,,
,117349,0.0004918722552247345,8.162994345184416e-05,0.00027974581462331116,8.20006025605835e-05,4.8031921323854476e-05,4.639545636564435e-07,47.0,1652,
,117362,,,,,,,,1652,0.026616791263222694
9.999999999999994e-05,117399,,,,,,,,,
9.999999999999994e-05,117399,,,,,,,,,
9.999999999999994e-05,117399,,,,,,,,,
,117399,0.0008507512975484133,1.3342525562620722e-05,0.0005008988664485514,0.00016869473620317876,0.00015502821770496666,1.2786916158802342e-05,47.0,1653,
,117433,,,,,,,,1653,0.027207547798752785
9.999999999999994e-05,117449,,,,,,,,,
9.999999999999994e-05,117449,,,,,,,,,
9.999999999999994e-05,117449,,,,,,,,,
,117449,0.001591128297150135,5.206761125009507e-05,0.0008251505787484348,0.00025045895017683506,0.00028907868545502424,0.00017437251517549157,47.0,1654,
9.999999999999994e-05,117499,,,,,,,,,
9.999999999999994e-05,117499,,,,,,,,,
9.999999999999994e-05,117499,,,,,,,,,
,117499,0.001114912680350244,2.7352605684427544e-05,0.0005102823488414288,0.000298787810606882,0.00026599757256917655,1.2492328096413985e-05,47.0,1654,
,117504,,,,,,,,1654,0.027524564415216446
9.999999999999994e-05,117549,,,,,,,,,
9.999999999999994e-05,117549,,,,,,,,,
9.999999999999994e-05,117549,,,,,,,,,
,117549,0.0010219760006293654,2.0316345398896374e-05,0.0006407925393432379,0.00020014839537907392,0.00015929268556647003,1.4261448768593254e-06,47.0,1655,
,117575,,,,,,,,1655,0.026781903579831123
9.999999999999994e-05,117599,,,,,,,,,
9.999999999999994e-05,117599,,,,,,,,,
9.999999999999994e-05,117599,,,,,,,,,
,117599,0.0013856043806299567,5.173535464564338e-05,0.0010997537756338716,0.00015910976799204946,7.455817103618756e-05,4.4738686710843467e-07,47.0,1656,
,117646,,,,,,,,1656,0.027136608958244324
9.999999999999994e-05,117649,,,,,,,,,
9.999999999999994e-05,117649,,,,,,,,,
9.999999999999994e-05,117649,,,,,,,,,
,117649,0.0021805299911648035,0.00028409421793185174,0.0012531746178865433,0.0003246283740736544,0.00031798623967915773,6.46597641207336e-07,47.0,1657,
9.999999999999994e-05,117699,,,,,,,,,
9.999999999999994e-05,117699,,,,,,,,,
9.999999999999994e-05,117699,,,,,,,,,
,117699,0.0012333160266280174,0.00015395753143820912,0.0006771042244508862,0.0002152843080693856,0.00018678780179470778,1.8218851494111732e-07,47.0,1657,
,117717,,,,,,,,1657,0.02693275548517704
9.999999999999994e-05,117749,,,,,,,,,
9.999999999999994e-05,117749,,,,,,,,,
9.999999999999994e-05,117749,,,,,,,,,
,117749,0.001285032369196415,2.321864667464979e-05,0.0007696335669606924,0.0002543152659200132,0.00023758024326525629,2.846096549546928e-07,47.0,1658,
,117788,,,,,,,,1658,0.02667483128607273
9.999999999999994e-05,117799,,,,,,,,,
9.999999999999994e-05,117799,,,,,,,,,
9.999999999999994e-05,117799,,,,,,,,,
,117799,0.007312041707336903,2.2245067157200538e-05,0.0009053251123987138,0.003849394153803587,0.0025346125476062298,4.647212676900381e-07,47.0,1659,
9.999999999999994e-05,117849,,,,,,,,,
9.999999999999994e-05,117849,,,,,,,,,
9.999999999999994e-05,117849,,,,,,,,,
,117849,0.001273191999644041,0.0006838402478024364,0.00032999046379700303,0.00013841563486494124,0.00012060606968589127,3.39558937412221e-07,47.0,1659,
,117859,,,,,,,,1659,0.027120789512991905
9.999999999999994e-05,117899,,,,,,,,,
9.999999999999994e-05,117899,,,,,,,,,
9.999999999999994e-05,117899,,,,,,,,,
,117899,0.0008983692969195545,4.412747875903733e-05,0.000585719128139317,0.00015290769806597382,0.00011534535587998107,2.6968427846441045e-07,47.0,1660,
,117930,,,,,,,,1660,0.02707023359835148
9.999999999999994e-05,117949,,,,,,,,,
9.999999999999994e-05,117949,,,,,,,,,
9.999999999999994e-05,117949,,,,,,,,,
,117949,0.00128011719789356,9.77094350673724e-06,0.0006998840253800154,0.0003873275709338486,0.00018273471505381167,4.0005465962167364e-07,47.0,1661,
9.999999999999994e-05,117999,,,,,,,,,
9.999999999999994e-05,117999,,,,,,,,,
9.999999999999994e-05,117999,,,,,,,,,
,117999,0.0009668688289821148,0.00017102698620874435,0.0006264779367484152,0.00010151047899853438,6.760346877854317e-05,2.499540414646617e-07,47.0,1661,
,118001,,,,,,,,1661,0.026762310415506363
9.999999999999994e-05,118049,,,,,,,,,
9.999999999999994e-05,118049,,,,,,,,,
9.999999999999994e-05,118049,,,,,,,,,
,118049,0.0008707494707778096,3.0011073249625042e-05,0.0006848756456747651,9.949449304258451e-05,5.6107277487171814e-05,2.610311469197768e-07,47.0,1662,
,118072,,,,,,,,1662,0.02705514244735241
9.999999999999994e-05,118099,,,,,,,,,
9.999999999999994e-05,118099,,,,,,,,,
9.999999999999994e-05,118099,,,,,,,,,
,118099,0.000963972881436348,0.0001052988154697232,0.00048045057337731123,0.00019744987366721034,0.00018055428517982364,2.193398529470869e-07,47.0,1663,
,118143,,,,,,,,1663,0.027013901621103287
9.999999999999994e-05,118149,,,,,,,,,
9.999999999999994e-05,118149,,,,,,,,,
9.999999999999994e-05,118149,,,,,,,,,
,118149,0.001011537155136466,6.431275687646121e-05,0.0005526001914404333,0.00020307675004005432,0.00019122011144645512,3.2736798516452836e-07,47.0,1664,
9.999999999999994e-05,118199,,,,,,,,,
9.999999999999994e-05,118199,,,,,,,,,
9.999999999999994e-05,118199,,,,,,,,,
,118199,0.0010664609726518393,1.8683749658521265e-05,0.0007822683546692133,0.0001454654848203063,0.00011978310067206621,2.602662050321669e-07,47.0,1664,
,118214,,,,,,,,1664,0.027559788897633553
9.999999999999994e-05,118249,,,,,,,,,
9.999999999999994e-05,118249,,,,,,,,,
9.999999999999994e-05,118249,,,,,,,,,
,118249,0.0021766957361251116,0.0005774636520072818,0.0007906745886430144,0.0004379207384772599,0.0003704101254697889,2.2686006673211523e-07,47.0,1665,
,118285,,,,,,,,1665,0.027128711342811584
9.999999999999994e-05,118299,,,,,,,,,
9.999999999999994e-05,118299,,,,,,,,,
9.999999999999994e-05,118299,,,,,,,,,
,118299,0.0008635740377940238,9.436526852368843e-06,0.00048623239854350686,0.00022437046573031694,0.00014329080295283347,2.439167303691647e-07,47.0,1666,
9.999999999999994e-05,118349,,,,,,,,,
9.999999999999994e-05,118349,,,,,,,,,
9.999999999999994e-05,118349,,,,,,,,,
,118349,0.0011037439107894897,0.00010797854338306934,0.0006301467074081302,0.00022383769100997597,0.00014146309695206583,3.1787467946742254e-07,47.0,1666,
,118356,,,,,,,,1666,0.026850609108805656
9.999999999999994e-05,118399,,,,,,,,,
9.999999999999994e-05,118399,,,,,,,,,
9.999999999999994e-05,118399,,,,,,,,,
,118399,0.003919771406799555,0.0009042244637385011,0.0023656957782804966,0.00036794698098674417,0.000281737360637635,1.6697238436336193e-07,47.0,1667,
,118427,,,,,,,,1667,0.027246683835983276
9.999999999999994e-05,118449,,,,,,,,,
9.999999999999994e-05,118449,,,,,,,,,
9.999999999999994e-05,118449,,,,,,,,,
,118449,0.0012359143001958728,0.00015309063019230962,0.0007561579113826156,0.00017008467693813145,0.00015634484589099884,2.361829984920405e-07,47.0,1668,
,118498,,,,,,,,1668,0.02655598148703575
9.999999999999994e-05,118499,,,,,,,,,
9.999999999999994e-05,118499,,,,,,,,,
9.999999999999994e-05,118499,,,,,,,,,
,118499,0.0013782341266050935,0.0005391429294832051,0.00033569365041330457,0.0002869987511076033,0.00021611538249999285,2.8333528234725236e-07,47.0,1669,
9.999999999999994e-05,118549,,,,,,,,,
9.999999999999994e-05,118549,,,,,,,,,
9.999999999999994e-05,118549,,,,,,,,,
,118549,0.0013431432889774442,3.908490907633677e-05,0.0007173443445935845,0.00032651008223183453,0.0002596484846435487,5.553711162065156e-07,47.0,1669,
,118569,,,,,,,,1669,0.027456987649202347
9.999999999999994e-05,118599,,,,,,,,,
9.999999999999994e-05,118599,,,,,,,,,
9.999999999999994e-05,118599,,,,,,,,,
,118599,0.001294020563364029,0.00047895594616420567,0.0005645939381793141,0.0001364222844131291,0.00011379150964785367,2.568639843048004e-07,47.0,1670,
,118640,,,,,,,,1670,0.02660593017935753
9.999999999999994e-05,118649,,,,,,,,,
9.999999999999994e-05,118649,,,,,,,,,
9.999999999999994e-05,118649,,,,,,,,,
,118649,0.0009325786377303302,0.00018774042837321758,0.0005125553580000997,0.00014099269174039364,9.098113514482975e-05,3.090275129125075e-07,47.0,1671,
9.999999999999994e-05,118699,,,,,,,,,
9.999999999999994e-05,118699,,,,,,,,,
9.999999999999994e-05,118699,,,,,,,,,
,118699,0.00115364755038172,9.6508319984423e-06,0.0007572269532829523,0.0002207416109740734,0.0001657158718444407,3.123319061160146e-07,47.0,1671,
,118711,,,,,,,,1671,0.026589255779981613
9.999999999999994e-05,118749,,,,,,,,,
9.999999999999994e-05,118749,,,,,,,,,
9.999999999999994e-05,118749,,,,,,,,,
,118749,0.0008989094640128314,9.049868094734848e-05,0.0006444411701522768,9.960638271877542e-05,6.422145816031843e-05,1.4179849472384376e-07,47.0,1672,
,118782,,,,,,,,1672,0.027166839689016342
9.999999999999994e-05,118799,,,,,,,,,
9.999999999999994e-05,118799,,,,,,,,,
9.999999999999994e-05,118799,,,,,,,,,
,118799,0.0006611718563362956,9.678833157522604e-05,0.0003932979016099125,9.983003110392019e-05,7.095236651366577e-05,3.032861570773093e-07,47.0,1673,
9.999999999999994e-05,118849,,,,,,,,,
9.999999999999994e-05,118849,,,,,,,,,
9.999999999999994e-05,118849,,,,,,,,,
,118849,0.0005863752448931336,2.29119859795901e-06,0.0004307009221520275,9.164575021713972e-05,6.14220043644309e-05,3.15358050784198e-07,47.0,1673,
,118853,,,,,,,,1673,0.026750536635518074
9.999999999999994e-05,118899,,,,,,,,,
9.999999999999994e-05,118899,,,,,,,,,
9.999999999999994e-05,118899,,,,,,,,,
,118899,0.0007327584316954017,1.1134971828141715e-05,0.0004081440856680274,0.0001896357862278819,0.00012346814037300646,3.754204556116747e-07,47.0,1674,
,118924,,,,,,,,1674,0.026892563328146935
9.999999999999994e-05,118949,,,,,,,,,
9.999999999999994e-05,118949,,,,,,,,,
9.999999999999994e-05,118949,,,,,,,,,
,118949,0.0006929570226930082,0.00010697899415390566,0.0004101049853488803,0.00011005058331647888,6.553929415531456e-05,2.831631320532324e-07,47.0,1675,
,118995,,,,,,,,1675,0.027214983478188515
9.999999999999994e-05,118999,,,,,,,,,
9.999999999999994e-05,118999,,,,,,,,,
9.999999999999994e-05,118999,,,,,,,,,
,118999,0.0008069950272329152,9.201883221976459e-05,0.0005593108362518251,9.206760296365246e-05,6.335989746730775e-05,2.3787876557435084e-07,47.0,1676,
9.999999999999994e-05,119049,,,,,,,,,
9.999999999999994e-05,119049,,,,,,,,,
9.999999999999994e-05,119049,,,,,,,,,
,119049,0.002349721733480692,5.523637082660571e-05,0.001647976809181273,0.00029481062665581703,0.0003474270924925804,4.270782483217772e-06,47.0,1676,
,119066,,,,,,,,1676,0.026992488652467728
9.999999999999994e-05,119099,,,,,,,,,
9.999999999999994e-05,119099,,,,,,,,,
9.999999999999994e-05,119099,,,,,,,,,
,119099,0.0006300841341726482,4.0986262320075184e-05,0.00043894117698073387,8.63391614984721e-05,5.438310472527519e-05,9.434424100618344e-06,47.0,1677,
,119137,,,,,,,,1677,0.02729184739291668
9.999999999999994e-05,119149,,,,,,,,,
9.999999999999994e-05,119149,,,,,,,,,
9.999999999999994e-05,119149,,,,,,,,,
,119149,0.0010903256479650736,5.2233458518458065e-06,0.0008232863619923592,0.00016577364294789732,9.552433039061725e-05,5.178926585358568e-07,47.0,1678,
9.999999999999994e-05,119199,,,,,,,,,
9.999999999999994e-05,119199,,,,,,,,,
9.999999999999994e-05,119199,,,,,,,,,
,119199,0.000900916988030076,3.4890908864326775e-05,0.0006376502569764853,0.00014402330270968378,8.403135871049017e-05,3.212024637377908e-07,47.0,1678,
,119208,,,,,,,,1678,0.027276383712887764
9.999999999999994e-05,119249,,,,,,,,,
9.999999999999994e-05,119249,,,,,,,,,
9.999999999999994e-05,119249,,,,,,,,,
,119249,0.0009659531060606241,0.00012747899745590985,0.0006286425050348043,0.00012500444427132607,8.457114745397121e-05,2.5605487508073566e-07,47.0,1679,
,119279,,,,,,,,1679,0.02675090730190277
9.999999999999994e-05,119299,,,,,,,,,
9.999999999999994e-05,119299,,,,,,,,,
9.999999999999994e-05,119299,,,,,,,,,
,119299,0.0005390802398324013,3.5764783206104767e-06,0.00033898724359460175,0.00012334910570643842,7.289218046935275e-05,2.7520482603904384e-07,47.0,1680,
9.999999999999994e-05,119349,,,,,,,,,
9.999999999999994e-05,119349,,,,,,,,,
9.999999999999994e-05,119349,,,,,,,,,
,119349,0.0009970261016860604,8.204083133023232e-05,0.0005953126819804311,0.0001900605857372284,0.00012933762627653778,2.7435146421339596e-07,47.0,1680,
,119350,,,,,,,,1680,0.02716796286404133
9.999999999999994e-05,119399,,,,,,,,,
9.999999999999994e-05,119399,,,,,,,,,
9.999999999999994e-05,119399,,,,,,,,,
,119399,0.0007453172584064305,3.8383863284252584e-05,0.0005004574777558446,0.0001348125806543976,7.12982946424745e-05,3.650962128176616e-07,47.0,1681,
,119421,,,,,,,,1681,0.026910876855254173
9.999999999999994e-05,119449,,,,,,,,,
9.999999999999994e-05,119449,,,,,,,,,
9.999999999999994e-05,119449,,,,,,,,,
,119449,0.0007579210214316845,4.21243885284639e-06,0.0004419017641339451,0.00018879547133110464,0.0001225553423864767,4.5598102360600024e-07,47.0,1682,
,119492,,,,,,,,1682,0.02671375311911106
9.999999999999994e-05,119499,,,,,,,,,
9.999999999999994e-05,119499,,,,,,,,,
9.999999999999994e-05,119499,,,,,,,,,
,119499,0.0007620396208949387,0.00016072641301434487,0.0003725258575286716,0.00014163096784614027,8.688673551660031e-05,2.695964553822705e-07,47.0,1683,
9.999999999999994e-05,119549,,,,,,,,,
9.999999999999994e-05,119549,,,,,,,,,
9.999999999999994e-05,119549,,,,,,,,,
,119549,0.0007682631257921457,0.0001295992115046829,0.0004162304103374481,0.00013748666970059276,8.463032281724736e-05,3.164735460359225e-07,47.0,1683,
,119563,,,,,,,,1683,0.02675633877515793
9.999999999999994e-05,119599,,,,,,,,,
9.999999999999994e-05,119599,,,,,,,,,
9.999999999999994e-05,119599,,,,,,,,,
,119599,0.0012027149787172675,6.344539724523202e-05,0.0007001914200372994,0.00025309488410130143,0.00018565409118309617,3.29159092871123e-07,47.0,1684,
,119634,,,,,,,,1684,0.02657652460038662
9.999999999999994e-05,119649,,,,,,,,,
9.999999999999994e-05,119649,,,,,,,,,
9.999999999999994e-05,119649,,,,,,,,,
,119649,0.0006205908139236271,1.720064574328717e-05,0.0004410143010318279,9.667973063187674e-05,6.507187208626419e-05,6.242986501092673e-07,47.0,1685,
9.999999999999994e-05,119699,,,,,,,,,
9.999999999999994e-05,119699,,,,,,,,,
9.999999999999994e-05,119699,,,,,,,,,
,119699,0.0007748683565296233,9.024057362694293e-06,0.0005099446279928088,0.00015651085413992405,9.858944395091385e-05,7.99338806700689e-07,47.0,1685,
,119705,,,,,,,,1685,0.026986850425601006
9.999999999999994e-05,119749,,,,,,,,,
9.999999999999994e-05,119749,,,,,,,,,
9.999999999999994e-05,119749,,,,,,,,,
,119749,0.0006700099329464138,1.3235621736384928e-05,0.000438624934758991,0.00012479948054533452,9.279757796321064e-05,5.523079380509444e-07,47.0,1686,
,119776,,,,,,,,1686,0.026955384761095047
9.999999999999994e-05,119799,,,,,,,,,
9.999999999999994e-05,119799,,,,,,,,,
9.999999999999994e-05,119799,,,,,,,,,
,119799,0.0008396364282816648,8.467996667604893e-05,0.0005698474706150591,0.00010449581168359146,8.012062608031556e-05,4.925502139485616e-07,47.0,1687,
,119847,,,,,,,,1687,0.02732529491186142
9.999999999999994e-05,119849,,,,,,,,,
9.999999999999994e-05,119849,,,,,,,,,
9.999999999999994e-05,119849,,,,,,,,,
,119849,0.0007547974237240851,9.320773824583739e-05,0.00046699075028300285,0.00011201332381460816,8.198160503525287e-05,6.039929303369718e-07,47.0,1688,
9.999999999999994e-05,119899,,,,,,,,,
9.999999999999994e-05,119899,,,,,,,,,
9.999999999999994e-05,119899,,,,,,,,,
,119899,0.001535182585939765,2.8482478228397667e-05,0.0012584136566147208,0.0001397414889652282,0.00010801116877701133,5.337941502148169e-07,47.0,1688,
,119918,,,,,,,,1688,0.02684158645570278
9.999999999999994e-05,119949,,,,,,,,,
9.999999999999994e-05,119949,,,,,,,,,
9.999999999999994e-05,119949,,,,,,,,,
,119949,0.0016502917278558016,0.00028709747130051255,0.0008482456905767322,0.0002691733534447849,0.00024536519777029753,4.0992907202053175e-07,47.0,1689,
,119989,,,,,,,,1689,0.027325008064508438
9.999999999999994e-05,119999,,,,,,,,,
9.999999999999994e-05,119999,,,,,,,,,
9.999999999999994e-05,119999,,,,,,,,,
,119999,0.0005773773300461471,4.582015662890626e-06,0.0004238872788846493,8.247233927249908e-05,6.314286292763427e-05,3.2928660402831156e-06,47.0,1690,
9.999999999999994e-05,120049,,,,,,,,,
9.999999999999994e-05,120049,,,,,,,,,
9.999999999999994e-05,120049,,,,,,,,,
,120049,0.0007708128541707993,0.00013387977378442883,0.0004155036876909435,0.00010412547271698713,9.305760613642633e-05,2.424629929009825e-05,47.0,1690,
,120060,,,,,,,,1690,0.026921140030026436
9.999999999999994e-05,120099,,,,,,,,,
9.999999999999994e-05,120099,,,,,,,,,
9.999999999999994e-05,120099,,,,,,,,,
,120099,0.0010629191529005766,4.849626748182345e-06,0.0009016460971906781,0.00010792535613290966,4.699535929830745e-05,1.5027146673673997e-06,47.0,1691,
,120131,,,,,,,,1691,0.0272756926715374
9.999999999999994e-05,120149,,,,,,,,,
9.999999999999994e-05,120149,,,,,,,,,
9.999999999999994e-05,120149,,,,,,,,,
,120149,0.0009228909621015191,1.0371841199230403e-05,0.0006781087722629309,0.00013224119902588427,0.00010190994362346828,2.5912063961186504e-07,47.0,1692,
9.999999999999994e-05,120199,,,,,,,,,
9.999999999999994e-05,120199,,,,,,,,,
9.999999999999994e-05,120199,,,,,,,,,
,120199,0.00073080143192783,8.030841854633763e-06,0.00044137227814644575,0.00015951506793498993,0.00012152575072832406,3.5746248272516823e-07,47.0,1692,
,120202,,,,,,,,1692,0.026990048587322235
9.999999999999994e-05,120249,,,,,,,,,
9.999999999999994e-05,120249,,,,,,,,,
9.999999999999994e-05,120249,,,,,,,,,
,120249,0.0010074400343000889,9.436908294446766e-05,0.0006987805245444179,0.00011857823119498789,9.549468086333945e-05,2.175557796135763e-07,47.0,1693,
,120273,,,,,,,,1693,0.026636211201548576
9.999999999999994e-05,120299,,,,,,,,,
9.999999999999994e-05,120299,,,,,,,,,
9.999999999999994e-05,120299,,,,,,,,,
,120299,0.002085261745378375,0.00045669410610571504,0.0010043119546025991,0.00034374586539343,0.00028012815164402127,3.817663412064576e-07,47.0,1694,
,120344,,,,,,,,1694,0.026636729016900063
9.999999999999994e-05,120349,,,,,,,,,
9.999999999999994e-05,120349,,,,,,,,,
9.999999999999994e-05,120349,,,,,,,,,
,120349,0.00045230836258269846,0.00010022459173342213,0.0002149017818737775,8.959775732364506e-05,4.7296893171733245e-05,2.87320204961361e-07,47.0,1695,
9.999999999999994e-05,120399,,,,,,,,,
9.999999999999994e-05,120399,,,,,,,,,
9.999999999999994e-05,120399,,,,,,,,,
,120399,0.0011711675906553864,1.7985468730330467e-05,0.0005938077811151743,0.0003048943472094834,0.00025425240164622664,2.275960042652514e-07,48.0,1695,
,120415,,,,,,,,1695,0.026557540521025658
9.999999999999994e-05,120449,,,,,,,,,
9.999999999999994e-05,120449,,,,,,,,,
9.999999999999994e-05,120449,,,,,,,,,
,120449,0.0009435873362235725,2.2883210476720706e-05,0.0006750160828232765,0.00015190064732450992,9.097323345486075e-05,2.8141553229943383e-06,48.0,1696,
,120486,,,,,,,,1696,0.026028230786323547
9.999999999999994e-05,120499,,,,,,,,,
9.999999999999994e-05,120499,,,,,,,,,
9.999999999999994e-05,120499,,,,,,,,,
,120499,0.0005764086381532252,8.708733366802335e-05,0.0003210531722288579,9.803028660826385e-05,5.402598617365584e-05,1.6211897673201747e-05,48.0,1697,
9.999999999999994e-05,120549,,,,,,,,,
9.999999999999994e-05,120549,,,,,,,,,
9.999999999999994e-05,120549,,,,,,,,,
,120549,0.0008680658647790551,4.586095383274369e-05,0.0005345395766198635,0.0001812646514736116,0.00010558449139352888,8.161835012288066e-07,48.0,1697,
,120557,,,,,,,,1697,0.026849061250686646
9.999999999999994e-05,120599,,,,,,,,,
9.999999999999994e-05,120599,,,,,,,,,
9.999999999999994e-05,120599,,,,,,,,,
,120599,0.0009427689947187901,0.0002172430686186999,0.0003931525570806116,0.00020248189684934914,0.00012928420619573444,6.072224323361297e-07,48.0,1698,
,120628,,,,,,,,1698,0.026960210874676704
9.999999999999994e-05,120649,,,,,,,,,
9.999999999999994e-05,120649,,,,,,,,,
9.999999999999994e-05,120649,,,,,,,,,
,120649,0.001148037612438202,3.5573764762375504e-05,0.000784750678576529,0.00017786910757422447,0.00014636950800195336,3.4744875847536605e-06,48.0,1699,
9.999999999999994e-05,120699,,,,,,,,,
,120699,0.0012150680413469672,0.00032308383379131556,0.0005713452119380236,0.0001973989710677415,0.0001109205768443644,1.2319436791585758e-05,48.0,1699,
,120699,,,,,,,,1699,0.026776695623993874
9.999999999999994e-05,120749,,,,,,,,,
9.999999999999994e-05,120749,,,,,,,,,
9.999999999999994e-05,120749,,,,,,,,,
,120749,0.0014240432064980268,0.00013442504859995097,0.0010004055220633745,0.0001629916368983686,0.00011787605762947351,8.344929483428132e-06,48.0,1700,
,120770,,,,,,,,1700,0.026553533971309662
9.999999999999994e-05,120799,,,,,,,,,
9.999999999999994e-05,120799,,,,,,,,,
9.999999999999994e-05,120799,,,,,,,,,
,120799,0.0010957976337522268,0.00032341928454115987,0.0005461494438350201,0.00012138771126046777,0.00010391582327429205,9.254173392037046e-07,48.0,1701,
,120841,,,,,,,,1701,0.02687189355492592
9.999999999999994e-05,120849,,,,,,,,,
9.999999999999994e-05,120849,,,,,,,,,
9.999999999999994e-05,120849,,,,,,,,,
,120849,0.0008271379629150033,7.591149369545747e-06,0.0006121069891378284,0.00012721875100396574,7.970039587235078e-05,5.207057256484404e-07,48.0,1702,
9.999999999999994e-05,120899,,,,,,,,,
9.999999999999994e-05,120899,,,,,,,,,
9.999999999999994e-05,120899,,,,,,,,,
,120899,0.0014232423854991794,0.00044550219899974763,0.0006357687525451183,0.00019285926828160882,0.00014848471619188786,6.273533017520094e-07,48.0,1702,
,120912,,,,,,,,1702,0.02709798887372017
9.999999999999994e-05,120949,,,,,,,,,
9.999999999999994e-05,120949,,,,,,,,,
9.999999999999994e-05,120949,,,,,,,,,
,120949,0.0010338439606130123,0.0002850723685696721,0.000561357825063169,0.00011026287393178791,7.40806499379687e-05,3.0701744435646106e-06,48.0,1703,
,120983,,,,,,,,1703,0.02668958343565464
9.999999999999994e-05,120999,,,,,,,,,
9.999999999999994e-05,120999,,,,,,,,,
9.999999999999994e-05,120999,,,,,,,,,
,120999,0.001597758149728179,0.00011909130262210965,0.0012458758428692818,0.00012832733045797795,9.73806090769358e-05,7.08313200448174e-06,48.0,1704,
9.999999999999994e-05,121049,,,,,,,,,
9.999999999999994e-05,121049,,,,,,,,,
9.999999999999994e-05,121049,,,,,,,,,
,121049,0.0010211527114734054,0.00011875832569785416,0.0006791403284296393,0.00011881316459039226,0.00010406431101728231,3.765748317619e-07,48.0,1704,
,121054,,,,,,,,1704,0.027592578902840614
9.999999999999994e-05,121099,,,,,,,,,
9.999999999999994e-05,121099,,,,,,,,,
9.999999999999994e-05,121099,,,,,,,,,
,121099,0.0009432216756977141,1.938032073667273e-05,0.0006581040215678513,0.00014268701488617808,0.00012284319382160902,2.0715738457965927e-07,48.0,1705,
,121125,,,,,,,,1705,0.027320479974150658
9.999999999999994e-05,121149,,,,,,,,,
9.999999999999994e-05,121149,,,,,,,,,
9.999999999999994e-05,121149,,,,,,,,,
,121149,0.0012513607507571578,0.00019136673654429615,0.0006641534855589271,0.00023888834402896464,0.000156657537445426,2.9469291007444554e-07,48.0,1706,
,121196,,,,,,,,1706,0.02773352339863777
9.999999999999994e-05,121199,,,,,,,,,
9.999999999999994e-05,121199,,,,,,,,,
9.999999999999994e-05,121199,,,,,,,,,
,121199,0.0010353937977924943,1.4109295079833828e-05,0.0008003945695236325,0.00013043780927546322,9.013438830152154e-05,3.1765375752002e-07,48.0,1707,
9.999999999999994e-05,121249,,,,,,,,,
9.999999999999994e-05,121249,,,,,,,,,
9.999999999999994e-05,121249,,,,,,,,,
,121249,0.0006193308508954942,5.550549758481793e-06,0.0003558858297765255,0.00014545918384101242,0.00011221271415706724,2.226027646656803e-07,48.0,1707,
,121267,,,,,,,,1707,0.027201123535633087
9.999999999999994e-05,121299,,,,,,,,,
9.999999999999994e-05,121299,,,,,,,,,
9.999999999999994e-05,121299,,,,,,,,,
,121299,0.000872978416737169,0.0001663982548052445,0.000467133242636919,0.00013125871191732585,0.000107853818917647,3.3441534696976305e-07,48.0,1708,
,121338,,,,,,,,1708,0.0269610658288002
9.999999999999994e-05,121349,,,,,,,,,
9.999999999999994e-05,121349,,,,,,,,,
9.999999999999994e-05,121349,,,,,,,,,
,121349,0.0006708737346343696,1.0989185284415726e-05,0.0004877318278886378,9.97624738374725e-05,7.166817522374913e-05,7.220401698759815e-07,48.0,1709,
9.999999999999994e-05,121399,,,,,,,,,
9.999999999999994e-05,121399,,,,,,,,,
9.999999999999994e-05,121399,,,,,,,,,
,121399,0.0007104619289748371,0.00012686217087320983,0.00033947761403396726,0.00015798574895597994,8.548515324946493e-05,6.512471486530558e-07,48.0,1709,
,121409,,,,,,,,1709,0.02722351811826229
9.999999999999994e-05,121449,,,,,,,,,
9.999999999999994e-05,121449,,,,,,,,,
9.999999999999994e-05,121449,,,,,,,,,
,121449,0.0010672662174329162,4.7116582209127955e-06,0.0007832006085664034,0.00015523027104791254,0.00011904214625246823,5.081476501800353e-06,48.0,1710,
,121480,,,,,,,,1710,0.02731557935476303
9.999999999999994e-05,121499,,,,,,,,,
9.999999999999994e-05,121499,,,,,,,,,
9.999999999999994e-05,121499,,,,,,,,,
,121499,0.0009797995444387197,0.00016442443302366883,0.0005775775643996894,0.00012524201883934438,8.728743705432862e-05,2.5268116587540135e-05,48.0,1711,
9.999999999999994e-05,121549,,,,,,,,,
9.999999999999994e-05,121549,,,,,,,,,
9.999999999999994e-05,121549,,,,,,,,,
,121549,0.0012492035748437047,6.913766264915466e-05,0.0007493320154026151,0.00023259498993866146,0.00019009698007721454,8.041839464567602e-06,48.0,1711,
,121551,,,,,,,,1711,0.026910828426480293
9.999999999999994e-05,121599,,,,,,,,,
9.999999999999994e-05,121599,,,,,,,,,
9.999999999999994e-05,121599,,,,,,,,,
,121599,0.0006800470291636884,4.24253630626481e-06,0.0005296803428791463,8.891944162314758e-05,5.5407170293619856e-05,1.797547952264722e-06,48.0,1712,
,121622,,,,,,,,1712,0.02735011652112007
9.999999999999994e-05,121649,,,,,,,,,
9.999999999999994e-05,121649,,,,,,,,,
9.999999999999994e-05,121649,,,,,,,,,
,121649,0.0008533801301382482,2.4092441890388727e-05,0.000607588910497725,0.00012375270307529718,9.254131146008149e-05,5.404747753345873e-06,48.0,1713,
,121693,,,,,,,,1713,0.027076559141278267
9.999999999999994e-05,121699,,,,,,,,,
9.999999999999994e-05,121699,,,,,,,,,
9.999999999999994e-05,121699,,,,,,,,,
,121699,0.0003985358343925327,7.580209967272822e-06,0.00025572057347744703,8.966496534412727e-05,4.5046497689327225e-05,5.235875164544268e-07,48.0,1714,
9.999999999999994e-05,121749,,,,,,,,,
9.999999999999994e-05,121749,,,,,,,,,
9.999999999999994e-05,121749,,,,,,,,,
,121749,0.0006996116717346013,6.533261512231547e-06,0.0005107264732941985,0.00010463703074492514,7.731586811132729e-05,3.9900228898659407e-07,48.0,1714,
,121764,,,,,,,,1714,0.026740575209259987
9.999999999999994e-05,121799,,,,,,,,,
9.999999999999994e-05,121799,,,,,,,,,
9.999999999999994e-05,121799,,,,,,,,,
,121799,0.0013094590976834297,0.00014249564264900982,0.0007392847328446805,0.00023607724870089442,0.00019001246255356818,1.58892544277478e-06,48.0,1715,
,121835,,,,,,,,1715,0.026740647852420807
9.999999999999994e-05,121849,,,,,,,,,
9.999999999999994e-05,121849,,,,,,,,,
9.999999999999994e-05,121849,,,,,,,,,
,121849,0.0011201387969776988,1.1717078450601548e-05,0.0007353163091465831,0.00020850470173172653,0.00016337820852641016,1.2224235206304002e-06,48.0,1716,
9.999999999999994e-05,121899,,,,,,,,,
9.999999999999994e-05,121899,,,,,,,,,
9.999999999999994e-05,121899,,,,,,,,,
,121899,0.000828996067866683,0.00014626105257775635,0.0004348894872236997,0.0001377374428557232,0.0001033951120916754,6.712964932376053e-06,48.0,1716,
,121906,,,,,,,,1716,0.026510782539844513
9.999999999999994e-05,121949,,,,,,,,,
9.999999999999994e-05,121949,,,,,,,,,
9.999999999999994e-05,121949,,,,,,,,,
,121949,0.0013116071932017803,0.0006838967092335224,0.0003941462782677263,0.00011516276572365314,0.00011744335643015802,9.579699735695613e-07,48.0,1717,
,121977,,,,,,,,1717,0.026810580864548683
9.999999999999994e-05,121999,,,,,,,,,
9.999999999999994e-05,121999,,,,,,,,,
9.999999999999994e-05,121999,,,,,,,,,
,121999,0.0010317354463040829,0.00013308839697856456,0.0006689679576084018,0.00013121930533088744,9.800374391488731e-05,4.5600236830978247e-07,48.0,1718,
,122048,,,,,,,,1718,0.026555044576525688
9.999999999999994e-05,122049,,,,,,,,,
9.999999999999994e-05,122049,,,,,,,,,
9.999999999999994e-05,122049,,,,,,,,,
,122049,0.0011353290174156427,4.2928541006403975e-06,0.0008912641787901521,0.00012665281246881932,0.00011180657020304352,1.3125859368301462e-06,48.0,1719,
9.999999999999994e-05,122099,,,,,,,,,
9.999999999999994e-05,122099,,,,,,,,,
9.999999999999994e-05,122099,,,,,,,,,
,122099,0.0009634998277761042,0.00018678604101296514,0.0004962544771842659,0.00015646565589122474,0.00011755377636291087,6.439926892198855e-06,48.0,1719,
,122119,,,,,,,,1719,0.02676919661462307
9.999999999999994e-05,122149,,,,,,,,,
9.999999999999994e-05,122149,,,,,,,,,
9.999999999999994e-05,122149,,,,,,,,,
,122149,0.0013378442963585258,0.00026587536558508873,0.0009091654792428017,9.388179023517296e-05,6.812687206547707e-05,7.949341238600027e-07,48.0,1720,
,122190,,,,,,,,1720,0.026471342891454697
9.999999999999994e-05,122199,,,,,,,,,
9.999999999999994e-05,122199,,,,,,,,,
9.999999999999994e-05,122199,,,,,,,,,
,122199,0.0017241679597645998,0.00027354335179552436,0.00098332273773849,0.00025504903169348836,0.00021100575395394117,1.2470322872104589e-06,48.0,1721,
9.999999999999994e-05,122249,,,,,,,,,
9.999999999999994e-05,122249,,,,,,,,,
9.999999999999994e-05,122249,,,,,,,,,
,122249,0.0008295451407320797,0.00018790533067658544,0.0003526884247548878,0.00016935565508902073,0.00011931559129152447,2.8017862518936454e-07,48.0,1721,
,122261,,,,,,,,1721,0.02695353887975216
9.999999999999994e-05,122299,,,,,,,,,
9.999999999999994e-05,122299,,,,,,,,,
9.999999999999994e-05,122299,,,,,,,,,
,122299,0.001148153911344707,3.583828220143914e-05,0.0008941831765696406,0.00014824146637693048,6.94333721185103e-05,4.576008336698578e-07,48.0,1722,
,122332,,,,,,,,1722,0.02709680236876011
9.999999999999994e-05,122349,,,,,,,,,
9.999999999999994e-05,122349,,,,,,,,,
9.999999999999994e-05,122349,,,,,,,,,
,122349,0.0013948034029453993,0.00017847221170086414,0.0009274787735193968,0.00014578393893316388,0.00014285367797128856,2.1464113331148837e-07,48.0,1723,
9.999999999999994e-05,122399,,,,,,,,,
9.999999999999994e-05,122399,,,,,,,,,
9.999999999999994e-05,122399,,,,,,,,,
,122399,0.0016976722981780767,0.00020101392874494195,0.0012095022248104215,0.00016647300799377263,0.00012046725896652788,2.158822098863311e-07,48.0,1723,
,122403,,,,,,,,1723,0.026698285713791847
9.999999999999994e-05,122449,,,,,,,,,
9.999999999999994e-05,122449,,,,,,,,,
9.999999999999994e-05,122449,,,,,,,,,
,122449,0.0007132465252652764,4.863605136051774e-05,0.00041654595406726,0.00014777154137846082,0.00010003642091760412,2.5652116164565086e-07,48.0,1724,
,122474,,,,,,,,1724,0.0267025213688612
9.999999999999994e-05,122499,,,,,,,,,
9.999999999999994e-05,122499,,,,,,,,,
9.999999999999994e-05,122499,,,,,,,,,
,122499,0.000859087856952101,1.0878056855290197e-05,0.000622856430709362,0.00013724350719712675,8.79158906172961e-05,1.939112763693629e-07,48.0,1725,
,122545,,,,,,,,1725,0.02625430002808571
9.999999999999994e-05,122549,,,,,,,,,
9.999999999999994e-05,122549,,,,,,,,,
9.999999999999994e-05,122549,,,,,,,,,
,122549,0.001042988384142518,3.988572279922664e-05,0.0006481100572273135,0.00021379362442530692,0.0001408992538927123,2.997234389567893e-07,48.0,1726,
9.999999999999994e-05,122599,,,,,,,,,
9.999999999999994e-05,122599,,,,,,,,,
9.999999999999994e-05,122599,,,,,,,,,
,122599,0.0010273888474330306,0.00016334615065716207,0.0005881092511117458,0.00015087801148183644,0.00012485827028285712,1.9724451760794182e-07,48.0,1726,
,122616,,,,,,,,1726,0.02775401994585991
9.999999999999994e-05,122649,,,,,,,,,
9.999999999999994e-05,122649,,,,,,,,,
9.999999999999994e-05,122649,,,,,,,,,
,122649,0.0018388604512438178,5.272508133202791e-06,0.001612833933904767,0.00011546954920049757,0.00010509740968700498,1.871290180588403e-07,48.0,1727,
,122687,,,,,,,,1727,0.026599368080496788
9.999999999999994e-05,122699,,,,,,,,,
9.999999999999994e-05,122699,,,,,,,,,
9.999999999999994e-05,122699,,,,,,,,,
,122699,0.0009794612415134907,0.00016257322567980736,0.0005292654968798161,0.0001739517756504938,0.00011328361870255321,3.870329123856209e-07,48.0,1728,
9.999999999999994e-05,122749,,,,,,,,,
9.999999999999994e-05,122749,,,,,,,,,
9.999999999999994e-05,122749,,,,,,,,,
,122749,0.001094206003472209,0.0003165419038850814,0.0006457228446379304,7.516969344578683e-05,5.6631852203281596e-05,1.3966234746476403e-07,48.0,1728,
,122758,,,,,,,,1728,0.026417307555675507
9.999999999999994e-05,122799,,,,,,,,,
9.999999999999994e-05,122799,,,,,,,,,
9.999999999999994e-05,122799,,,,,,,,,
,122799,0.0010389211820438504,2.358273195568472e-05,0.0008397272904403508,0.0001341948809567839,4.119692312087864e-05,2.1927591831172322e-07,48.0,1729,
,122829,,,,,,,,1729,0.026846926659345627
9.999999999999994e-05,122849,,,,,,,,,
9.999999999999994e-05,122849,,,,,,,,,
9.999999999999994e-05,122849,,,,,,,,,
,122849,0.0007585351704619825,3.053971886401996e-05,0.000532694801222533,0.00010589817247819155,8.919124957174063e-05,2.112236074935936e-07,48.0,1730,
9.999999999999994e-05,122899,,,,,,,,,
9.999999999999994e-05,122899,,,,,,,,,
9.999999999999994e-05,122899,,,,,,,,,
,122899,0.001130482996813953,1.2730613889289089e-05,0.0008408763678744435,0.00015046527551021427,0.0001261065190192312,3.041915874746337e-07,48.0,1730,
,122900,,,,,,,,1730,0.026524554938077927
9.999999999999994e-05,122949,,,,,,,,,
9.999999999999994e-05,122949,,,,,,,,,
9.999999999999994e-05,122949,,,,,,,,,
,122949,0.0009466617484577,0.0001069805512088351,0.0006206806283444166,0.00012022467126371339,9.84340877039358e-05,3.418108178721013e-07,48.0,1731,
,122971,,,,,,,,1731,0.027515443041920662
9.999999999999994e-05,122999,,,,,,,,,
9.999999999999994e-05,122999,,,,,,,,,
9.999999999999994e-05,122999,,,,,,,,,
,122999,0.001175574609078467,0.00018758367514237761,0.0006797070382162929,0.0001842725760070607,0.0001237398391822353,2.714311051477125e-07,48.0,1732,
,123042,,,,,,,,1732,0.02681097388267517
9.999999999999994e-05,123049,,,,,,,,,
9.999999999999994e-05,123049,,,,,,,,,
9.999999999999994e-05,123049,,,,,,,,,
,123049,0.0008037353400141001,2.727305400185287e-06,0.0005764769157394767,0.00015035748947411776,7.378101872745901e-05,3.926218141714344e-07,48.0,1733,
9.999999999999994e-05,123099,,,,,,,,,
9.999999999999994e-05,123099,,,,,,,,,
9.999999999999994e-05,123099,,,,,,,,,
,123099,0.0013302257284522057,2.3165448510553688e-05,0.0006935297278687358,0.00029623022419400513,0.0003166874230373651,6.129581038294418e-07,48.0,1733,
,123113,,,,,,,,1733,0.02649037539958954
9.999999999999994e-05,123149,,,,,,,,,
9.999999999999994e-05,123149,,,,,,,,,
9.999999999999994e-05,123149,,,,,,,,,
,123149,0.0026204853784292936,0.00128982774913311,0.0005565479514189065,0.00026695855194702744,0.00021840340923517942,0.0002887480368372053,48.0,1734,
,123184,,,,,,,,1734,0.027519216760993004
9.999999999999994e-05,123199,,,,,,,,,
9.999999999999994e-05,123199,,,,,,,,,
9.999999999999994e-05,123199,,,,,,,,,
,123199,0.0006643457454629242,1.0874990039155819e-05,0.000458298425655812,8.833460015011951e-05,5.4184827604331076e-05,5.265289291855879e-05,48.0,1735,
9.999999999999994e-05,123249,,,,,,,,,
9.999999999999994e-05,123249,,,,,,,,,
9.999999999999994e-05,123249,,,,,,,,,
,123249,0.0004786665958818048,3.417013067519292e-05,0.0002846028364729136,9.600564953871071e-05,6.20857608737424e-05,1.8022039967036108e-06,48.0,1735,
,123255,,,,,,,,1735,0.026465006172657013
9.999999999999994e-05,123299,,,,,,,,,
9.999999999999994e-05,123299,,,,,,,,,
9.999999999999994e-05,123299,,,,,,,,,
,123299,0.0007740140426903963,0.0001654435764066875,0.00037494441494345665,0.00014486245345324278,8.83574757608585e-05,4.061062668370141e-07,48.0,1736,
,123326,,,,,,,,1736,0.026766402646899223
9.999999999999994e-05,123349,,,,,,,,,
9.999999999999994e-05,123349,,,,,,,,,
9.999999999999994e-05,123349,,,,,,,,,
,123349,0.0009092635591514409,0.00030905025778338313,0.0004620646359398961,7.944129902170971e-05,5.842413520440459e-05,2.8324066647655854e-07,48.0,1737,
,123397,,,,,,,,1737,0.026585038751363754
9.999999999999994e-05,123399,,,,,,,,,
9.999999999999994e-05,123399,,,,,,,,,
9.999999999999994e-05,123399,,,,,,,,,
,123399,0.0006706829881295562,3.735856353159761e-06,0.00040580134373158216,0.00015755847562104464,0.00010331998055335134,2.673089909421833e-07,48.0,1738,
9.999999999999994e-05,123449,,,,,,,,,
9.999999999999994e-05,123449,,,,,,,,,
9.999999999999994e-05,123449,,,,,,,,,
,123449,0.0004779358278028667,2.8044987629982643e-05,0.0003085679200012237,7.980104419402778e-05,6.132421549409628e-05,1.9767539072290674e-07,48.0,1738,
,123468,,,,,,,,1738,0.026738611981272697
9.999999999999994e-05,123499,,,,,,,,,
9.999999999999994e-05,123499,,,,,,,,,
9.999999999999994e-05,123499,,,,,,,,,
,123499,0.0013298031408339739,0.00017290879623033106,0.0007776558632031083,0.00022418901789933443,0.00015466312470380217,3.8639385024907824e-07,48.0,1739,
,123539,,,,,,,,1739,0.0255521759390831
9.999999999999994e-05,123549,,,,,,,,,
9.999999999999994e-05,123549,,,,,,,,,
9.999999999999994e-05,123549,,,,,,,,,
,123549,0.0021029971539974213,0.00036265517701394856,0.000928575056605041,0.0004348952788859606,0.00037662440445274115,2.4717266455809295e-07,48.0,1740,
9.999999999999994e-05,123599,,,,,,,,,
9.999999999999994e-05,123599,,,,,,,,,
9.999999999999994e-05,123599,,,,,,,,,
,123599,0.0007353867404162884,1.1466389878478367e-05,0.0004425847437232733,0.00016485294327139854,0.00011623435420915484,2.483125172147993e-07,48.0,1740,
,123610,,,,,,,,1740,0.026555104181170464
9.999999999999994e-05,123649,,,,,,,,,
9.999999999999994e-05,123649,,,,,,,,,
9.999999999999994e-05,123649,,,,,,,,,
,123649,0.0014163627056404948,0.00014425211702473462,0.0009667846607044339,0.0001837417366914451,0.00012135389988543466,2.3037061680497573e-07,48.0,1741,
,123681,,,,,,,,1741,0.026323866099119186
9.999999999999994e-05,123699,,,,,,,,,
9.999999999999994e-05,123699,,,,,,,,,
9.999999999999994e-05,123699,,,,,,,,,
,123699,0.0014109788462519646,0.00013003734056837857,0.0010311773512512445,0.00011587634799070656,0.00013375570415519178,1.3207863958086818e-07,48.0,1742,
9.999999999999994e-05,123749,,,,,,,,,
9.999999999999994e-05,123749,,,,,,,,,
9.999999999999994e-05,123749,,,,,,,,,
,123749,0.0010595070198178291,0.00018060716683976352,0.0006227169651538134,0.00015047326451167464,0.00010548844875302166,2.2114227249403484e-07,48.0,1742,
,123752,,,,,,,,1742,0.026903895661234856
9.999999999999994e-05,123799,,,,,,,,,
9.999999999999994e-05,123799,,,,,,,,,
9.999999999999994e-05,123799,,,,,,,,,
,123799,0.0015812068013474345,0.00010123496758751571,0.001147755770944059,0.00018144844216294587,0.00015047541819512844,2.9217801511549624e-07,48.0,1743,
,123823,,,,,,,,1743,0.027110517024993896
9.999999999999994e-05,123849,,,,,,,,,
9.999999999999994e-05,123849,,,,,,,,,
9.999999999999994e-05,123849,,,,,,,,,
,123849,0.0006894365651533008,1.5278243154170923e-05,0.00045278487959876657,0.00011958902177866548,0.00010162944090552628,1.549269654788077e-07,48.0,1744,
,123894,,,,,,,,1744,0.026667039841413498
9.999999999999994e-05,123899,,,,,,,,,
9.999999999999994e-05,123899,,,,,,,,,
9.999999999999994e-05,123899,,,,,,,,,
,123899,0.0006625042879022658,1.1287898814771324e-05,0.00038244962343014777,0.00015363302372861654,0.00011490167526062578,2.3209869937090843e-07,48.0,1745,
9.999999999999994e-05,123949,,,,,,,,,
9.999999999999994e-05,123949,,,,,,,,,
9.999999999999994e-05,123949,,,,,,,,,
,123949,0.0007631897460669279,0.00015878299018368125,0.0004176000948064029,0.00011120563431177288,7.54405846237205e-05,1.6049413886776165e-07,48.0,1745,
,123965,,,,,,,,1745,0.02687126025557518
9.999999999999994e-05,123999,,,,,,,,,
9.999999999999994e-05,123999,,,,,,,,,
9.999999999999994e-05,123999,,,,,,,,,
,123999,0.0008640623418614268,0.00011353787704138085,0.0005164945032447577,0.00012233597226440907,0.00011153302330058068,1.6093638066649874e-07,48.0,1746,
,124036,,,,,,,,1746,0.02696733921766281
9.999999999999994e-05,124049,,,,,,,,,
9.999999999999994e-05,124049,,,,,,,,,
9.999999999999994e-05,124049,,,,,,,,,
,124049,0.0007308065542019904,1.1257609003223479e-05,0.0005852788453921676,7.834653661120683e-05,5.573184898821637e-05,1.917203036327919e-07,48.0,1747,
9.999999999999994e-05,124099,,,,,,,,,
9.999999999999994e-05,124099,,,,,,,,,
9.999999999999994e-05,124099,,,,,,,,,
,124099,0.0005821170634590089,0.000107395819213707,0.00036499841371551156,6.852969818282872e-05,4.103365063201636e-05,1.5948135967391863e-07,48.0,1747,
,124107,,,,,,,,1747,0.02640961855649948
9.999999999999994e-05,124149,,,,,,,,,
9.999999999999994e-05,124149,,,,,,,,,
9.999999999999994e-05,124149,,,,,,,,,
,124149,0.0011278392048552632,9.016855619847775e-05,0.0007518798811361194,0.0001319699513260275,0.00015365256695076823,1.681679719922613e-07,48.0,1748,
,124178,,,,,,,,1748,0.026950255036354065
9.999999999999994e-05,124199,,,,,,,,,
9.999999999999994e-05,124199,,,,,,,,,
9.999999999999994e-05,124199,,,,,,,,,
,124199,0.0020632112864404917,0.0008248923113569617,0.0007995691848918796,0.0002237754815723747,0.0002147419872926548,2.3231109480548184e-07,48.0,1749,
9.999999999999994e-05,124249,,,,,,,,,
,124249,0.0004137508221901953,3.7462968975887634e-06,0.0002968453918583691,7.23037010175176e-05,4.06712933909148e-05,1.8415208558053564e-07,48.0,1749,
,124249,,,,,,,,1749,0.02671816200017929
9.999999999999994e-05,124299,,,,,,,,,
9.999999999999994e-05,124299,,,,,,,,,
9.999999999999994e-05,124299,,,,,,,,,
,124299,0.000443265656940639,3.6379756238602567e-06,0.0002409312000963837,0.00013756658881902695,6.0725666116923094e-05,4.04232253004011e-07,48.0,1750,
,124320,,,,,,,,1750,0.026965240016579628
9.999999999999994e-05,124349,,,,,,,,,
9.999999999999994e-05,124349,,,,,,,,,
9.999999999999994e-05,124349,,,,,,,,,
,124349,0.0011097774840891361,0.00019797071581706405,0.0006098303128965199,0.00019378657452762127,0.00010796757123898715,2.2238903341076366e-07,48.0,1751,
,124391,,,,,,,,1751,0.026998117566108704
9.999999999999994e-05,124399,,,,,,,,,
9.999999999999994e-05,124399,,,,,,,,,
9.999999999999994e-05,124399,,,,,,,,,
,124399,0.001094880048185587,6.10031966061797e-05,0.0004691285139415413,0.0003051078238058835,0.00025926739908754826,3.730987714334333e-07,48.0,1752,
9.999999999999994e-05,124449,,,,,,,,,
9.999999999999994e-05,124449,,,,,,,,,
9.999999999999994e-05,124449,,,,,,,,,
,124449,0.0011110624764114618,0.0001411649282090366,0.0006936071440577507,0.00013424466305878013,0.00014024808479007334,1.79769574515376e-06,48.0,1752,
,124462,,,,,,,,1752,0.027721650898456573
9.999999999999994e-05,124499,,,,,,,,,
9.999999999999994e-05,124499,,,,,,,,,
9.999999999999994e-05,124499,,,,,,,,,
,124499,0.0026766767259687185,0.00015399242693092674,0.0015977909788489342,0.0005028541199862957,0.0004207503516227007,1.2888955325252027e-06,48.0,1753,
,124533,,,,,,,,1753,0.026506299152970314
9.999999999999994e-05,124549,,,,,,,,,
9.999999999999994e-05,124549,,,,,,,,,
9.999999999999994e-05,124549,,,,,,,,,
,124549,0.0012003702577203512,0.00022516422905027866,0.0006415012176148593,0.00019052762945648283,0.00014282495249062777,3.5226480576966424e-07,48.0,1754,
9.999999999999994e-05,124599,,,,,,,,,
9.999999999999994e-05,124599,,,,,,,,,
9.999999999999994e-05,124599,,,,,,,,,
,124599,0.001456343219615519,1.9387947759241797e-05,0.0011157980188727379,0.0001826598891057074,0.00013824946654494852,2.478294334196107e-07,48.0,1754,
,124604,,,,,,,,1754,0.026988063007593155
9.999999999999994e-05,124649,,,,,,,,,
9.999999999999994e-05,124649,,,,,,,,,
9.999999999999994e-05,124649,,,,,,,,,
,124649,0.0017085716826841235,6.691497674182756e-06,0.0013229313772171736,0.00019857769075315446,0.00017915040371008217,1.220701847159944e-06,48.0,1755,
,124675,,,,,,,,1755,0.026831921190023422
9.999999999999994e-05,124699,,,,,,,,,
9.999999999999994e-05,124699,,,,,,,,,
9.999999999999994e-05,124699,,,,,,,,,
,124699,0.0015392987988889217,5.485977089847438e-05,0.001264770282432437,0.0001369180390611291,8.15523017081432e-05,1.1983835292994627e-06,48.0,1756,
,124746,,,,,,,,1756,0.027841588482260704
9.999999999999994e-05,124749,,,,,,,,,
9.999999999999994e-05,124749,,,,,,,,,
9.999999999999994e-05,124749,,,,,,,,,
,124749,0.0032402263022959232,0.0013722518924623728,0.0016167310532182455,0.00014377839397639036,0.00010362600005464628,3.838926204480231e-06,48.0,1757,
9.999999999999994e-05,124799,,,,,,,,,
9.999999999999994e-05,124799,,,,,,,,,
9.999999999999994e-05,124799,,,,,,,,,
,124799,0.0020790917333215475,0.00028322305297479033,0.0007843459607101977,0.000495498301461339,0.00039473449578508735,0.000121289849630557,48.0,1757,
,124817,,,,,,,,1757,0.026600323617458344
9.999999999999994e-05,124849,,,,,,,,,
9.999999999999994e-05,124849,,,,,,,,,
9.999999999999994e-05,124849,,,,,,,,,
,124849,0.0008767064427956939,0.00020680265151895583,0.00035636714892461896,0.00018508604262024164,0.0001069043210009113,2.154628782591317e-05,48.0,1758,
,124888,,,,,,,,1758,0.02650746889412403
9.999999999999994e-05,124899,,,,,,,,,
9.999999999999994e-05,124899,,,,,,,,,
9.999999999999994e-05,124899,,,,,,,,,
,124899,0.0009498758590780199,0.00015284302935469896,0.000481982744531706,0.0001874355657491833,0.00012359119136817753,4.023378096462693e-06,48.0,1759,
9.999999999999994e-05,124949,,,,,,,,,
9.999999999999994e-05,124949,,,,,,,,,
9.999999999999994e-05,124949,,,,,,,,,
,124949,0.0008295103325508535,7.273964911291841e-06,0.0005474892677739263,0.00015633460134267807,0.00011810124124167487,3.112293995854998e-07,48.0,1759,
,124959,,,,,,,,1759,0.026747532188892365
9.999999999999994e-05,124999,,,,,,,,,
9.999999999999994e-05,124999,,,,,,,,,
9.999999999999994e-05,124999,,,,,,,,,
,124999,0.0015608514659106731,9.517209946352523e-06,0.001005606958642602,0.00027368118753656745,0.00027170503744855523,3.410461317798763e-07,48.0,1760,
,125030,,,,,,,,1760,0.026909904554486275
9.999999999999994e-05,125049,,,,,,,,,
9.999999999999994e-05,125049,,,,,,,,,
9.999999999999994e-05,125049,,,,,,,,,
,125049,0.000785987765993923,2.696428055060096e-05,0.0005814749747514725,0.00010260430281050503,7.470467971870676e-05,2.3947083604980435e-07,48.0,1761,
9.999999999999994e-05,125099,,,,,,,,,
9.999999999999994e-05,125099,,,,,,,,,
9.999999999999994e-05,125099,,,,,,,,,
,125099,0.0005741485510952771,3.1266781661543064e-06,0.0003740839892998338,0.00011960116535192356,7.709340570727363e-05,2.432978476463177e-07,48.0,1761,
,125101,,,,,,,,1761,0.027248306199908257
9.999999999999994e-05,125149,,,,,,,,,
9.999999999999994e-05,125149,,,,,,,,,
9.999999999999994e-05,125149,,,,,,,,,
,125149,0.00104302738327533,2.4661567294970155e-05,0.0007405729265883565,0.00016034574946388602,0.00011720767361111939,2.3946188321133377e-07,48.0,1762,
,125172,,,,,,,,1762,0.026769211515784264
9.999999999999994e-05,125199,,,,,,,,,
9.999999999999994e-05,125199,,,,,,,,,
9.999999999999994e-05,125199,,,,,,,,,
,125199,0.0013615874340757728,0.00014893474872224033,0.0009884519968181849,0.00013474274601321667,8.913290366763249e-05,3.250788722652942e-07,48.0,1763,
,125243,,,,,,,,1763,0.026710689067840576
9.999999999999994e-05,125249,,,,,,,,,
9.999999999999994e-05,125249,,,,,,,,,
9.999999999999994e-05,125249,,,,,,,,,
,125249,0.0006136372103355825,6.716763891745359e-05,0.0004144059494137764,7.678107067476958e-05,5.509776747203432e-05,1.8483693509097066e-07,48.0,1764,
9.999999999999994e-05,125299,,,,,,,,,
9.999999999999994e-05,125299,,,,,,,,,
9.999999999999994e-05,125299,,,,,,,,,
,125299,0.0006936871213838458,0.0001615195069462061,0.00039268285036087036,8.885911665856838e-05,5.041290933149867e-05,2.1272470007716038e-07,48.0,1764,
,125314,,,,,,,,1764,0.02703440748155117
9.999999999999994e-05,125349,,,,,,,,,
9.999999999999994e-05,125349,,,,,,,,,
9.999999999999994e-05,125349,,,,,,,,,
,125349,0.00046721004764549434,7.034107511572074e-06,0.0003260054509155452,7.849483517929912e-05,5.551556023419835e-05,1.6009853709419986e-07,48.0,1765,
,125385,,,,,,,,1765,0.026942066848278046
9.999999999999994e-05,125399,,,,,,,,,
9.999999999999994e-05,125399,,,,,,,,,
9.999999999999994e-05,125399,,,,,,,,,
,125399,0.0009440475841984153,4.618777893483639e-05,0.0006975161377340555,0.00010935668979072943,9.077823051484302e-05,2.0874594497399812e-07,48.0,1766,
9.999999999999994e-05,125449,,,,,,,,,
9.999999999999994e-05,125449,,,,,,,,,
9.999999999999994e-05,125449,,,,,,,,,
,125449,0.0007456437451764941,9.289561421610415e-05,0.0005082756979390979,8.505087316734716e-05,5.914168286835775e-05,2.799007745579729e-07,48.0,1766,
,125456,,,,,,,,1766,0.027038825675845146
9.999999999999994e-05,125499,,,,,,,,,
9.999999999999994e-05,125499,,,,,,,,,
9.999999999999994e-05,125499,,,,,,,,,
,125499,0.0008027079747989774,3.6622891457227524e-06,0.0006461007287725806,8.86065827216953e-05,6.404583837138489e-05,2.9248482746879745e-07,48.0,1767,
,125527,,,,,,,,1767,0.026738900691270828
9.999999999999994e-05,125549,,,,,,,,,
9.999999999999994e-05,125549,,,,,,,,,
9.999999999999994e-05,125549,,,,,,,,,
,125549,0.000580238236580044,0.00010123294487129897,0.0003363578871358186,8.468436863040552e-05,5.776016405434348e-05,2.0288504742893565e-07,48.0,1768,
,125598,,,,,,,,1768,0.026596903800964355
9.999999999999994e-05,125599,,,,,,,,,
9.999999999999994e-05,125599,,,,,,,,,
9.999999999999994e-05,125599,,,,,,,,,
,125599,0.0009088499937206507,0.00017484923591837287,0.0004817219451069832,0.0001665870368015021,8.526456076651812e-05,4.272257285720116e-07,48.0,1769,
9.999999999999994e-05,125649,,,,,,,,,
9.999999999999994e-05,125649,,,,,,,,,
9.999999999999994e-05,125649,,,,,,,,,
,125649,0.0005727732204832137,7.669494152651168e-06,0.0003414405509829521,0.00012059142318321392,0.00010295094398315996,1.2078763234057988e-07,49.0,1769,
,125669,,,,,,,,1769,0.02705494686961174
9.999999999999994e-05,125699,,,,,,,,,
9.999999999999994e-05,125699,,,,,,,,,
9.999999999999994e-05,125699,,,,,,,,,
,125699,0.0008825439726933837,0.00010815888526849449,0.0005975733511149883,0.00010338501306250691,7.31397740310058e-05,2.869249726700218e-07,49.0,1770,
,125740,,,,,,,,1770,0.027072414755821228
9.999999999999994e-05,125749,,,,,,,,,
9.999999999999994e-05,125749,,,,,,,,,
9.999999999999994e-05,125749,,,,,,,,,
,125749,0.0010720508871600032,0.00031172006856650114,0.0005843403050675988,9.529174712952226e-05,8.051043550949544e-05,1.883999800611491e-07,49.0,1771,
9.999999999999994e-05,125799,,,,,,,,,
9.999999999999994e-05,125799,,,,,,,,,
9.999999999999994e-05,125799,,,,,,,,,
,125799,0.0005587144987657666,7.787912181811407e-06,0.00034494753344915807,0.00012615560262929648,7.954314787639305e-05,2.802748610974959e-07,49.0,1771,
,125811,,,,,,,,1771,0.027111468836665154
9.999999999999994e-05,125849,,,,,,,,,
9.999999999999994e-05,125849,,,,,,,,,
9.999999999999994e-05,125849,,,,,,,,,
,125849,0.00049767573364079,7.9840247053653e-06,0.0003260239609517157,9.604702063370496e-05,6.74994444125332e-05,1.2125423154429882e-07,49.0,1772,
,125882,,,,,,,,1772,0.02677064947783947
9.999999999999994e-05,125899,,,,,,,,,
9.999999999999994e-05,125899,,,,,,,,,
9.999999999999994e-05,125899,,,,,,,,,
,125899,0.0007368725491687655,1.1189198630745523e-05,0.00045568987843580544,0.000161215357366018,0.00010852464765775949,2.5351428689646127e-07,49.0,1773,
9.999999999999994e-05,125949,,,,,,,,,
9.999999999999994e-05,125949,,,,,,,,,
9.999999999999994e-05,125949,,,,,,,,,
,125949,0.000523192051332444,1.5352739865193143e-05,0.00031333189690485597,0.00012266043631825596,7.16193244443275e-05,2.276652679711333e-07,49.0,1773,
,125953,,,,,,,,1773,0.026962965726852417
9.999999999999994e-05,125999,,,,,,,,,
9.999999999999994e-05,125999,,,,,,,,,
9.999999999999994e-05,125999,,,,,,,,,
,125999,0.0008249317179434001,0.00012485576735343784,0.0005209209630265832,0.0001061734656104818,7.284794264705852e-05,1.3356402916997467e-07,49.0,1774,
,126024,,,,,,,,1774,0.02645202726125717
9.999999999999994e-05,126049,,,,,,,,,
9.999999999999994e-05,126049,,,,,,,,,
9.999999999999994e-05,126049,,,,,,,,,
,126049,0.0008064178982749581,0.00013136275811120868,0.00044561614049598575,0.00014327622193377465,8.593734673922881e-05,2.2543083844084322e-07,49.0,1775,
,126095,,,,,,,,1775,0.02770429663360119
9.999999999999994e-05,126099,,,,,,,,,
9.999999999999994e-05,126099,,,,,,,,,
9.999999999999994e-05,126099,,,,,,,,,
,126099,0.001026522135362029,0.00016262651479337364,0.0006937572616152465,8.47804403747432e-05,6.90267697791569e-05,1.6331232473021373e-05,49.0,1776,
9.999999999999994e-05,126149,,,,,,,,,
9.999999999999994e-05,126149,,,,,,,,,
9.999999999999994e-05,126149,,,,,,,,,
,126149,0.001614920562133193,0.00024925757315941155,0.0006982432678341866,0.0001839530887082219,0.00018802194972522557,0.0002954447700176388,49.0,1776,
,126166,,,,,,,,1776,0.026818089187145233
9.999999999999994e-05,126199,,,,,,,,,
9.999999999999994e-05,126199,,,,,,,,,
9.999999999999994e-05,126199,,,,,,,,,
,126199,0.0020509257446974516,0.0002540321438573301,0.0007435620645992458,0.000494043342769146,0.0005354149616323411,2.3873297323007137e-05,49.0,1777,
,126237,,,,,,,,1777,0.026428379118442535
9.999999999999994e-05,126249,,,,,,,,,
9.999999999999994e-05,126249,,,,,,,,,
9.999999999999994e-05,126249,,,,,,,,,
,126249,0.0021678528282791376,1.3890555237594526e-05,0.001275122631341219,0.0004289211647119373,0.000449399376520887,5.189107810110727e-07,49.0,1778,
9.999999999999994e-05,126299,,,,,,,,,
9.999999999999994e-05,126299,,,,,,,,,
9.999999999999994e-05,126299,,,,,,,,,
,126299,0.001319988165050745,8.552082726964727e-05,0.001054713735356927,0.00010197280062129721,7.735341205261648e-05,4.274052116670646e-07,49.0,1778,
,126308,,,,,,,,1778,0.02700945734977722
9.999999999999994e-05,126349,,,,,,,,,
9.999999999999994e-05,126349,,,,,,,,,
9.999999999999994e-05,126349,,,,,,,,,
,126349,0.0005703438655473292,8.757087925914675e-06,0.000395263428799808,9.317158401245251e-05,7.290284702321514e-05,2.489736914412788e-07,49.0,1779,
,126379,,,,,,,,1779,0.02730683423578739
9.999999999999994e-05,126399,,,,,,,,,
9.999999999999994e-05,126399,,,,,,,,,
9.999999999999994e-05,126399,,,,,,,,,
,126399,0.0008085157605819404,2.6333718778914772e-05,0.00047754228580743074,0.00018743160762824118,0.00011692201951518655,2.8616247504942294e-07,49.0,1780,
9.999999999999994e-05,126449,,,,,,,,,
9.999999999999994e-05,126449,,,,,,,,,
9.999999999999994e-05,126449,,,,,,,,,
,126449,0.000683454389218241,0.00012852113286498934,0.0003556230221875012,0.00011449352314230055,8.46723050926812e-05,1.4440294648920826e-07,49.0,1780,
,126450,,,,,,,,1780,0.02716759219765663
9.999999999999994e-05,126499,,,,,,,,,
9.999999999999994e-05,126499,,,,,,,,,
9.999999999999994e-05,126499,,,,,,,,,
,126499,0.0006933992262929678,8.440536475973204e-06,0.00045593775575980544,0.00013544056855607778,9.320462413597852e-05,3.757554907224403e-07,49.0,1781,
,126521,,,,,,,,1781,0.02707960270345211
9.999999999999994e-05,126549,,,,,,,,,
9.999999999999994e-05,126549,,,,,,,,,
9.999999999999994e-05,126549,,,,,,,,,
,126549,0.0005653139669448137,2.6083693228429183e-05,0.00036966046900488436,0.00010230241605313495,6.707703869324178e-05,1.9031001841085526e-07,49.0,1782,
,126592,,,,,,,,1782,0.027084149420261383
9.999999999999994e-05,126599,,,,,,,,,
9.999999999999994e-05,126599,,,,,,,,,
9.999999999999994e-05,126599,,,,,,,,,
,126599,0.0007439327309839427,7.47591839171946e-05,0.0004624249995686114,0.00011761875794036314,8.896619692677632e-05,1.6353699550109013e-07,49.0,1783,
9.999999999999994e-05,126649,,,,,,,,,
9.999999999999994e-05,126649,,,,,,,,,
9.999999999999994e-05,126649,,,,,,,,,
,126649,0.0007419927860610187,7.069411367410794e-06,0.000501684146001935,0.00015065316983964294,8.232195978052914e-05,2.6409193765175587e-07,49.0,1783,
,126663,,,,,,,,1783,0.026956336572766304
9.999999999999994e-05,126699,,,,,,,,,
9.999999999999994e-05,126699,,,,,,,,,
9.999999999999994e-05,126699,,,,,,,,,
,126699,0.0005692389677278697,6.616646714974195e-05,0.0003550386754795909,8.169555076165125e-05,6.615815800614655e-05,1.8016653768881952e-07,49.0,1784,
,126734,,,,,,,,1784,0.026749541983008385
9.999999999999994e-05,126749,,,,,,,,,
9.999999999999994e-05,126749,,,,,,,,,
9.999999999999994e-05,126749,,,,,,,,,
,126749,0.0009081350872293115,9.162592505163047e-06,0.000553924182895571,0.00019652291666716337,0.00014813989400863647,3.855307113553863e-07,49.0,1785,
9.999999999999994e-05,126799,,,,,,,,,
9.999999999999994e-05,126799,,,,,,,,,
9.999999999999994e-05,126799,,,,,,,,,
,126799,0.0008366350084543228,1.1251806427026168e-05,0.0005364821408875287,0.00015862289001233876,0.00013006196240894496,2.1619185019972065e-07,49.0,1785,
,126805,,,,,,,,1785,0.02715095318853855
9.999999999999994e-05,126849,,,,,,,,,
9.999999999999994e-05,126849,,,,,,,,,
9.999999999999994e-05,126849,,,,,,,,,
,126849,0.0006116987206041813,8.423996769124642e-05,0.0003654708561953157,9.057200804818422e-05,7.125073170755059e-05,1.6518924894626252e-07,49.0,1786,
,126876,,,,,,,,1786,0.027022864669561386
9.999999999999994e-05,126899,,,,,,,,,
9.999999999999994e-05,126899,,,,,,,,,
9.999999999999994e-05,126899,,,,,,,,,
,126899,0.0008501442498527467,1.0465364539413713e-05,0.000591669580899179,0.00014053480117581785,0.00010732894588727504,1.4549283378073596e-07,49.0,1787,
,126947,,,,,,,,1787,0.027011090889573097
9.999999999999994e-05,126949,,,,,,,,,
9.999999999999994e-05,126949,,,,,,,,,
9.999999999999994e-05,126949,,,,,,,,,
,126949,0.0005522012943401933,7.484629168175161e-05,0.0003249909495934844,8.855789201334119e-05,6.35863107163459e-05,2.198846402734489e-07,49.0,1788,
9.999999999999994e-05,126999,,,,,,,,,
9.999999999999994e-05,126999,,,,,,,,,
9.999999999999994e-05,126999,,,,,,,,,
,126999,0.0008806442492641509,7.055771129671484e-05,0.0006786916055716574,7.829155947547406e-05,5.2929986850358546e-05,1.7341281477456505e-07,49.0,1788,
,127018,,,,,,,,1788,0.027126414701342583
9.999999999999994e-05,127049,,,,,,,,,
9.999999999999994e-05,127049,,,,,,,,,
9.999999999999994e-05,127049,,,,,,,,,
,127049,0.0011156172258779407,3.6912315408699214e-05,0.0006650711293332279,0.00023422058438882232,0.00017904021660797298,3.7305284195099375e-07,49.0,1789,
,127089,,,,,,,,1789,0.02662529982626438
9.999999999999994e-05,127099,,,,,,,,,
9.999999999999994e-05,127099,,,,,,,,,
9.999999999999994e-05,127099,,,,,,,,,
,127099,0.0011316922027617693,3.0399833121919073e-06,0.0009543205378577113,8.910389442462474e-05,8.504233846906573e-05,1.854976829918087e-07,49.0,1790,
9.999999999999994e-05,127149,,,,,,,,,
9.999999999999994e-05,127149,,,,,,,,,
9.999999999999994e-05,127149,,,,,,,,,
,127149,0.000649905065074563,3.6645673390012234e-05,0.0004229377955198288,0.00011865820124512538,7.131280290195718e-05,3.5056010005973803e-07,49.0,1790,
,127160,,,,,,,,1790,0.02709415927529335
9.999999999999994e-05,127199,,,,,,,,,
9.999999999999994e-05,127199,,,,,,,,,
9.999999999999994e-05,127199,,,,,,,,,
,127199,0.00047732453094795346,0.00010654899233486503,0.0002481630363035947,7.310875662369654e-05,4.9352172936778516e-05,1.5157012001054682e-07,49.0,1791,
,127231,,,,,,,,1791,0.02673974074423313
9.999999999999994e-05,127249,,,,,,,,,
9.999999999999994e-05,127249,,,,,,,,,
9.999999999999994e-05,127249,,,,,,,,,
,127249,0.0007260688580572605,3.925008059013635e-05,0.0004078155034221709,0.00017127554747276008,0.00010733454837463796,3.931480421215383e-07,49.0,1792,
9.999999999999994e-05,127299,,,,,,,,,
9.999999999999994e-05,127299,,,,,,,,,
9.999999999999994e-05,127299,,,,,,,,,
,127299,0.0008794269524514675,0.00011092547356383875,0.0006095102289691567,9.230451541952789e-05,6.650535215158015e-05,1.814361780816398e-07,49.0,1792,
,127302,,,,,,,,1792,0.027038728818297386
9.999999999999994e-05,127349,,,,,,,,,
9.999999999999994e-05,127349,,,,,,,,,
9.999999999999994e-05,127349,,,,,,,,,
,127349,0.0007994089392013848,1.868808794824872e-05,0.0005162742454558611,0.00016076465544756502,0.00010323109745513648,4.507897415351181e-07,49.0,1793,
,127373,,,,,,,,1793,0.02646810933947563
9.999999999999994e-05,127399,,,,,,,,,
9.999999999999994e-05,127399,,,,,,,,,
9.999999999999994e-05,127399,,,,,,,,,
,127399,0.0008773461449891329,4.447710580279818e-06,0.0006023056339472532,0.00016189515008591115,0.00010849367390619591,2.040214326370915e-07,49.0,1794,
,127444,,,,,,,,1794,0.026276269927620888
9.999999999999994e-05,127449,,,,,,,,,
9.999999999999994e-05,127449,,,,,,,,,
9.999999999999994e-05,127449,,,,,,,,,
,127449,0.0016900249756872654,0.0002501968410797417,0.0008556809043511748,0.00029144977452233434,0.00029216299299150705,5.345145837054588e-07,49.0,1795,
9.999999999999994e-05,127499,,,,,,,,,
9.999999999999994e-05,127499,,,,,,,,,
9.999999999999994e-05,127499,,,,,,,,,
,127499,0.0007003253558650613,0.0001284993049921468,0.0003583041252568364,0.0001376167929265648,7.549410656793043e-05,4.1102427417172294e-07,49.0,1795,
,127515,,,,,,,,1795,0.027449199929833412
9.999999999999994e-05,127549,,,,,,,,,
9.999999999999994e-05,127549,,,,,,,,,
9.999999999999994e-05,127549,,,,,,,,,
,127549,0.00043506603105925024,3.1882586881692987e-06,0.0002804453542921692,9.369511099066585e-05,5.743337897001766e-05,3.0393579208976007e-07,49.0,1796,
,127586,,,,,,,,1796,0.027443071827292442
9.999999999999994e-05,127599,,,,,,,,,
9.999999999999994e-05,127599,,,,,,,,,
9.999999999999994e-05,127599,,,,,,,,,
,127599,0.0009464666363783181,0.00017712701810523868,0.0004977856297045946,0.0001644169824430719,0.00010684772132663056,2.8928380402248877e-07,49.0,1797,
9.999999999999994e-05,127649,,,,,,,,,
9.999999999999994e-05,127649,,,,,,,,,
9.999999999999994e-05,127649,,,,,,,,,
,127649,0.0014909617602825165,0.00022719439584761858,0.0007585817365907133,0.00026147300377488136,0.00024347729049623013,2.3541004168237123e-07,49.0,1797,
,127657,,,,,,,,1797,0.027052199468016624
9.999999999999994e-05,127699,,,,,,,,,
9.999999999999994e-05,127699,,,,,,,,,
9.999999999999994e-05,127699,,,,,,,,,
,127699,0.0012107170186936855,9.992131526814774e-05,0.000837723258882761,0.00015974573034327477,0.00011244742927374318,8.792465564511076e-07,49.0,1798,
,127728,,,,,,,,1798,0.026321062818169594
9.999999999999994e-05,127749,,,,,,,,,
9.999999999999994e-05,127749,,,,,,,,,
9.999999999999994e-05,127749,,,,,,,,,
,127749,0.0009787948802113533,4.9305526772513986e-06,0.0006931427633389831,0.00014483867562375963,0.0001183774002129212,1.7505437426734716e-05,49.0,1799,
9.999999999999994e-05,127799,,,,,,,,,
,127799,0.0010148941073566675,1.7235292034456506e-05,0.0006672338349744678,0.00015555499703623354,0.00010855936125153676,6.631059659412131e-05,49.0,1799,
,127799,,,,,,,,1799,0.027142571285367012
9.999999999999994e-05,127849,,,,,,,,,
9.999999999999994e-05,127849,,,,,,,,,
9.999999999999994e-05,127849,,,,,,,,,
,127849,0.0013528474373742938,2.3083754058461636e-05,0.000525436014868319,0.00040036565042100847,0.0003995572915300727,4.404721494211117e-06,49.0,1800,
,127870,,,,,,,,1800,0.02696961537003517
9.999999999999994e-05,127899,,,,,,,,,
9.999999999999994e-05,127899,,,,,,,,,
9.999999999999994e-05,127899,,,,,,,,,
,127899,0.00152082450222224,9.160488843917847e-06,0.0012786735314875841,0.00013235153164714575,0.00010032402497017756,3.148503822103521e-07,49.0,1801,
,127941,,,,,,,,1801,0.026430519297719002
9.999999999999994e-05,127949,,,,,,,,,
9.999999999999994e-05,127949,,,,,,,,,
9.999999999999994e-05,127949,,,,,,,,,
,127949,0.0007666526362299919,4.498669659369625e-05,0.0004389580572023988,0.00015430118946824223,0.00012819333642255515,2.133269134674265e-07,49.0,1802,
9.999999999999994e-05,127999,,,,,,,,,
9.999999999999994e-05,127999,,,,,,,,,
9.999999999999994e-05,127999,,,,,,,,,
,127999,0.0011535999365150928,8.990857168100774e-05,0.0008578699780628085,0.00011984421871602535,8.577218250138685e-05,2.0501921937920997e-07,49.0,1802,
,128012,,,,,,,,1802,0.026982614770531654
9.999999999999994e-05,128049,,,,,,,,,
9.999999999999994e-05,128049,,,,,,,,,
9.999999999999994e-05,128049,,,,,,,,,
,128049,0.0009497835417278111,1.4529905456583947e-05,0.0005463738925755024,0.0002198718284489587,0.00016875547589734197,2.524449200791423e-07,49.0,1803,
,128083,,,,,,,,1803,0.027444014325737953
9.999999999999994e-05,128099,,,,,,,,,
9.999999999999994e-05,128099,,,,,,,,,
9.999999999999994e-05,128099,,,,,,,,,
,128099,0.0010432499693706632,0.00011640888988040388,0.0007334076799452305,0.00011193934187758714,8.132353832479566e-05,1.7057791978913883e-07,49.0,1804,
9.999999999999994e-05,128149,,,,,,,,,
9.999999999999994e-05,128149,,,,,,,,,
9.999999999999994e-05,128149,,,,,,,,,
,128149,0.0005745156668126583,6.254861364141107e-05,0.0003815153904724866,8.144613093463704e-05,4.885040470981039e-05,1.5511778883592342e-07,49.0,1804,
,128154,,,,,,,,1804,0.026759382337331772
9.999999999999994e-05,128199,,,,,,,,,
9.999999999999994e-05,128199,,,,,,,,,
9.999999999999994e-05,128199,,,,,,,,,
,128199,0.0024789508897811174,4.9076506911660545e-06,0.0019123333040624857,0.00027837493689730763,0.0002829187724273652,4.161953768289095e-07,49.0,1805,
,128225,,,,,,,,1805,0.027198418974876404
9.999999999999994e-05,128249,,,,,,,,,
9.999999999999994e-05,128249,,,,,,,,,
9.999999999999994e-05,128249,,,,,,,,,
,128249,0.0006491379463113844,7.626931619597599e-05,0.0004222464340273291,8.171335502993315e-05,5.491956108016893e-05,1.3989286344440188e-05,49.0,1806,
,128296,,,,,,,,1806,0.026526357978582382
9.999999999999994e-05,128299,,,,,,,,,
9.999999999999994e-05,128299,,,,,,,,,
9.999999999999994e-05,128299,,,,,,,,,
,128299,0.0010840024333447218,6.156743893370731e-06,0.0009244485991075635,8.755584713071585e-05,6.548921373905614e-05,3.5208918802709377e-07,49.0,1807,
9.999999999999994e-05,128349,,,,,,,,,
9.999999999999994e-05,128349,,,,,,,,,
9.999999999999994e-05,128349,,,,,,,,,
,128349,0.0010362419998273253,0.000102572375908494,0.0007675320375710726,9.607865649741143e-05,6.985741492826492e-05,2.0154675439698622e-07,49.0,1807,
,128367,,,,,,,,1807,0.026386883109807968
9.999999999999994e-05,128399,,,,,,,,,
9.999999999999994e-05,128399,,,,,,,,,
9.999999999999994e-05,128399,,,,,,,,,
,128399,0.0008084733271971345,9.612645953893661e-05,0.0005570373614318669,0.00010034083970822394,5.4819211072754115e-05,1.4944630777335988e-07,49.0,1808,
,128438,,,,,,,,1808,0.02631283923983574
9.999999999999994e-05,128449,,,,,,,,,
9.999999999999994e-05,128449,,,,,,,,,
9.999999999999994e-05,128449,,,,,,,,,
,128449,0.0008340822532773018,0.00016015765140764415,0.00045565038453787565,0.0001386582589475438,7.938175258459523e-05,2.341541147643511e-07,49.0,1809,
9.999999999999994e-05,128499,,,,,,,,,
9.999999999999994e-05,128499,,,,,,,,,
9.999999999999994e-05,128499,,,,,,,,,
,128499,0.0005970698548480868,6.998765911703231e-06,0.00046732043847441673,8.140793943312019e-05,4.122079553781077e-05,1.2190135123546497e-07,49.0,1809,
,128509,,,,,,,,1809,0.026214124634861946
9.999999999999994e-05,128549,,,,,,,,,
9.999999999999994e-05,128549,,,,,,,,,
9.999999999999994e-05,128549,,,,,,,,,
,128549,0.0006877048290334642,5.029308522352949e-05,0.0003970044490415603,0.00015181180788204074,8.817775233183056e-05,4.1773449765969417e-07,49.0,1810,
,128580,,,,,,,,1810,0.027371110394597054
9.999999999999994e-05,128599,,,,,,,,,
9.999999999999994e-05,128599,,,,,,,,,
9.999999999999994e-05,128599,,,,,,,,,
,128599,0.000887166359461844,9.337346273241565e-05,0.0006131075788289309,0.00010399822349427268,7.651560008525848e-05,1.7146582820259937e-07,49.0,1811,
9.999999999999994e-05,128649,,,,,,,,,
9.999999999999994e-05,128649,,,,,,,,,
9.999999999999994e-05,128649,,,,,,,,,
,128649,0.0011331671848893166,0.00027018715627491474,0.0005889030289836228,0.0001778619916876778,9.58426171564497e-05,3.724677810623689e-07,49.0,1811,
,128651,,,,,,,,1811,0.02720799297094345
9.999999999999994e-05,128699,,,,,,,,,
9.999999999999994e-05,128699,,,,,,,,,
9.999999999999994e-05,128699,,,,,,,,,
,128699,0.001390971359796822,8.014858758542687e-05,0.0010724286548793316,0.00013514651800505817,0.00010313975508324802,1.0785866777496267e-07,49.0,1812,
,128722,,,,,,,,1812,0.026399588212370872
9.999999999999994e-05,128749,,,,,,,,,
9.999999999999994e-05,128749,,,,,,,,,
9.999999999999994e-05,128749,,,,,,,,,
,128749,0.0008365388493984938,0.0002336755278520286,0.0003545079962350428,0.00016705095185898244,7.906407699920237e-05,2.240274625364691e-06,49.0,1813,
,128793,,,,,,,,1813,0.026778249070048332
9.999999999999994e-05,128799,,,,,,,,,
9.999999999999994e-05,128799,,,,,,,,,
9.999999999999994e-05,128799,,,,,,,,,
,128799,0.0007574786432087421,0.00010507172555662692,0.0004554210463538766,0.00011778769112424925,7.4911025876645e-05,4.287143838155316e-06,49.0,1814,
9.999999999999994e-05,128849,,,,,,,,,
9.999999999999994e-05,128849,,,,,,,,,
9.999999999999994e-05,128849,,,,,,,,,
,128849,0.0012701597297564149,0.0003509556408971548,0.0007062420481815934,9.281320672016591e-05,7.224293949548155e-05,4.790595266968012e-05,49.0,1814,
,128864,,,,,,,,1814,0.02703007683157921
9.999999999999994e-05,128899,,,,,,,,,
9.999999999999994e-05,128899,,,,,,,,,
9.999999999999994e-05,128899,,,,,,,,,
,128899,0.0006088524241931736,2.5080618797801435e-05,0.0004609990573953837,6.944468623260036e-05,4.6908877266105264e-05,6.419179499062011e-06,49.0,1815,
,128935,,,,,,,,1815,0.0266672782599926
9.999999999999994e-05,128949,,,,,,,,,
9.999999999999994e-05,128949,,,,,,,,,
9.999999999999994e-05,128949,,,,,,,,,
,128949,0.0008205350022763014,5.9092963056173176e-06,0.0003968149540014565,0.00019180585513822734,0.0001725057081785053,5.3499108616961166e-05,49.0,1816,
9.999999999999994e-05,128999,,,,,,,,,
9.999999999999994e-05,128999,,,,,,,,,
9.999999999999994e-05,128999,,,,,,,,,
,128999,0.0006384445005096495,0.00017397018382325768,0.0002802441595122218,0.00011911354522453621,6.369515904225409e-05,1.421509523424902e-06,49.0,1816,
,129006,,,,,,,,1816,0.026239855214953423
9.999999999999994e-05,129049,,,,,,,,,
9.999999999999994e-05,129049,,,,,,,,,
9.999999999999994e-05,129049,,,,,,,,,
,129049,0.0010267221368849277,1.61652424139902e-05,0.0007679680129513144,0.00014433010073844343,9.70117180258967e-05,1.2470565025068936e-06,49.0,1817,
,129077,,,,,,,,1817,0.027062896639108658
9.999999999999994e-05,129099,,,,,,,,,
9.999999999999994e-05,129099,,,,,,,,,
9.999999999999994e-05,129099,,,,,,,,,
,129099,0.0006415521493181586,0.000106181571027264,0.000399316952098161,8.37774423416704e-05,5.071844134363346e-05,1.5577628573737456e-06,49.0,1818,
,129148,,,,,,,,1818,0.026947837322950363
9.999999999999994e-05,129149,,,,,,,,,
9.999999999999994e-05,129149,,,,,,,,,
9.999999999999994e-05,129149,,,,,,,,,
,129149,0.0008434099145233631,9.431105718249455e-05,0.0005775333847850561,0.00010588958684820682,6.548111559823155e-05,1.9477882062801655e-07,49.0,1819,
9.999999999999994e-05,129199,,,,,,,,,
9.999999999999994e-05,129199,,,,,,,,,
9.999999999999994e-05,129199,,,,,,,,,
,129199,0.0020650364458560944,0.0004016878083348274,0.0012508996296674013,0.00023568631149828434,0.00017515101353637874,1.611558786862588e-06,49.0,1819,
,129219,,,,,,,,1819,0.026776298880577087
9.999999999999994e-05,129249,,,,,,,,,
9.999999999999994e-05,129249,,,,,,,,,
9.999999999999994e-05,129249,,,,,,,,,
,129249,0.004147511441260576,3.421022120164707e-05,0.0007377257570624352,0.00010791754175443202,9.218060586135834e-05,0.0031754772644490004,49.0,1820,
,129290,,,,,,,,1820,0.02676943689584732
9.999999999999994e-05,129299,,,,,,,,,
9.999999999999994e-05,129299,,,,,,,,,
9.999999999999994e-05,129299,,,,,,,,,
,129299,0.0006787077873013914,8.894821803551167e-05,0.00041355632129125297,7.841035403544083e-05,5.2578423492377624e-05,4.521451046457514e-05,49.0,1821,
9.999999999999994e-05,129349,,,,,,,,,
9.999999999999994e-05,129349,,,,,,,,,
9.999999999999994e-05,129349,,,,,,,,,
,129349,0.0007552868919447064,0.00013864442007616162,0.00043188559357076883,0.00010729156201705337,7.696579268667847e-05,4.995504241378512e-07,49.0,1821,
,129361,,,,,,,,1821,0.026838967576622963
9.999999999999994e-05,129399,,,,,,,,,
9.999999999999994e-05,129399,,,,,,,,,
9.999999999999994e-05,129399,,,,,,,,,
,129399,0.0005127485492266715,3.6193669075146317e-06,0.0003335807123221457,0.00010428856330690905,7.098187052179128e-05,2.7804355795524316e-07,49.0,1822,
,129432,,,,,,,,1822,0.026608537882566452
9.999999999999994e-05,129449,,,,,,,,,
9.999999999999994e-05,129449,,,,,,,,,
9.999999999999994e-05,129449,,,,,,,,,
,129449,0.0008738418109714985,0.00014510154142044485,0.0004929200513288379,0.00013590799062512815,9.962061449186876e-05,2.915889467658417e-07,49.0,1823,
9.999999999999994e-05,129499,,,,,,,,,
9.999999999999994e-05,129499,,,,,,,,,
9.999999999999994e-05,129499,,,,,,,,,
,129499,0.001067489036358893,1.944960604305379e-05,0.0007109309080988169,0.00017629089416004717,0.00016056127788033336,2.563756424933672e-07,49.0,1823,
,129503,,,,,,,,1823,0.02722172997891903
9.999999999999994e-05,129549,,,,,,,,,
9.999999999999994e-05,129549,,,,,,,,,
9.999999999999994e-05,129549,,,,,,,,,
,129549,0.0007234291988424957,5.116356260259636e-05,0.00044909853022545576,0.00013324891915544868,8.967921166913584e-05,2.390048621236929e-07,49.0,1824,
,129574,,,,,,,,1824,0.0265958271920681
9.999999999999994e-05,129599,,,,,,,,,
9.999999999999994e-05,129599,,,,,,,,,
9.999999999999994e-05,129599,,,,,,,,,
,129599,0.001760851708240807,0.00020588471670635045,0.001200913218781352,0.0001987769646802917,0.00015503671602346003,2.40110495042245e-07,49.0,1825,
,129645,,,,,,,,1825,0.027408789843320847
9.999999999999994e-05,129649,,,,,,,,,
9.999999999999994e-05,129649,,,,,,,,,
9.999999999999994e-05,129649,,,,,,,,,
,129649,0.0008817248162813485,9.499898624198977e-06,0.0007182132685557008,9.433017839910462e-05,5.948566467850469e-05,1.958034943072562e-07,49.0,1826,
9.999999999999994e-05,129699,,,,,,,,,
9.999999999999994e-05,129699,,,,,,,,,
9.999999999999994e-05,129699,,,,,,,,,
,129699,0.000953074952121824,1.301770407735603e-05,0.0006489821244031191,0.00016200872778426856,0.00012876189430244267,3.044674485863652e-07,49.0,1826,
,129716,,,,,,,,1826,0.026680003851652145
9.999999999999994e-05,129749,,,,,,,,,
9.999999999999994e-05,129749,,,,,,,,,
9.999999999999994e-05,129749,,,,,,,,,
,129749,0.001110878074541688,7.908925908850506e-06,0.0008375220349989831,0.00015112149412743747,0.00011410676233936101,2.1886434353746154e-07,49.0,1827,
,129787,,,,,,,,1827,0.026909830048680305
9.999999999999994e-05,129799,,,,,,,,,
9.999999999999994e-05,129799,,,,,,,,,
9.999999999999994e-05,129799,,,,,,,,,
,129799,0.0008318729232996702,8.348263509105891e-05,0.0005485708243213594,0.00010283957817591727,9.684368706075475e-05,1.362241164315492e-07,49.0,1828,
9.999999999999994e-05,129849,,,,,,,,,
9.999999999999994e-05,129849,,,,,,,,,
9.999999999999994e-05,129849,,,,,,,,,
,129849,0.0005649592494592071,0.00011378169438103214,0.00033140971208922565,7.441700290655717e-05,4.5165044866735116e-05,1.8579014238184755e-07,49.0,1828,
,129858,,,,,,,,1828,0.027153415605425835
9.999999999999994e-05,129899,,,,,,,,,
9.999999999999994e-05,129899,,,,,,,,,
9.999999999999994e-05,129899,,,,,,,,,
,129899,0.0006456397823058069,6.523440788441803e-06,0.0004582660913001746,9.644116653362289e-05,8.419992809649557e-05,2.0912627007874107e-07,49.0,1829,
,129929,,,,,,,,1829,0.02733020670711994
9.999999999999994e-05,129949,,,,,,,,,
9.999999999999994e-05,129949,,,,,,,,,
9.999999999999994e-05,129949,,,,,,,,,
,129949,0.002159362891688943,0.00010431384725961834,0.0017415224574506283,0.0001550664019305259,0.00015832642384339124,1.3375785101743531e-07,49.0,1830,
9.999999999999994e-05,129999,,,,,,,,,
9.999999999999994e-05,129999,,,,,,,,,
9.999999999999994e-05,129999,,,,,,,,,
,129999,0.0009632215951569378,0.0001586078287800774,0.0005233950214460492,0.0001414967409800738,0.00013953975576441735,1.821941140178751e-07,49.0,1830,
,130000,,,,,,,,1830,0.026795316487550735
9.999999999999994e-05,130049,,,,,,,,,
9.999999999999994e-05,130049,,,,,,,,,
9.999999999999994e-05,130049,,,,,,,,,
,130049,0.0009415065869688988,0.00022046129743102938,0.00047402532072737813,0.00014664560148958117,0.00010020112677011639,1.7329645629615698e-07,49.0,1831,
,130071,,,,,,,,1831,0.026201313361525536
9.999999999999994e-05,130099,,,,,,,,,
9.999999999999994e-05,130099,,,,,,,,,
9.999999999999994e-05,130099,,,,,,,,,
,130099,0.0011342682410031557,1.3970381587569136e-05,0.0007526712724938989,0.00021720220684073865,0.00015013254596851766,2.9187077643655357e-07,49.0,1832,
,130142,,,,,,,,1832,0.026544613763689995
9.999999999999994e-05,130149,,,,,,,,,
9.999999999999994e-05,130149,,,,,,,,,
9.999999999999994e-05,130149,,,,,,,,,
,130149,0.0007346696220338345,3.1848481739871204e-05,0.000471949897473678,0.00014990006457082927,8.057344530243427e-05,3.977185372150416e-07,49.0,1833,
9.999999999999994e-05,130199,,,,,,,,,
9.999999999999994e-05,130199,,,,,,,,,
9.999999999999994e-05,130199,,,,,,,,,
,130199,0.0011309916153550148,2.9257229471113533e-05,0.000734901987016201,0.00020286464132368565,0.00016374365077354014,2.2412673672533856e-07,49.0,1833,
,130213,,,,,,,,1833,0.026654012501239777
9.999999999999994e-05,130249,,,,,,,,,
9.999999999999994e-05,130249,,,,,,,,,
9.999999999999994e-05,130249,,,,,,,,,
,130249,0.0012641604989767075,0.00035871786531060934,0.0006917417631484568,0.0001231729402206838,9.037505515152588e-05,1.5273036524376948e-07,49.0,1834,
,130284,,,,,,,,1834,0.026451241225004196
9.999999999999994e-05,130299,,,,,,,,,
9.999999999999994e-05,130299,,,,,,,,,
9.999999999999994e-05,130299,,,,,,,,,
,130299,0.000896124227438122,9.413535735802725e-06,0.0006616545142605901,0.00014842288510408252,7.642083801329136e-05,2.1248514769922622e-07,49.0,1835,
9.999999999999994e-05,130349,,,,,,,,,
9.999999999999994e-05,130349,,,,,,,,,
9.999999999999994e-05,130349,,,,,,,,,
,130349,0.000620553910266608,1.8395370716461912e-05,0.00033036229433491826,0.00017283990746363997,9.875613613985479e-05,2.0019135149595968e-07,49.0,1835,
,130355,,,,,,,,1835,0.026709700003266335
9.999999999999994e-05,130399,,,,,,,,,
9.999999999999994e-05,130399,,,,,,,,,
9.999999999999994e-05,130399,,,,,,,,,
,130399,0.0006540794274769723,0.00021444488083943725,0.00032833419390954077,7.646095036761835e-05,3.4604563552420586e-05,2.347986622908138e-07,49.0,1836,
,130426,,,,,,,,1836,0.026368586346507072
9.999999999999994e-05,130449,,,,,,,,,
9.999999999999994e-05,130449,,,,,,,,,
9.999999999999994e-05,130449,,,,,,,,,
,130449,0.0008960644481703639,0.00016239695833064616,0.00039868103340268135,0.0001843991340138018,0.00015041386359371245,1.7347636571685143e-07,49.0,1837,
,130497,,,,,,,,1837,0.02681569941341877
9.999999999999994e-05,130499,,,,,,,,,
9.999999999999994e-05,130499,,,,,,,,,
9.999999999999994e-05,130499,,,,,,,,,
,130499,0.0005421687383204699,4.067248028150061e-06,0.00041120938840322196,7.208556053228676e-05,5.4693184210918844e-05,1.133338258796357e-07,49.0,1838,
9.999999999999994e-05,130549,,,,,,,,,
9.999999999999994e-05,130549,,,,,,,,,
9.999999999999994e-05,130549,,,,,,,,,
,130549,0.0007740212604403496,6.946460416656919e-06,0.000521435693372041,0.0001554638147354126,8.992717630462721e-05,2.4811410526126565e-07,49.0,1838,
,130568,,,,,,,,1838,0.026680413633584976
9.999999999999994e-05,130599,,,,,,,,,
9.999999999999994e-05,130599,,,,,,,,,
9.999999999999994e-05,130599,,,,,,,,,
,130599,0.0006017882842570543,7.893475412856787e-06,0.00045504950685426593,8.456335490336642e-05,5.4081516282167286e-05,2.0046425674991042e-07,49.0,1839,
,130639,,,,,,,,1839,0.026534533128142357
9.999999999999994e-05,130649,,,,,,,,,
9.999999999999994e-05,130649,,,,,,,,,
9.999999999999994e-05,130649,,,,,,,,,
,130649,0.0009388189646415412,3.575889422791079e-05,0.000695203838404268,0.00016296877583954483,4.468965926207602e-05,1.978311843231495e-07,49.0,1840,
9.999999999999994e-05,130699,,,,,,,,,
9.999999999999994e-05,130699,,,,,,,,,
9.999999999999994e-05,130699,,,,,,,,,
,130699,0.0006484276382252574,3.723920963238925e-05,0.000460735842352733,9.508190851192921e-05,5.51798366359435e-05,1.908886844148583e-07,49.0,1840,
,130710,,,,,,,,1840,0.026590442284941673
9.999999999999994e-05,130749,,,,,,,,,
9.999999999999994e-05,130749,,,,,,,,,
9.999999999999994e-05,130749,,,,,,,,,
,130749,0.000864039349835366,0.00016339805733878165,0.000480822054669261,0.00014642289897892624,7.299384014913812e-05,4.0250611732517427e-07,49.0,1841,
,130781,,,,,,,,1841,0.027204349637031555
9.999999999999994e-05,130799,,,,,,,,,
9.999999999999994e-05,130799,,,,,,,,,
9.999999999999994e-05,130799,,,,,,,,,
,130799,0.0008183271274901927,0.0001346994104096666,0.0005116434767842293,9.978839079849422e-05,7.202883716672659e-05,1.6699316063295555e-07,49.0,1842,
9.999999999999994e-05,130849,,,,,,,,,
9.999999999999994e-05,130849,,,,,,,,,
9.999999999999994e-05,130849,,,,,,,,,
,130849,0.0007691212231293321,3.220106373191811e-05,0.0005119528505019844,0.00014191336231306195,8.270816033473238e-05,3.458122250776796e-07,49.0,1842,
,130852,,,,,,,,1842,0.02671617455780506
9.999999999999994e-05,130899,,,,,,,,,
9.999999999999994e-05,130899,,,,,,,,,
9.999999999999994e-05,130899,,,,,,,,,
,130899,0.003747836919501424,0.0006410697242245078,0.0029275468550622463,0.00010236576781608164,7.671411003684625e-05,1.4022494099208416e-07,49.0,1843,
,130923,,,,,,,,1843,0.026820208877325058
9.999999999999994e-05,130949,,,,,,,,,
9.999999999999994e-05,130949,,,,,,,,,
9.999999999999994e-05,130949,,,,,,,,,
,130949,0.001217323588207364,0.00016676241648383439,0.0007661824929527938,0.00016252539353445172,0.00012147091911174357,3.8237516264416627e-07,49.0,1844,
,130994,,,,,,,,1844,0.026093602180480957
9.999999999999994e-05,130999,,,,,,,,,
9.999999999999994e-05,130999,,,,,,,,,
9.999999999999994e-05,130999,,,,,,,,,
,130999,0.0031148905400186777,0.00025104195810854435,0.002390932524576783,0.0002303740766365081,0.00024240295169875026,1.390842498949496e-07,50.0,1845,
9.999999999999994e-05,131049,,,,,,,,,
9.999999999999994e-05,131049,,,,,,,,,
9.999999999999994e-05,131049,,,,,,,,,
,131049,0.002723877551034093,0.0008455159841105342,0.0016202636761590838,0.0001838460157159716,7.405569340335205e-05,1.959577531351897e-07,50.0,1845,
,131065,,,,,,,,1845,0.026794308796525
9.999999999999994e-05,131099,,,,,,,,,
9.999999999999994e-05,131099,,,,,,,,,
9.999999999999994e-05,131099,,,,,,,,,
,131099,0.0018871234497055411,0.000389263906981796,0.0010382500477135181,0.0002655110147316009,0.00019374304974917322,3.554218039880652e-07,50.0,1846,
,131136,,,,,,,,1846,0.028696982190012932
9.999999999999994e-05,131149,,,,,,,,,
9.999999999999994e-05,131149,,,,,,,,,
9.999999999999994e-05,131149,,,,,,,,,
,131149,0.0009022223530337214,1.6928317563724704e-05,0.0005775752943009138,0.00018255860777571797,0.0001249448978342116,2.1523189275285404e-07,50.0,1847,
9.999999999999994e-05,131199,,,,,,,,,
9.999999999999994e-05,131199,,,,,,,,,
9.999999999999994e-05,131199,,,,,,,,,
,131199,0.001240083947777748,6.378588295774534e-05,0.0009605028899386525,0.00013366782513912767,8.185663318727165e-05,2.7064507435170526e-07,50.0,1847,
,131207,,,,,,,,1847,0.0265764482319355
9.999999999999994e-05,131249,,,,,,,,,
9.999999999999994e-05,131249,,,,,,,,,
9.999999999999994e-05,131249,,,,,,,,,
,131249,0.001070680096745491,6.171570566948503e-05,0.0008047654991969466,0.00012261184747330844,8.135703683365136e-05,2.2989949854945735e-07,50.0,1848,
,131278,,,,,,,,1848,0.026917656883597374
9.999999999999994e-05,131299,,,,,,,,,
9.999999999999994e-05,131299,,,,,,,,,
9.999999999999994e-05,131299,,,,,,,,,
,131299,0.0011738245375454426,0.0002156021655537188,0.00048362568486481905,0.00023159275588113815,0.00024175463477149606,1.2493150052250712e-06,50.0,1849,
9.999999999999994e-05,131349,,,,,,,,,
,131349,0.0016287087928503752,4.023010114906356e-05,0.000934821437112987,0.0003632480511441827,0.0002895724610425532,8.368369890376925e-07,50.0,1849,
,131349,,,,,,,,1849,0.026988862082362175
9.999999999999994e-05,131399,,,,,,,,,
9.999999999999994e-05,131399,,,,,,,,,
9.999999999999994e-05,131399,,,,,,,,,
,131399,0.0014964038273319602,0.00022950771381147206,0.0007427864475175738,0.00027489359490573406,0.0002315092133358121,1.7706928701954894e-05,50.0,1850,
,131420,,,,,,,,1850,0.026594461873173714
9.999999999999994e-05,131449,,,,,,,,,
9.999999999999994e-05,131449,,,,,,,,,
9.999999999999994e-05,131449,,,,,,,,,
,131449,0.0010491053108125925,3.6613637348636985e-06,0.0003647400299087167,0.00013529323041439056,9.52413392951712e-05,0.000450169260147959,50.0,1851,
,131491,,,,,,,,1851,0.026128383353352547
9.999999999999994e-05,131499,,,,,,,,,
9.999999999999994e-05,131499,,,,,,,,,
9.999999999999994e-05,131499,,,,,,,,,
,131499,0.000591333897318691,9.890980436466634e-06,0.00041456311009824276,8.541929855709895e-05,6.952350668143481e-05,1.1936980627069715e-05,50.0,1852,
9.999999999999994e-05,131549,,,,,,,,,
9.999999999999994e-05,131549,,,,,,,,,
9.999999999999994e-05,131549,,,,,,,,,
,131549,0.0010652611963450909,0.00022118756896816194,0.0005641881143674254,0.00017281633336097002,0.00010653753997758031,5.314990971783118e-07,50.0,1852,
,131562,,,,,,,,1852,0.02620830200612545
9.999999999999994e-05,131599,,,,,,,,,
9.999999999999994e-05,131599,,,,,,,,,
9.999999999999994e-05,131599,,,,,,,,,
,131599,0.0005082282586954534,1.232592694577761e-05,0.00040814868407323956,5.5663767852820456e-05,3.1914416467770934e-05,1.754893474981145e-07,50.0,1853,
,131633,,,,,,,,1853,0.026428313925862312
9.999999999999994e-05,131649,,,,,,,,,
9.999999999999994e-05,131649,,,,,,,,,
9.999999999999994e-05,131649,,,,,,,,,
,131649,0.0006251709419302642,1.350279308098834e-05,0.0005147831980139017,6.358593964250758e-05,3.3169118978548795e-05,1.2991463904654665e-07,50.0,1854,
9.999999999999994e-05,131699,,,,,,,,,
9.999999999999994e-05,131699,,,,,,,,,
9.999999999999994e-05,131699,,,,,,,,,
,131699,0.0007680011913180351,0.00013176757784094661,0.0004226252785883844,0.00014686588838230819,6.630707503063604e-05,4.3534868154893047e-07,50.0,1854,
,131704,,,,,,,,1854,0.0266142338514328
9.999999999999994e-05,131749,,,,,,,,,
9.999999999999994e-05,131749,,,,,,,,,
9.999999999999994e-05,131749,,,,,,,,,
,131749,0.0006018971325829625,9.663958917371929e-05,0.00034820984001271427,0.00010094593744724989,5.590214641415514e-05,1.9962313047017233e-07,50.0,1855,
,131775,,,,,,,,1855,0.026243166998028755
9.999999999999994e-05,131799,,,,,,,,,
9.999999999999994e-05,131799,,,,,,,,,
9.999999999999994e-05,131799,,,,,,,,,
,131799,0.0014786497922614217,0.0003529559471644461,0.0008958266698755324,0.00013700831914320588,9.264933760277927e-05,2.094847815214962e-07,50.0,1856,
,131846,,,,,,,,1856,0.026868849992752075
9.999999999999994e-05,131849,,,,,,,,,
9.999999999999994e-05,131849,,,,,,,,,
9.999999999999994e-05,131849,,,,,,,,,
,131849,0.00056461215717718,0.00012391182826831937,0.0002944997395388782,9.34930649236776e-05,5.2455572586040944e-05,2.5193222086272726e-07,50.0,1857,
9.999999999999994e-05,131899,,,,,,,,,
9.999999999999994e-05,131899,,,,,,,,,
9.999999999999994e-05,131899,,,,,,,,,
,131899,0.0008086530724540353,0.00017572459182702005,0.00039815244963392615,0.00013673226931132376,9.776123624760658e-05,2.825885871970968e-07,50.0,1857,
,131917,,,,,,,,1857,0.026350054889917374
9.999999999999994e-05,131949,,,,,,,,,
9.999999999999994e-05,131949,,,,,,,,,
9.999999999999994e-05,131949,,,,,,,,,
,131949,0.0006750836037099361,7.899012416601181e-06,0.0004652998177334666,0.00011226462083868682,8.946776506491005e-05,1.5240691197959677e-07,50.0,1858,
,131988,,,,,,,,1858,0.026673370972275734
9.999999999999994e-05,131999,,,,,,,,,
9.999999999999994e-05,131999,,,,,,,,,
9.999999999999994e-05,131999,,,,,,,,,
,131999,0.0006291265017352998,3.1187290005618706e-05,0.0004138758813496679,0.00010226081212749705,8.165846520569175e-05,1.4408209381144843e-07,50.0,1859,
9.999999999999994e-05,132049,,,,,,,,,
9.999999999999994e-05,132049,,,,,,,,,
9.999999999999994e-05,132049,,,,,,,,,
,132049,0.000998860108666122,1.5196063031908125e-05,0.000695563037879765,0.00017486886645201594,0.00011300291953375563,2.2919812181498855e-07,50.0,1859,
,132059,,,,,,,,1859,0.02749759703874588
9.999999999999994e-05,132099,,,,,,,,,
9.999999999999994e-05,132099,,,,,,,,,
9.999999999999994e-05,132099,,,,,,,,,
,132099,0.0006576366140507162,6.7265414145367686e-06,0.00042692129500210285,0.00012708449503406882,9.66994630289264e-05,2.0484020524236257e-07,50.0,1860,
,132130,,,,,,,,1860,0.02685321681201458
9.999999999999994e-05,132149,,,,,,,,,
9.999999999999994e-05,132149,,,,,,,,,
9.999999999999994e-05,132149,,,,,,,,,
,132149,0.0012894743122160435,1.8097585780196823e-05,0.0009058509604074061,0.00017994434165302664,0.00018544337945058942,1.3804786647142464e-07,50.0,1861,
9.999999999999994e-05,132199,,,,,,,,,
9.999999999999994e-05,132199,,,,,,,,,
9.999999999999994e-05,132199,,,,,,,,,
,132199,0.0007032419671304524,3.2299656595569104e-05,0.00045038331882096827,0.00014022654795553535,7.99886547611095e-05,3.4379843327769777e-07,50.0,1861,
,132201,,,,,,,,1861,0.02695063129067421
9.999999999999994e-05,132249,,,,,,,,,
9.999999999999994e-05,132249,,,,,,,,,
9.999999999999994e-05,132249,,,,,,,,,
,132249,0.0005456452490761876,6.11793075222522e-05,0.00039028178434818983,5.5158343457151204e-05,3.8914819015190005e-05,1.1095836782715196e-07,50.0,1862,
,132272,,,,,,,,1862,0.026552481576800346
9.999999999999994e-05,132299,,,,,,,,,
9.999999999999994e-05,132299,,,,,,,,,
9.999999999999994e-05,132299,,,,,,,,,
,132299,0.0010287907207384706,0.00015243535744957626,0.0005998701672069728,0.00016667363524902612,0.00010954374010907486,2.6783609996527957e-07,50.0,1863,
,132343,,,,,,,,1863,0.026595961302518845
9.999999999999994e-05,132349,,,,,,,,,
9.999999999999994e-05,132349,,,,,,,,,
9.999999999999994e-05,132349,,,,,,,,,
,132349,0.0004605999565683305,5.3121701057534665e-05,0.0002764380187727511,7.685923628741875e-05,5.401790258474648e-05,1.6309792272295454e-07,50.0,1864,
9.999999999999994e-05,132399,,,,,,,,,
9.999999999999994e-05,132399,,,,,,,,,
9.999999999999994e-05,132399,,,,,,,,,
,132399,0.0004581886751111597,0.00012604848598130047,0.00023990159388631582,5.9576923376880586e-05,3.247549102525227e-05,1.8620043817918486e-07,50.0,1864,
,132414,,,,,,,,1864,0.026834558695554733
9.999999999999994e-05,132449,,,,,,,,,
9.999999999999994e-05,132449,,,,,,,,,
9.999999999999994e-05,132449,,,,,,,,,
,132449,0.00044273448293097317,8.332275683642365e-06,0.0003042789758183062,7.573848415631801e-05,5.427614814834669e-05,1.0857312560119681e-07,50.0,1865,
,132485,,,,,,,,1865,0.026696933433413506
9.999999999999994e-05,132499,,,,,,,,,
9.999999999999994e-05,132499,,,,,,,,,
9.999999999999994e-05,132499,,,,,,,,,
,132499,0.0004989506560377777,1.9727052858797833e-05,0.00030173882259987295,9.943367331288755e-05,7.789814844727516e-05,1.5297310085315985e-07,50.0,1866,
9.999999999999994e-05,132549,,,,,,,,,
9.999999999999994e-05,132549,,,,,,,,,
9.999999999999994e-05,132549,,,,,,,,,
,132549,0.0008800439536571503,0.0001675690000411123,0.000495531246997416,0.00014404057583305985,7.252929208334535e-05,3.738091436389368e-07,50.0,1866,
,132556,,,,,,,,1866,0.027038490399718285
9.999999999999994e-05,132599,,,,,,,,,
9.999999999999994e-05,132599,,,,,,,,,
9.999999999999994e-05,132599,,,,,,,,,
,132599,0.000705103506334126,1.953647551999893e-05,0.00040611159056425095,0.00014720959006808698,0.00013204665447119623,1.9917024474125355e-07,50.0,1867,
,132627,,,,,,,,1867,0.026698535308241844
9.999999999999994e-05,132649,,,,,,,,,
9.999999999999994e-05,132649,,,,,,,,,
9.999999999999994e-05,132649,,,,,,,,,
,132649,0.0008326070383191109,0.00015271356096491218,0.00042066219612024724,0.0001602945412741974,9.870244684861973e-05,2.3434267859556712e-07,50.0,1868,
,132698,,,,,,,,1868,0.027134215459227562
9.999999999999994e-05,132699,,,,,,,,,
9.999999999999994e-05,132699,,,,,,,,,
9.999999999999994e-05,132699,,,,,,,,,
,132699,0.0008811213774606586,0.00012970631360076368,0.0005587468040175736,0.00011831990559585392,7.416454900521785e-05,1.8389978606592194e-07,50.0,1869,
9.999999999999994e-05,132749,,,,,,,,,
9.999999999999994e-05,132749,,,,,,,,,
9.999999999999994e-05,132749,,,,,,,,,
,132749,0.0006860813009552658,1.959753171831835e-05,0.00037885867641307414,0.00016500547644682229,0.00012217898620292544,4.406373648180306e-07,50.0,1869,
,132769,,,,,,,,1869,0.02684500440955162
9.999999999999994e-05,132799,,,,,,,,,
9.999999999999994e-05,132799,,,,,,,,,
9.999999999999994e-05,132799,,,,,,,,,
,132799,0.0009736078209243715,0.0001994309714064002,0.0004983769031241536,0.00016633071936666965,0.00010895834566326812,5.108771006234747e-07,50.0,1870,
,132840,,,,,,,,1870,0.027097264304757118
9.999999999999994e-05,132849,,,,,,,,,
9.999999999999994e-05,132849,,,,,,,,,
9.999999999999994e-05,132849,,,,,,,,,
,132849,0.0007732880185358226,1.142180735769216e-05,0.0003382935537956655,0.00015809846809133887,0.00011251020623603836,0.0001529639703221619,50.0,1871,
9.999999999999994e-05,132899,,,,,,,,,
9.999999999999994e-05,132899,,,,,,,,,
9.999999999999994e-05,132899,,,,,,,,,
,132899,0.0006161280325613916,0.00011689781968016177,0.00027302035596221685,0.00011744540825020522,7.619110692758113e-05,3.257334537920542e-05,50.0,1871,
,132911,,,,,,,,1871,0.026531824842095375
9.999999999999994e-05,132949,,,,,,,,,
9.999999999999994e-05,132949,,,,,,,,,
9.999999999999994e-05,132949,,,,,,,,,
,132949,0.0008477491792291403,0.00016604096163064241,0.0004396279691718519,0.00014899132656864822,9.158135071629658e-05,1.507551360191428e-06,50.0,1872,
,132982,,,,,,,,1872,0.027088141068816185
9.999999999999994e-05,132999,,,,,,,,,
9.999999999999994e-05,132999,,,,,,,,,
9.999999999999994e-05,132999,,,,,,,,,
,132999,0.001193630276247859,0.00011620443547144532,0.0007297198753803968,0.00019656706717796624,0.00015092804096639156,2.1088537494051707e-07,50.0,1873,
9.999999999999994e-05,133049,,,,,,,,,
9.999999999999994e-05,133049,,,,,,,,,
9.999999999999994e-05,133049,,,,,,,,,
,133049,0.001022483455017209,0.00011649911175481975,0.0005968009354546666,0.0001690261997282505,0.00013998133363202214,1.7576185484813323e-07,50.0,1873,
,133053,,,,,,,,1873,0.02718444913625717
9.999999999999994e-05,133099,,,,,,,,,
9.999999999999994e-05,133099,,,,,,,,,
9.999999999999994e-05,133099,,,,,,,,,
,133099,0.0006024898611940444,1.6388657968491316e-05,0.0004272872465662658,9.496094571659341e-05,6.367459718603641e-05,1.7840982025063568e-07,50.0,1874,
,133124,,,,,,,,1874,0.026891306042671204
9.999999999999994e-05,133149,,,,,,,,,
9.999999999999994e-05,133149,,,,,,,,,
9.999999999999994e-05,133149,,,,,,,,,
,133149,0.0006234277971088886,4.396942586026853e-06,0.00047083772369660437,8.981754945125431e-05,5.819203579449095e-05,1.8350924335663876e-07,50.0,1875,
,133195,,,,,,,,1875,0.02707722783088684
9.999999999999994e-05,133199,,,,,,,,,
9.999999999999994e-05,133199,,,,,,,,,
9.999999999999994e-05,133199,,,,,,,,,
,133199,0.0004443342622835189,9.278083780372981e-06,0.00030882691498845816,7.614758214913309e-05,4.992913454771042e-05,1.5252382468133874e-07,50.0,1876,
9.999999999999994e-05,133249,,,,,,,,,
9.999999999999994e-05,133249,,,,,,,,,
9.999999999999994e-05,133249,,,,,,,,,
,133249,0.0005243461346253753,3.2128332350112032e-06,0.00037965099909342825,8.352450095117092e-05,5.778886770713143e-05,1.6893210386115243e-07,50.0,1876,
,133266,,,,,,,,1876,0.026847153902053833
9.999999999999994e-05,133299,,,,,,,,,
9.999999999999994e-05,133299,,,,,,,,,
9.999999999999994e-05,133299,,,,,,,,,
,133299,0.001192985218949616,0.00013992629828862846,0.0007289166678674519,0.00018723393441177905,0.00013630320609081537,6.051494096936949e-07,50.0,1877,
,133337,,,,,,,,1877,0.026512978598475456
9.999999999999994e-05,133349,,,,,,,,,
9.999999999999994e-05,133349,,,,,,,,,
9.999999999999994e-05,133349,,,,,,,,,
,133349,0.000717781251296401,4.062690641148947e-05,0.00043285934953019023,0.00014599051792174578,8.98022553883493e-05,8.502193850290496e-06,50.0,1878,
9.999999999999994e-05,133399,,,,,,,,,
9.999999999999994e-05,133399,,,,,,,,,
9.999999999999994e-05,133399,,,,,,,,,
,133399,0.0010009983088821173,9.993316780310124e-05,0.00046577307512052357,9.544169006403536e-05,5.905085345148109e-05,0.00028079948970116675,50.0,1878,
,133408,,,,,,,,1878,0.026912003755569458
9.999999999999994e-05,133449,,,,,,,,,
9.999999999999994e-05,133449,,,,,,,,,
9.999999999999994e-05,133449,,,,,,,,,
,133449,0.0005854135961271822,9.115169814322144e-05,0.00033012396306730807,0.00010108354035764933,6.0952614148845896e-05,2.101756081174244e-06,50.0,1879,
,133479,,,,,,,,1879,0.02639470063149929
9.999999999999994e-05,133499,,,,,,,,,
9.999999999999994e-05,133499,,,,,,,,,
9.999999999999994e-05,133499,,,,,,,,,
,133499,0.0015869755297899246,3.964688858104637e-06,0.0011695870198309422,0.00021260668290778995,0.00020038103684782982,4.361441483524686e-07,50.0,1880,
9.999999999999994e-05,133549,,,,,,,,,
9.999999999999994e-05,133549,,,,,,,,,
9.999999999999994e-05,133549,,,,,,,,,
,133549,0.0012323800474405289,0.00014696663129143417,0.0007261971477419138,0.00019313137454446405,0.00016576350026298314,3.2130355975823477e-07,50.0,1880,
,133550,,,,,,,,1880,0.027000121772289276
9.999999999999994e-05,133599,,,,,,,,,
9.999999999999994e-05,133599,,,,,,,,,
9.999999999999994e-05,133599,,,,,,,,,
,133599,0.0007105913246050477,9.065194171853364e-05,0.00043910174281336367,9.597435564501211e-05,8.460260869469494e-05,2.606689974982146e-07,50.0,1881,
,133621,,,,,,,,1881,0.026680555194616318
9.999999999999994e-05,133649,,,,,,,,,
9.999999999999994e-05,133649,,,,,,,,,
9.999999999999994e-05,133649,,,,,,,,,
,133649,0.0009347662562504411,2.1478288545040414e-05,0.0006149118999019265,0.00016107888950500637,0.00013701111311092973,2.8607257718249457e-07,50.0,1882,
,133692,,,,,,,,1882,0.026445241644978523
9.999999999999994e-05,133699,,,,,,,,,
9.999999999999994e-05,133699,,,,,,,,,
9.999999999999994e-05,133699,,,,,,,,,
,133699,0.0005883045960217714,9.296326425101142e-06,0.0003879629075527191,0.00010808659862959757,8.26789764687419e-05,2.797771969653695e-07,50.0,1883,
9.999999999999994e-05,133749,,,,,,,,,
9.999999999999994e-05,133749,,,,,,,,,
9.999999999999994e-05,133749,,,,,,,,,
,133749,0.0005382965318858624,0.00011688970698742196,0.00026997912209481,8.69050927576609e-05,6.431642395909876e-05,2.061708244127658e-07,50.0,1883,
,133763,,,,,,,,1883,0.02699858695268631
9.999999999999994e-05,133799,,,,,,,,,
9.999999999999994e-05,133799,,,,,,,,,
9.999999999999994e-05,133799,,,,,,,,,
,133799,0.000976197887212038,5.369949576561339e-06,0.0006452586967498064,0.00018267786072101444,0.0001426178787369281,2.734802535542258e-07,50.0,1884,
,133834,,,,,,,,1884,0.02699948474764824
9.999999999999994e-05,133849,,,,,,,,,
9.999999999999994e-05,133849,,,,,,,,,
9.999999999999994e-05,133849,,,,,,,,,
,133849,0.0007717121625319123,0.00012393822544254363,0.00035573585773818195,0.00018214358715340495,0.00010957966151181608,3.1484228202316444e-07,50.0,1885,
9.999999999999994e-05,133899,,,,,,,,,
9.999999999999994e-05,133899,,,,,,,,,
9.999999999999994e-05,133899,,,,,,,,,
,133899,0.0011654997942969203,4.3139298213645816e-05,0.0008546843891963363,0.00017022379324771464,9.718570800032467e-05,2.665497333964595e-07,50.0,1885,
,133905,,,,,,,,1885,0.02644619345664978
9.999999999999994e-05,133949,,,,,,,,,
9.999999999999994e-05,133949,,,,,,,,,
9.999999999999994e-05,133949,,,,,,,,,
,133949,0.0006374556105583906,0.00024303069221787155,0.0002686732914298773,6.52582457405515e-05,6.030325675965287e-05,1.9011807239621703e-07,50.0,1886,
,133976,,,,,,,,1886,0.026878587901592255
9.999999999999994e-05,133999,,,,,,,,,
9.999999999999994e-05,133999,,,,,,,,,
9.999999999999994e-05,133999,,,,,,,,,
,133999,0.0006499424343928695,4.27265877078753e-06,0.0005358115304261446,6.324760033749044e-05,4.6403223677771166e-05,2.0741170203564252e-07,50.0,1887,
,134047,,,,,,,,1887,0.025966383516788483
9.999999999999994e-05,134049,,,,,,,,,
9.999999999999994e-05,134049,,,,,,,,,
9.999999999999994e-05,134049,,,,,,,,,
,134049,0.0014211070956662297,0.00018542005273047835,0.0009371167980134487,0.00017613830277696252,0.00012217328185215592,2.587337917248078e-07,50.0,1888,
9.999999999999994e-05,134099,,,,,,,,,
9.999999999999994e-05,134099,,,,,,,,,
9.999999999999994e-05,134099,,,,,,,,,
,134099,0.0011569773778319359,2.9470643312379252e-06,0.0008019284578040242,0.00018906495824921876,0.00016283561126329005,2.0126046251789376e-07,50.0,1888,
,134118,,,,,,,,1888,0.027747301384806633
9.999999999999994e-05,134149,,,,,,,,,
9.999999999999994e-05,134149,,,,,,,,,
9.999999999999994e-05,134149,,,,,,,,,
,134149,0.002099487464874983,8.893292033462785e-06,0.0014950528275221586,0.0003123011556454003,0.00028312759241089225,1.1254873300003965e-07,50.0,1889,
,134189,,,,,,,,1889,0.02655024826526642
9.999999999999994e-05,134199,,,,,,,,,
9.999999999999994e-05,134199,,,,,,,,,
9.999999999999994e-05,134199,,,,,,,,,
,134199,0.0012655082391574979,1.5979749150574207e-05,0.0008102382998913527,0.0002578471030574292,0.0001809689129004255,4.7413570314347453e-07,50.0,1890,
9.999999999999994e-05,134249,,,,,,,,,
9.999999999999994e-05,134249,,,,,,,,,
9.999999999999994e-05,134249,,,,,,,,,
,134249,0.0009895775001496077,0.0001240012643393129,0.0006533316918648779,0.0001317402347922325,8.032875484786928e-05,1.7554854991885804e-07,50.0,1890,
,134260,,,,,,,,1890,0.02705051191151142
9.999999999999994e-05,134299,,,,,,,,,
9.999999999999994e-05,134299,,,,,,,,,
9.999999999999994e-05,134299,,,,,,,,,
,134299,0.0014219257282093167,0.00036104145692661405,0.0009172544814646244,8.395657641813159e-05,5.94664306845516e-05,2.067345974410273e-07,50.0,1891,
,134331,,,,,,,,1891,0.02663600631058216
9.999999999999994e-05,134349,,,,,,,,,
9.999999999999994e-05,134349,,,,,,,,,
9.999999999999994e-05,134349,,,,,,,,,
,134349,0.0005525283049792051,1.327852442045696e-05,0.00041074430919252336,7.896179158706218e-05,4.934618482366204e-05,1.974899817014375e-07,50.0,1892,
9.999999999999994e-05,134399,,,,,,,,,
9.999999999999994e-05,134399,,,,,,,,,
9.999999999999994e-05,134399,,,,,,,,,
,134399,0.0006198546034283936,0.00011000657104887068,0.0003770870389416814,9.15426280698739e-05,4.099749639863148e-05,2.2082733153183653e-07,50.0,1892,
,134402,,,,,,,,1892,0.02689431607723236
9.999999999999994e-05,134449,,,,,,,,,
9.999999999999994e-05,134449,,,,,,,,,
9.999999999999994e-05,134449,,,,,,,,,
,134449,0.0005581650184467435,2.4970699996629264e-06,0.0004547739517875016,5.7966302847489715e-05,4.277372863725759e-05,1.5397669983485684e-07,50.0,1893,
,134473,,,,,,,,1893,0.027070682495832443
9.999999999999994e-05,134499,,,,,,,,,
9.999999999999994e-05,134499,,,,,,,,,
9.999999999999994e-05,134499,,,,,,,,,
,134499,0.0006948111113160849,0.00011911745241377503,0.00039799127262085676,0.00011716796143446118,6.0222613683436066e-05,3.118186384654109e-07,50.0,1894,
,134544,,,,,,,,1894,0.026874804869294167
9.999999999999994e-05,134549,,,,,,,,,
9.999999999999994e-05,134549,,,,,,,,,
9.999999999999994e-05,134549,,,,,,,,,
,134549,0.001109605422243476,2.4788851078483276e-06,0.0008294342551380396,0.00015332302427850664,0.00012416132085490972,2.0793524413420528e-07,50.0,1895,
9.999999999999994e-05,134599,,,,,,,,,
9.999999999999994e-05,134599,,,,,,,,,
9.999999999999994e-05,134599,,,,,,,,,
,134599,0.0007855319418013096,7.387659570667893e-05,0.0005056022200733423,0.0001187889720313251,8.365960093215108e-05,3.604572384574567e-06,50.0,1895,
,134615,,,,,,,,1895,0.027111079543828964
9.999999999999994e-05,134649,,,,,,,,,
9.999999999999994e-05,134649,,,,,,,,,
9.999999999999994e-05,134649,,,,,,,,,
,134649,0.000411936198361218,6.9387874646054115e-06,0.0002518141991458833,9.4369359430857e-05,5.778250488219783e-05,1.0313268603567849e-06,50.0,1896,
,134686,,,,,,,,1896,0.0268233772367239
9.999999999999994e-05,134699,,,,,,,,,
9.999999999999994e-05,134699,,,,,,,,,
9.999999999999994e-05,134699,,,,,,,,,
,134699,0.0005041495314799249,1.0044104783446528e-05,0.0003647656994871795,7.293973612831905e-05,5.6198590755229816e-05,2.0140480216923606e-07,50.0,1897,
9.999999999999994e-05,134749,,,,,,,,,
9.999999999999994e-05,134749,,,,,,,,,
9.999999999999994e-05,134749,,,,,,,,,
,134749,0.0005847695865668356,9.48546949075535e-05,0.00026157585671171546,0.00013031935668550432,9.787427552510053e-05,1.4539907056132506e-07,50.0,1897,
,134757,,,,,,,,1897,0.026755664497613907
9.999999999999994e-05,134799,,,,,,,,,
9.999999999999994e-05,134799,,,,,,,,,
9.999999999999994e-05,134799,,,,,,,,,
,134799,0.0006502352189272642,7.244060543598607e-05,0.0004379242309369147,7.928610284579918e-05,6.038441642886028e-05,1.9988038957308163e-07,50.0,1898,
,134828,,,,,,,,1898,0.026760941371321678
9.999999999999994e-05,134849,,,,,,,,,
9.999999999999994e-05,134849,,,,,,,,,
9.999999999999994e-05,134849,,,,,,,,,
,134849,0.0007599384989589453,4.0406455809716135e-05,0.0005287142703309655,0.00012381502892822027,6.660050712525845e-05,4.022275845727563e-07,50.0,1899,
9.999999999999994e-05,134899,,,,,,,,,
,134899,0.0006262324168346822,0.00010149014269700274,0.00035175797529518604,0.00012129935203120112,5.120973946759477e-05,4.752020856813033e-07,50.0,1899,
,134899,,,,,,,,1899,0.027062946930527687
9.999999999999994e-05,134949,,,,,,,,,
9.999999999999994e-05,134949,,,,,,,,,
9.999999999999994e-05,134949,,,,,,,,,
,134949,0.0006104047643020749,5.0654762162594125e-06,0.0004207993042655289,0.00011732359416782856,6.681872764602304e-05,3.9767101611687394e-07,50.0,1900,
,134970,,,,,,,,1900,0.02656083181500435
9.999999999999994e-05,134999,,,,,,,,,
9.999999999999994e-05,134999,,,,,,,,,
9.999999999999994e-05,134999,,,,,,,,,
,134999,0.0018379953689873219,2.7924168534809723e-05,0.0014697370352223516,0.00022180947416927665,0.00011821804218925536,3.0659762728646456e-07,50.0,1901,
,135041,,,,,,,,1901,0.026650333777070045
9.999999999999994e-05,135049,,,,,,,,,
9.999999999999994e-05,135049,,,,,,,,,
9.999999999999994e-05,135049,,,,,,,,,
,135049,0.0010560803348198533,0.0003750274481717497,0.0004306197806727141,0.00012596489978022873,0.00012428840273059905,1.799160855853188e-07,50.0,1902,
9.999999999999994e-05,135099,,,,,,,,,
9.999999999999994e-05,135099,,,,,,,,,
9.999999999999994e-05,135099,,,,,,,,,
,135099,0.0006009884527884424,0.00011272427218500525,0.00026249969960190356,0.00011853437899844721,0.000107037034467794,1.9309713650272897e-07,50.0,1902,
,135112,,,,,,,,1902,0.026621846482157707
9.999999999999994e-05,135149,,,,,,,,,
9.999999999999994e-05,135149,,,,,,,,,
9.999999999999994e-05,135149,,,,,,,,,
,135149,0.0018550136592239141,8.43270609038882e-05,0.0016001984477043152,0.00010301558359060436,6.727743311785161e-05,1.9505803550146084e-07,50.0,1903,
,135183,,,,,,,,1903,0.026779428124427795
9.999999999999994e-05,135199,,,,,,,,,
9.999999999999994e-05,135199,,,,,,,,,
9.999999999999994e-05,135199,,,,,,,,,
,135199,0.0017339468467980623,3.493380791042e-05,0.0011144372401759028,0.00024006431340239942,0.0003261437814217061,1.8367662050877698e-05,50.0,1904,
9.999999999999994e-05,135249,,,,,,,,,
9.999999999999994e-05,135249,,,,,,,,,
9.999999999999994e-05,135249,,,,,,,,,
,135249,0.0016524463426321745,2.835249324562028e-05,0.0011527996975928545,0.000268518750090152,0.00018583936616778374,1.6936110114329495e-05,50.0,1904,
,135254,,,,,,,,1904,0.02764919027686119
9.999999999999994e-05,135299,,,,,,,,,
9.999999999999994e-05,135299,,,,,,,,,
9.999999999999994e-05,135299,,,,,,,,,
,135299,0.0010556242195889354,3.526866203173995e-05,0.0005051459884271026,0.00018756531062535942,0.00014286053192336112,0.00018478375568520278,50.0,1905,
,135325,,,,,,,,1905,0.027264287695288658
9.999999999999994e-05,135349,,,,,,,,,
9.999999999999994e-05,135349,,,,,,,,,
9.999999999999994e-05,135349,,,,,,,,,
,135349,0.0007419532630592585,0.00013448117533698678,0.000482787232613191,7.958423520904034e-05,4.356018325779587e-05,1.5404702935484238e-06,50.0,1906,
,135396,,,,,,,,1906,0.02734404429793358
9.999999999999994e-05,135399,,,,,,,,,
9.999999999999994e-05,135399,,,,,,,,,
9.999999999999994e-05,135399,,,,,,,,,
,135399,0.0009301865939050913,1.4479119272436947e-05,0.0006598171312361956,0.0001387028314638883,0.00011659987649181858,5.876043474017933e-07,50.0,1907,
9.999999999999994e-05,135449,,,,,,,,,
9.999999999999994e-05,135449,,,,,,,,,
9.999999999999994e-05,135449,,,,,,,,,
,135449,0.0006063497858121991,5.780106675956631e-06,0.00044943898683413863,7.975973130669445e-05,7.112688763299957e-05,2.44055883058536e-07,50.0,1907,
,135467,,,,,,,,1907,0.02665477618575096
9.999999999999994e-05,135499,,,,,,,,,
9.999999999999994e-05,135499,,,,,,,,,
9.999999999999994e-05,135499,,,,,,,,,
,135499,0.0005770613206550479,0.00011089726467616856,0.00034963598591275513,7.33131164452061e-05,4.304096364649013e-05,1.739972930181466e-07,50.0,1908,
,135538,,,,,,,,1908,0.027194565162062645
9.999999999999994e-05,135549,,,,,,,,,
9.999999999999994e-05,135549,,,,,,,,,
9.999999999999994e-05,135549,,,,,,,,,
,135549,0.0006360002444125712,1.0262134310323745e-05,0.00036418356467038393,0.000163637800142169,9.75072180153802e-05,4.095560655059671e-07,50.0,1909,
9.999999999999994e-05,135599,,,,,,,,,
9.999999999999994e-05,135599,,,,,,,,,
9.999999999999994e-05,135599,,,,,,,,,
,135599,0.0005184209439903498,1.7339398254989646e-05,0.000302425236441195,0.00010544718679739162,9.303347178502008e-05,1.7569006161011202e-07,50.0,1909,
,135609,,,,,,,,1909,0.02713514119386673
9.999999999999994e-05,135649,,,,,,,,,
9.999999999999994e-05,135649,,,,,,,,,
9.999999999999994e-05,135649,,,,,,,,,
,135649,0.0044052135199308395,0.002501737792044878,0.0012372677447274327,0.0003457815037108958,0.0003201790968887508,2.4787749453025754e-07,50.0,1910,
,135680,,,,,,,,1910,0.026638884097337723
9.999999999999994e-05,135699,,,,,,,,,
9.999999999999994e-05,135699,,,,,,,,,
9.999999999999994e-05,135699,,,,,,,,,
,135699,0.0007808711961843073,4.6861416194587946e-05,0.00041989091550931334,0.00018670094141270965,0.0001271950895898044,2.2283428791070037e-07,50.0,1911,
9.999999999999994e-05,135749,,,,,,,,,
9.999999999999994e-05,135749,,,,,,,,,
9.999999999999994e-05,135749,,,,,,,,,
,135749,0.0007279247511178255,0.00010519791976548731,0.0004674944211728871,9.911686356645077e-05,5.5929383961483836e-05,1.8614871066802152e-07,50.0,1911,
,135751,,,,,,,,1911,0.026870841160416603
9.999999999999994e-05,135799,,,,,,,,,
9.999999999999994e-05,135799,,,,,,,,,
9.999999999999994e-05,135799,,,,,,,,,
,135799,0.0007142593967728317,4.47481797891669e-05,0.0004738133866339922,0.00010735716932686046,8.815225010039285e-05,1.8843286397896009e-07,50.0,1912,
,135822,,,,,,,,1912,0.026573672890663147
9.999999999999994e-05,135849,,,,,,,,,
9.999999999999994e-05,135849,,,,,,,,,
9.999999999999994e-05,135849,,,,,,,,,
,135849,0.0018340086098760366,4.6527515223715454e-05,0.001421463442966342,0.0002031000767601654,0.00016273166693281382,1.860621239302418e-07,50.0,1913,
,135893,,,,,,,,1913,0.02723047323524952
9.999999999999994e-05,135899,,,,,,,,,
9.999999999999994e-05,135899,,,,,,,,,
9.999999999999994e-05,135899,,,,,,,,,
,135899,0.0010838493471965194,0.00032663095043972135,0.0005539622507058084,0.00012470845831558108,7.835229916963726e-05,1.9535809769877233e-07,50.0,1914,
9.999999999999994e-05,135949,,,,,,,,,
9.999999999999994e-05,135949,,,,,,,,,
9.999999999999994e-05,135949,,,,,,,,,
,135949,0.0012741071404889226,0.0005007932195439935,0.0005363832460716367,0.00015124506899155676,8.535257074981928e-05,3.331122684357979e-07,50.0,1914,
,135964,,,,,,,,1914,0.02706713043153286
9.999999999999994e-05,135999,,,,,,,,,
9.999999999999994e-05,135999,,,,,,,,,
9.999999999999994e-05,135999,,,,,,,,,
,135999,0.0005668265512213111,1.0648956958903e-05,0.00041374334250576794,8.982258441392332e-05,5.241540202405304e-05,1.9625696268121828e-07,50.0,1915,
,136035,,,,,,,,1915,0.026992948725819588
9.999999999999994e-05,136049,,,,,,,,,
9.999999999999994e-05,136049,,,,,,,,,
9.999999999999994e-05,136049,,,,,,,,,
,136049,0.0004424655344337225,6.526357174152508e-05,0.00028840734739787877,5.512458301382139e-05,3.356569504830986e-05,1.043694624058844e-07,50.0,1916,
9.999999999999994e-05,136099,,,,,,,,,
9.999999999999994e-05,136099,,,,,,,,,
9.999999999999994e-05,136099,,,,,,,,,
,136099,0.0005057926173321903,7.399132300633937e-06,0.0002887853770516813,0.00010542756353970617,0.00010395214485470206,2.2842465341454954e-07,50.0,1916,
,136106,,,,,,,,1916,0.02652832120656967
9.999999999999994e-05,136149,,,,,,,,,
9.999999999999994e-05,136149,,,,,,,,,
9.999999999999994e-05,136149,,,,,,,,,
,136149,0.0008888900047168136,0.00016660454275552183,0.0003433818928897381,0.00020913055050186813,0.00016953080194070935,2.422237912469427e-07,50.0,1917,
,136177,,,,,,,,1917,0.026616673916578293
9.999999999999994e-05,136199,,,,,,,,,
9.999999999999994e-05,136199,,,,,,,,,
9.999999999999994e-05,136199,,,,,,,,,
,136199,0.0007115330081433058,6.271187885431573e-05,0.0004392749979160726,0.00012764395796693861,8.15458843135275e-05,3.562213350960519e-07,50.0,1918,
,136248,,,,,,,,1918,0.027465229853987694
9.999999999999994e-05,136249,,,,,,,,,
9.999999999999994e-05,136249,,,,,,,,,
9.999999999999994e-05,136249,,,,,,,,,
,136249,0.0007216102094389498,0.00011087988968938589,0.00040363980224356055,0.00010575772466836497,0.00010120615479536355,1.2661836024108197e-07,50.0,1919,
9.999999999999994e-05,136299,,,,,,,,,
9.999999999999994e-05,136299,,,,,,,,,
9.999999999999994e-05,136299,,,,,,,,,
,136299,0.0022847859654575586,0.0003735636128112674,0.0006796764209866524,0.0005975293461233377,0.0006338991224765778,1.1756201701018654e-07,50.0,1919,
,136319,,,,,,,,1919,0.028283003717660904
9.999999999999994e-05,136349,,,,,,,,,
9.999999999999994e-05,136349,,,,,,,,,
9.999999999999994e-05,136349,,,,,,,,,
,136349,0.0008017231011763215,7.856024603825063e-05,0.0005706889787688851,8.524430450052023e-05,6.708697037538514e-05,1.4260278646816005e-07,50.0,1920,
,136390,,,,,,,,1920,0.02781176008284092
9.999999999999994e-05,136399,,,,,,,,,
9.999999999999994e-05,136399,,,,,,,,,
9.999999999999994e-05,136399,,,,,,,,,
,136399,0.0006504642078652978,0.00011256620200583711,0.000339427002472803,0.00012285519915167242,7.531241135438904e-05,3.034330973150645e-07,50.0,1921,
9.999999999999994e-05,136449,,,,,,,,,
9.999999999999994e-05,136449,,,,,,,,,
9.999999999999994e-05,136449,,,,,,,,,
,136449,0.0007450988632626832,1.293188142881263e-05,0.0005827566492371261,8.632470417069271e-05,6.295906496234238e-05,1.2661831760851783e-07,50.0,1921,
,136461,,,,,,,,1921,0.026992857456207275
9.999999999999994e-05,136499,,,,,,,,,
9.999999999999994e-05,136499,,,,,,,,,
9.999999999999994e-05,136499,,,,,,,,,
,136499,0.000674201815854758,6.010674042045139e-06,0.0004395797150209546,0.00014339394692797214,8.488529419992119e-05,3.322004715755611e-07,50.0,1922,
,136532,,,,,,,,1922,0.027106788009405136
9.999999999999994e-05,136549,,,,,,,,,
9.999999999999994e-05,136549,,,,,,,,,
9.999999999999994e-05,136549,,,,,,,,,
,136549,0.0008000729139894247,1.4405470210476778e-05,0.000565460417419672,0.00012102504842914641,9.900142322294414e-05,1.805693301548672e-07,50.0,1923,
9.999999999999994e-05,136599,,,,,,,,,
9.999999999999994e-05,136599,,,,,,,,,
9.999999999999994e-05,136599,,,,,,,,,
,136599,0.0007201034459285438,4.211963096167892e-05,0.00045773573219776154,0.00011071193148382008,0.00010850991384359077,1.0262338037136942e-06,50.0,1923,
,136603,,,,,,,,1923,0.02707693539559841
9.999999999999994e-05,136649,,,,,,,,,
9.999999999999994e-05,136649,,,,,,,,,
9.999999999999994e-05,136649,,,,,,,,,
,136649,0.000747816578950733,0.0001266736799152568,0.0004210757906548679,0.00011431696475483477,8.411800081375986e-05,1.632201701795566e-06,50.0,1924,
,136674,,,,,,,,1924,0.02694876492023468
9.999999999999994e-05,136699,,,,,,,,,
9.999999999999994e-05,136699,,,,,,,,,
9.999999999999994e-05,136699,,,,,,,,,
,136699,0.0006332879420369864,9.67907253652811e-05,0.000397023803088814,8.529513434041291e-05,5.396073538577184e-05,2.175868019094196e-07,50.0,1925,
,136745,,,,,,,,1925,0.027219455689191818
9.999999999999994e-05,136749,,,,,,,,,
9.999999999999994e-05,136749,,,,,,,,,
9.999999999999994e-05,136749,,,,,,,,,
,136749,0.0007673062500543892,3.4728855098364875e-05,0.000482229923363775,0.00014602702867705375,0.00010404779459349811,2.726824277488049e-07,50.0,1926,
9.999999999999994e-05,136799,,,,,,,,,
9.999999999999994e-05,136799,,,,,,,,,
9.999999999999994e-05,136799,,,,,,,,,
,136799,0.0006273499457165599,4.6271902647276875e-06,0.00041691638762131333,0.00013131419837009162,7.414953142870218e-05,3.4268526860614656e-07,50.0,1926,
,136816,,,,,,,,1926,0.026596153154969215
9.999999999999994e-05,136849,,,,,,,,,
9.999999999999994e-05,136849,,,,,,,,,
9.999999999999994e-05,136849,,,,,,,,,
,136849,0.000695410359185189,6.567293894477189e-05,0.0004897807957604527,8.234090637415648e-05,5.7403132814215496e-05,2.126094500454201e-07,50.0,1927,
,136887,,,,,,,,1927,0.026835381984710693
9.999999999999994e-05,136899,,,,,,,,,
9.999999999999994e-05,136899,,,,,,,,,
9.999999999999994e-05,136899,,,,,,,,,
,136899,0.000808625656645745,1.14368076538085e-05,0.0005320349591784179,0.0001398975873598829,8.882048859959468e-05,3.643583841039799e-05,50.0,1928,
9.999999999999994e-05,136949,,,,,,,,,
9.999999999999994e-05,136949,,,,,,,,,
9.999999999999994e-05,136949,,,,,,,,,
,136949,0.0008995489333756268,1.784793767001247e-06,0.0006315542850643396,0.0001597487134858966,0.00010610280878609046,3.583290038022824e-07,50.0,1928,
,136958,,,,,,,,1928,0.026711568236351013
9.999999999999994e-05,136999,,,,,,,,,
9.999999999999994e-05,136999,,,,,,,,,
9.999999999999994e-05,136999,,,,,,,,,
,136999,0.0006765880389139056,9.008895722217858e-05,0.0004048297123517841,0.00010416846635052934,7.725057366769761e-05,2.502715119589993e-07,50.0,1929,
,137029,,,,,,,,1929,0.027697179466485977
9.999999999999994e-05,137049,,,,,,,,,
9.999999999999994e-05,137049,,,,,,,,,
9.999999999999994e-05,137049,,,,,,,,,
,137049,0.0007452492136508226,7.831320544937626e-06,0.0005925730802118778,8.308683754876256e-05,6.163075886433944e-05,1.272141361141621e-07,50.0,1930,
9.999999999999994e-05,137099,,,,,,,,,
9.999999999999994e-05,137099,,,,,,,,,
9.999999999999994e-05,137099,,,,,,,,,
,137099,0.0015702309319749475,0.0003559220931492746,0.000783658295404166,0.00021073118841741234,0.00021973103866912425,1.8837756954326323e-07,50.0,1930,
,137100,,,,,,,,1930,0.02761927805840969
9.999999999999994e-05,137149,,,,,,,,,
9.999999999999994e-05,137149,,,,,,,,,
9.999999999999994e-05,137149,,,,,,,,,
,137149,0.0006743490812368691,1.1253786396991927e-05,0.0004511006409302354,0.00012101014726795256,9.078170114662498e-05,2.027672252324919e-07,50.0,1931,
,137171,,,,,,,,1931,0.027330171316862106
9.999999999999994e-05,137199,,,,,,,,,
9.999999999999994e-05,137199,,,,,,,,,
9.999999999999994e-05,137199,,,,,,,,,
,137199,0.0010984746040776372,0.0001932551385834813,0.0006622732616961002,0.00015021784929558635,9.254775795852765e-05,1.806876639420807e-07,50.0,1932,
,137242,,,,,,,,1932,0.02630213275551796
9.999999999999994e-05,137249,,,,,,,,,
9.999999999999994e-05,137249,,,,,,,,,
9.999999999999994e-05,137249,,,,,,,,,
,137249,0.0015532361576333642,3.711324097821489e-05,0.001186708570457995,0.0001686968607828021,0.00016044816584326327,2.69411657427554e-07,50.0,1933,
9.999999999999994e-05,137299,,,,,,,,,
9.999999999999994e-05,137299,,,,,,,,,
9.999999999999994e-05,137299,,,,,,,,,
,137299,0.0020426905248314142,2.046527515631169e-05,0.0015960437012836337,0.0002558479900471866,0.00017015427874866873,1.792363093500171e-07,50.0,1933,
,137313,,,,,,,,1933,0.026610389351844788
9.999999999999994e-05,137349,,,,,,,,,
9.999999999999994e-05,137349,,,,,,,,,
9.999999999999994e-05,137349,,,,,,,,,
,137349,0.0006759686511941254,2.9339082175283693e-05,0.0003239538928028196,0.00016845320351421833,0.00015401907148770988,2.0344739937172562e-07,50.0,1934,
,137384,,,,,,,,1934,0.026910332962870598
9.999999999999994e-05,137399,,,,,,,,,
9.999999999999994e-05,137399,,,,,,,,,
9.999999999999994e-05,137399,,,,,,,,,
,137399,0.0007711632642894983,3.7766972127428744e-06,0.0005396227934397757,0.00013409339589998126,9.284492989536375e-05,8.254139629571e-07,50.0,1935,
9.999999999999994e-05,137449,,,,,,,,,
9.999999999999994e-05,137449,,,,,,,,,
9.999999999999994e-05,137449,,,,,,,,,
,137449,0.0006150775006972253,2.9102087864885107e-05,0.00041682107257656753,0.0001158868835773319,5.302880526869558e-05,2.38632168247932e-07,50.0,1935,
,137455,,,,,,,,1935,0.026617614552378654
9.999999999999994e-05,137499,,,,,,,,,
9.999999999999994e-05,137499,,,,,,,,,
9.999999999999994e-05,137499,,,,,,,,,
,137499,0.0006322820554487407,1.9205410353606567e-05,0.0004149512096773833,0.00011596640251809731,7.894540613051504e-05,3.2135612855199724e-06,50.0,1936,
,137526,,,,,,,,1936,0.026587221771478653
9.999999999999994e-05,137549,,,,,,,,,
9.999999999999994e-05,137549,,,,,,,,,
9.999999999999994e-05,137549,,,,,,,,,
,137549,0.000580375490244478,3.9217175071826205e-06,0.0002493284409865737,0.00015385739970952272,8.704403444426134e-05,8.622388122603297e-05,50.0,1937,
,137597,,,,,,,,1937,0.02683096192777157
9.999999999999994e-05,137599,,,,,,,,,
9.999999999999994e-05,137599,,,,,,,,,
9.999999999999994e-05,137599,,,,,,,,,
,137599,0.0005394243635237217,0.00010811953688971698,0.0002684065839275718,0.00010197877418249846,5.76769161853008e-05,3.2425846256955992e-06,50.0,1938,
9.999999999999994e-05,137649,,,,,,,,,
9.999999999999994e-05,137649,,,,,,,,,
9.999999999999994e-05,137649,,,,,,,,,
,137649,0.0004444450605660677,5.1254719437565655e-05,0.00022895209258422256,0.00011471611651359126,4.9026264605345204e-05,4.95835877245554e-07,50.0,1938,
,137668,,,,,,,,1938,0.026815302670001984
9.999999999999994e-05,137699,,,,,,,,,
9.999999999999994e-05,137699,,,,,,,,,
9.999999999999994e-05,137699,,,,,,,,,
,137699,0.00041352875996381044,2.7435289666755125e-06,0.0002264088107040152,0.00011694991553667933,6.721729005221277e-05,2.0919954124565265e-07,50.0,1939,
,137739,,,,,,,,1939,0.027053220197558403
9.999999999999994e-05,137749,,,,,,,,,
9.999999999999994e-05,137749,,,,,,,,,
9.999999999999994e-05,137749,,,,,,,,,
,137749,0.0004685988824348897,2.4503638996975496e-05,0.00023849072749726474,0.00012003238225588575,8.541345596313477e-05,1.5866186231505708e-07,50.0,1940,
9.999999999999994e-05,137799,,,,,,,,,
9.999999999999994e-05,137799,,,,,,,,,
9.999999999999994e-05,137799,,,,,,,,,
,137799,0.0006272422033362091,0.00010904958617174998,0.00034622251405380666,0.0001083580355043523,6.338620733004063e-05,2.258320392911628e-07,50.0,1940,
,137810,,,,,,,,1940,0.027342386543750763
9.999999999999994e-05,137849,,,,,,,,,
9.999999999999994e-05,137849,,,,,,,,,
9.999999999999994e-05,137849,,,,,,,,,
,137849,0.000648635730613023,3.5796988413494546e-06,0.0004531916929408908,0.0001080449073924683,8.361853542737663e-05,2.0086683605313738e-07,50.0,1941,
,137881,,,,,,,,1941,0.027081487700343132
9.999999999999994e-05,137899,,,,,,,,,
9.999999999999994e-05,137899,,,,,,,,,
9.999999999999994e-05,137899,,,,,,,,,
,137899,0.0007330760126933455,0.000125921840663068,0.00040317606180906296,0.00013671009219251573,6.679804937448353e-05,4.699944327057892e-07,50.0,1942,
9.999999999999994e-05,137949,,,,,,,,,
9.999999999999994e-05,137949,,,,,,,,,
9.999999999999994e-05,137949,,,,,,,,,
,137949,0.000603250868152827,6.498472885141382e-06,0.00035863061202690005,0.00013789402146358043,0.00010001557529903948,2.121824422829377e-07,50.0,1942,
,137952,,,,,,,,1942,0.027325084432959557
9.999999999999994e-05,137999,,,,,,,,,
9.999999999999994e-05,137999,,,,,,,,,
9.999999999999994e-05,137999,,,,,,,,,
,137999,0.0007910095737315714,8.034440725168679e-06,0.0005736691527999938,0.0001294574758503586,7.96360254753381e-05,2.1254396642689244e-07,50.0,1943,
,138023,,,,,,,,1943,0.027182647958397865
9.999999999999994e-05,138049,,,,,,,,,
9.999999999999994e-05,138049,,,,,,,,,
9.999999999999994e-05,138049,,,,,,,,,
,138049,0.0009002420119941235,1.2986547517357394e-05,0.000625422690063715,0.00014706148067489266,0.00011460077075753361,1.7056538581528002e-07,50.0,1944,
,138094,,,,,,,,1944,0.027360863983631134
9.999999999999994e-05,138099,,,,,,,,,
9.999999999999994e-05,138099,,,,,,,,,
9.999999999999994e-05,138099,,,,,,,,,
,138099,0.0010774022666737437,1.1711470506270416e-05,0.000710112857632339,0.00020910653984174132,0.00014602406008634716,4.472988450743287e-07,50.0,1945,
9.999999999999994e-05,138149,,,,,,,,,
9.999999999999994e-05,138149,,,,,,,,,
9.999999999999994e-05,138149,,,,,,,,,
,138149,0.0005954214138910174,0.00011884715058840811,0.00034898356534540653,7.369158265646547e-05,5.378872447181493e-05,1.1039643510457608e-07,50.0,1945,
,138165,,,,,,,,1945,0.026546649634838104
9.999999999999994e-05,138199,,,,,,,,,
9.999999999999994e-05,138199,,,,,,,,,
9.999999999999994e-05,138199,,,,,,,,,
,138199,0.0007838159799575806,2.939356090791989e-05,0.0004567320575006306,0.00018161212210543454,0.00011579789861571044,2.803229222081427e-07,50.0,1946,
,138236,,,,,,,,1946,0.026497092097997665
9.999999999999994e-05,138249,,,,,,,,,
9.999999999999994e-05,138249,,,,,,,,,
9.999999999999994e-05,138249,,,,,,,,,
,138249,0.0009443442686460912,1.9289462215965614e-05,0.0007387965451925993,0.00011301969061605632,7.303610618691891e-05,2.0247307475074194e-07,50.0,1947,
9.999999999999994e-05,138299,,,,,,,,,
9.999999999999994e-05,138299,,,,,,,,,
9.999999999999994e-05,138299,,,,,,,,,
,138299,0.0007365930359810591,7.486337563022971e-05,0.0005227435613051057,9.276688797399402e-05,4.60346054751426e-05,1.8465327400463138e-07,50.0,1947,
,138307,,,,,,,,1947,0.027256330475211143
9.999999999999994e-05,138349,,,,,,,,,
9.999999999999994e-05,138349,,,,,,,,,
9.999999999999994e-05,138349,,,,,,,,,
,138349,0.0007198126404546201,0.00017083209240809083,0.00042217178270220757,8.092948701232672e-05,4.568881558952853e-05,1.904685120734939e-07,50.0,1948,
,138378,,,,,,,,1948,0.02680850401520729
9.999999999999994e-05,138399,,,,,,,,,
9.999999999999994e-05,138399,,,,,,,,,
9.999999999999994e-05,138399,,,,,,,,,
,138399,0.0011352866422384977,0.0001987260766327381,0.0007537671481259167,0.00010559729707892984,7.709130295552313e-05,1.0483455525900354e-07,50.0,1949,
9.999999999999994e-05,138449,,,,,,,,,
,138449,0.0011282708728685975,1.1821125553979073e-05,0.0008388715796172619,0.00015764003910589963,0.00011976428504567593,1.7396662599367119e-07,50.0,1949,
,138449,,,,,,,,1949,0.027171075344085693
9.999999999999994e-05,138499,,,,,,,,,
9.999999999999994e-05,138499,,,,,,,,,
9.999999999999994e-05,138499,,,,,,,,,
,138499,0.004363850224763155,0.0026399202179163694,0.001239460427314043,0.0002591116644907743,0.00022524246014654636,1.151567445845103e-07,50.0,1950,
,138520,,,,,,,,1950,0.02726546861231327
9.999999999999994e-05,138549,,,,,,,,,
9.999999999999994e-05,138549,,,,,,,,,
9.999999999999994e-05,138549,,,,,,,,,
,138549,0.0011684532510116696,3.772122727241367e-05,0.0007447586976923048,0.00021338864462450147,0.00017237348947674036,2.1121758209119434e-07,50.0,1951,
,138591,,,,,,,,1951,0.026522135362029076
9.999999999999994e-05,138599,,,,,,,,,
9.999999999999994e-05,138599,,,,,,,,,
9.999999999999994e-05,138599,,,,,,,,,
,138599,0.0013248352333903313,0.00019735073146875948,0.0007726396434009075,0.00020698239677585661,0.00014759189798496664,2.705879182940407e-07,50.0,1952,
9.999999999999994e-05,138649,,,,,,,,,
9.999999999999994e-05,138649,,,,,,,,,
9.999999999999994e-05,138649,,,,,,,,,
,138649,0.0012631119461730123,5.17301814397797e-05,0.0008861972019076347,0.000192441584658809,0.00013213432976044714,6.086077632971865e-07,50.0,1952,
,138662,,,,,,,,1952,0.027047937735915184
9.999999999999994e-05,138699,,,,,,,,,
9.999999999999994e-05,138699,,,,,,,,,
9.999999999999994e-05,138699,,,,,,,,,
,138699,0.0010517401387915015,3.333395943627693e-05,0.0007564934203401208,0.00015850699855946004,0.0001028973565553315,5.084269218968984e-07,50.0,1953,
,138733,,,,,,,,1953,0.027169233188033104
9.999999999999994e-05,138749,,,,,,,,,
9.999999999999994e-05,138749,,,,,,,,,
9.999999999999994e-05,138749,,,,,,,,,
,138749,0.0004953416646458209,9.415692147740629e-06,0.0003261993988417089,8.85038825799711e-05,5.4042262490838766e-05,1.718042403808795e-05,50.0,1954,
9.999999999999994e-05,138799,,,,,,,,,
9.999999999999994e-05,138799,,,,,,,,,
9.999999999999994e-05,138799,,,,,,,,,
,138799,0.0005435875500552356,2.9500802156690042e-06,0.00041671108920127153,6.643636879744008e-05,5.6052460422506556e-05,1.4375398222910007e-06,50.0,1954,
,138804,,,,,,,,1954,0.026781054213643074
9.999999999999994e-05,138849,,,,,,,,,
9.999999999999994e-05,138849,,,,,,,,,
9.999999999999994e-05,138849,,,,,,,,,
,138849,0.0009942392352968454,1.819313365558628e-05,0.0006561193731613457,0.000173074658960104,0.00014184812607709318,5.003928436053684e-06,50.0,1955,
,138875,,,,,,,,1955,0.026824571192264557
9.999999999999994e-05,138899,,,,,,,,,
9.999999999999994e-05,138899,,,,,,,,,
9.999999999999994e-05,138899,,,,,,,,,
,138899,0.0005489569739438593,6.913636752869934e-05,0.0003037001588381827,0.00011389516294002533,5.973892257316038e-05,2.486363655407331e-06,50.0,1956,
,138946,,,,,,,,1956,0.026891065761446953
9.999999999999994e-05,138949,,,,,,,,,
9.999999999999994e-05,138949,,,,,,,,,
9.999999999999994e-05,138949,,,,,,,,,
,138949,0.0013123800745233893,6.640994979534298e-05,0.0008307556272484362,0.00023008421703707427,0.0001838846510509029,1.24558619063464e-06,50.0,1957,
9.999999999999994e-05,138999,,,,,,,,,
9.999999999999994e-05,138999,,,,,,,,,
9.999999999999994e-05,138999,,,,,,,,,
,138999,0.0002961015561595559,2.222006969532231e-06,0.0001694720849627629,5.8442245062906295e-05,3.567640305845998e-05,3.0288809284684248e-05,50.0,1957,
,139017,,,,,,,,1957,0.027248064056038857
9.999999999999994e-05,139049,,,,,,,,,
9.999999999999994e-05,139049,,,,,,,,,
9.999999999999994e-05,139049,,,,,,,,,
,139049,0.0005160623113624752,4.60953451693058e-05,0.0002557359985075891,0.00014501412806566805,6.871697405586019e-05,4.998543090550811e-07,50.0,1958,
,139088,,,,,,,,1958,0.027493534609675407
9.999999999999994e-05,139099,,,,,,,,,
9.999999999999994e-05,139099,,,,,,,,,
9.999999999999994e-05,139099,,,,,,,,,
,139099,0.0006916226120665669,1.5672627341700718e-05,0.000469254853669554,0.00012954689736943692,7.688625191804022e-05,2.619979966311803e-07,50.0,1959,
9.999999999999994e-05,139149,,,,,,,,,
9.999999999999994e-05,139149,,,,,,,,,
9.999999999999994e-05,139149,,,,,,,,,
,139149,0.0008208999061025679,4.468179668037919e-06,0.0005408403230831027,0.00015622834325768054,0.00011906544386874884,2.9754312436125474e-07,50.0,1959,
,139159,,,,,,,,1959,0.02648695558309555
9.999999999999994e-05,139199,,,,,,,,,
9.999999999999994e-05,139199,,,,,,,,,
9.999999999999994e-05,139199,,,,,,,,,
,139199,0.0003073207917623222,5.2353466344357e-06,0.00018781310063786805,7.64019787311554e-05,3.765415749512613e-05,2.1621436019358953e-07,50.0,1960,
,139230,,,,,,,,1960,0.026601865887641907
9.999999999999994e-05,139249,,,,,,,,,
9.999999999999994e-05,139249,,,,,,,,,
9.999999999999994e-05,139249,,,,,,,,,
,139249,0.000724941783118993,0.00011382880620658398,0.0003343477437738329,0.0001458957267459482,0.000130693573737517,1.7598770796212193e-07,50.0,1961,
9.999999999999994e-05,139299,,,,,,,,,
9.999999999999994e-05,139299,,,,,,,,,
9.999999999999994e-05,139299,,,,,,,,,
,139299,0.0014303693315014243,5.6981694797286764e-05,0.0007261013961397111,0.0003773186181206256,0.00026980816619470716,1.593813152567236e-07,50.0,1961,
,139301,,,,,,,,1961,0.026954669505357742
9.999999999999994e-05,139349,,,,,,,,,
9.999999999999994e-05,139349,,,,,,,,,
9.999999999999994e-05,139349,,,,,,,,,
,139349,0.0022469370160251856,7.416054359055124e-06,0.0006940268795005977,0.0010403958149254322,0.0005046711885370314,4.269453199867712e-07,50.0,1962,
,139372,,,,,,,,1962,0.026613300666213036
9.999999999999994e-05,139399,,,,,,,,,
9.999999999999994e-05,139399,,,,,,,,,
9.999999999999994e-05,139399,,,,,,,,,
,139399,0.0007227137102745473,1.3077797120786272e-05,0.0005293866852298379,9.751872858032584e-05,8.257322770077735e-05,1.5727859192793403e-07,50.0,1963,
,139443,,,,,,,,1963,0.02665325440466404
9.999999999999994e-05,139449,,,,,,,,,
9.999999999999994e-05,139449,,,,,,,,,
9.999999999999994e-05,139449,,,,,,,,,
,139449,0.00083775888197124,0.00015507453645113856,0.0004486936377361417,0.00014124535664450377,9.24506748560816e-05,2.9462393058565794e-07,50.0,1964,
9.999999999999994e-05,139499,,,,,,,,,
9.999999999999994e-05,139499,,,,,,,,,
9.999999999999994e-05,139499,,,,,,,,,
,139499,0.001196470228023827,0.0001900297065731138,0.0006857760017737746,0.00018946055206470191,0.0001298691495321691,1.3346759715204826e-06,50.0,1964,
,139514,,,,,,,,1964,0.027076663449406624
9.999999999999994e-05,139549,,,,,,,,,
9.999999999999994e-05,139549,,,,,,,,,
9.999999999999994e-05,139549,,,,,,,,,
,139549,0.0006004937458783388,2.6514375349506736e-05,0.00042825521086342633,8.542540308553725e-05,6.008960190229118e-05,2.0921325472045282e-07,50.0,1965,
,139585,,,,,,,,1965,0.02713008224964142
9.999999999999994e-05,139599,,,,,,,,,
9.999999999999994e-05,139599,,,,,,,,,
9.999999999999994e-05,139599,,,,,,,,,
,139599,0.0010250532068312168,0.00011290492693660781,0.0006012364756315947,0.00016313479864038527,0.00014748243847861886,2.9448585792124504e-07,50.0,1966,
9.999999999999994e-05,139649,,,,,,,,,
9.999999999999994e-05,139649,,,,,,,,,
9.999999999999994e-05,139649,,,,,,,,,
,139649,0.0009221544023603201,0.00020431789744179696,0.0004587430157698691,0.00014328083489090204,0.00011556960816960782,2.4299458800669527e-07,50.0,1966,
,139656,,,,,,,,1966,0.026856884360313416
9.999999999999994e-05,139699,,,,,,,,,
9.999999999999994e-05,139699,,,,,,,,,
9.999999999999994e-05,139699,,,,,,,,,
,139699,0.0009412611834704876,0.00022405883646570146,0.000499668822158128,0.00013812478573527187,7.898725016275421e-05,4.2146723444602685e-07,50.0,1967,
,139727,,,,,,,,1967,0.026914559304714203
9.999999999999994e-05,139749,,,,,,,,,
9.999999999999994e-05,139749,,,,,,,,,
9.999999999999994e-05,139749,,,,,,,,,
,139749,0.00037154278834350407,2.6391653591417708e-06,0.0002328589907847345,7.414972787955776e-05,6.17705300101079e-05,1.2439153351806453e-07,50.0,1968,
,139798,,,,,,,,1968,0.026359830051660538
9.999999999999994e-05,139799,,,,,,,,,
9.999999999999994e-05,139799,,,,,,,,,
9.999999999999994e-05,139799,,,,,,,,,
,139799,0.0004348181828390807,1.1752626960515045e-05,0.0003083525225520134,7.154826016630977e-05,4.2982661398127675e-05,1.8212915620097192e-07,50.0,1969,
9.999999999999994e-05,139849,,,,,,,,,
9.999999999999994e-05,139849,,,,,,,,,
9.999999999999994e-05,139849,,,,,,,,,
,139849,0.0012144860811531544,1.7037191355484538e-05,0.0008323331130668521,0.0001780982711352408,0.00018680599168874323,2.1157282503736496e-07,50.0,1969,
,139869,,,,,,,,1969,0.02669777162373066
9.999999999999994e-05,139899,,,,,,,,,
9.999999999999994e-05,139899,,,,,,,,,
9.999999999999994e-05,139899,,,,,,,,,
,139899,0.0007240694249048829,0.0001092874736059457,0.00038041587686166167,0.00012333807535469532,0.00011078923853347078,2.3873457166700973e-07,50.0,1970,
,139940,,,,,,,,1970,0.02661578170955181
9.999999999999994e-05,139949,,,,,,,,,
9.999999999999994e-05,139949,,,,,,,,,
9.999999999999994e-05,139949,,,,,,,,,
,139949,0.0009416775428690016,0.00012797622184734792,0.0005970018683001399,0.0001292370434384793,8.727790554985404e-05,1.8454301198289613e-07,50.0,1971,
9.999999999999994e-05,139999,,,,,,,,,
9.999999999999994e-05,139999,,,,,,,,,
9.999999999999994e-05,139999,,,,,,,,,
,139999,0.000686346145812422,1.5158264432102442e-05,0.0004906451795250177,6.240687798708677e-05,6.0755737649742514e-05,5.7380057114642113e-05,50.0,1971,
,140011,,,,,,,,1971,0.02685435488820076
9.999999999999994e-05,140049,,,,,,,,,
9.999999999999994e-05,140049,,,,,,,,,
9.999999999999994e-05,140049,,,,,,,,,
,140049,0.0008608579519204795,0.00011255036224611104,0.00048135605175048113,0.00014971729251556098,0.00011293096758890897,4.30329964729026e-06,50.0,1972,
,140082,,,,,,,,1972,0.02676166407763958
9.999999999999994e-05,140099,,,,,,,,,
9.999999999999994e-05,140099,,,,,,,,,
9.999999999999994e-05,140099,,,,,,,,,
,140099,0.0004524858668446541,2.4285868676088285e-06,0.0003234561299905181,7.3585870268289e-05,5.215913915890269e-05,8.561507343074481e-07,50.0,1973,
9.999999999999994e-05,140149,,,,,,,,,
9.999999999999994e-05,140149,,,,,,,,,
9.999999999999994e-05,140149,,,,,,,,,
,140149,0.0006741700344718993,6.353124626912177e-05,0.0004063763772137463,0.00012643633817788213,7.7384764153976e-05,4.413363114963431e-07,50.0,1973,
,140153,,,,,,,,1973,0.026655154302716255
9.999999999999994e-05,140199,,,,,,,,,
9.999999999999994e-05,140199,,,,,,,,,
9.999999999999994e-05,140199,,,,,,,,,
,140199,0.0006434022798202932,1.4934883438399993e-05,0.0004367250367067754,9.819086699280888e-05,9.343692363472655e-05,1.1456984339019982e-07,50.0,1974,
,140224,,,,,,,,1974,0.026899559423327446
9.999999999999994e-05,140249,,,,,,,,,
9.999999999999994e-05,140249,,,,,,,,,
9.999999999999994e-05,140249,,,,,,,,,
,140249,0.0038870791904628277,0.0002671506954357028,0.0026116303633898497,0.0005080957198515534,0.0004441625205799937,5.603994213743135e-05,50.0,1975,
,140295,,,,,,,,1975,0.02735293097794056
9.999999999999994e-05,140299,,,,,,,,,
9.999999999999994e-05,140299,,,,,,,,,
9.999999999999994e-05,140299,,,,,,,,,
,140299,0.0013185773277655244,0.00021098609431646764,0.0006352581549435854,0.00022734887897968292,0.00017157851834781468,7.340566662605852e-05,50.0,1976,
9.999999999999994e-05,140349,,,,,,,,,
9.999999999999994e-05,140349,,,,,,,,,
9.999999999999994e-05,140349,,,,,,,,,
,140349,0.0018850865308195353,2.7860543923452497e-05,0.0013581350212916732,0.0002410126180620864,0.00022401995374821126,3.405834286240861e-05,50.0,1976,
,140366,,,,,,,,1976,0.026743227615952492
9.999999999999994e-05,140399,,,,,,,,,
9.999999999999994e-05,140399,,,,,,,,,
9.999999999999994e-05,140399,,,,,,,,,
,140399,0.0015911246882751584,0.0002686841180548072,0.0008048470481298864,0.0002845006238203496,0.00023186649195849895,1.226431891154789e-06,50.0,1977,
,140437,,,,,,,,1977,0.026115592569112778
9.999999999999994e-05,140449,,,,,,,,,
9.999999999999994e-05,140449,,,,,,,,,
9.999999999999994e-05,140449,,,,,,,,,
,140449,0.0014984761364758015,0.0002577825798653066,0.0008013823535293341,0.00025081259082071483,0.0001882174692582339,2.8097480253563845e-07,50.0,1978,
9.999999999999994e-05,140499,,,,,,,,,
9.999999999999994e-05,140499,,,,,,,,,
9.999999999999994e-05,140499,,,,,,,,,
,140499,0.0009861827129498124,0.00012329463788773865,0.0006471617380157113,0.0001232184877153486,9.235359175363556e-05,1.5420171450841735e-07,50.0,1978,
,140508,,,,,,,,1978,0.027057239785790443
9.999999999999994e-05,140549,,,,,,,,,
9.999999999999994e-05,140549,,,,,,,,,
9.999999999999994e-05,140549,,,,,,,,,
,140549,0.0006071936804801226,7.962662493810058e-06,0.00037868006620556116,0.00013887305976822972,8.133630035445094e-05,3.416026288505236e-07,50.0,1979,
,140579,,,,,,,,1979,0.026759598404169083
9.999999999999994e-05,140599,,,,,,,,,
9.999999999999994e-05,140599,,,,,,,,,
9.999999999999994e-05,140599,,,,,,,,,
,140599,0.000628942740149796,0.0001673316437518224,0.00033600375172682106,7.622721022926271e-05,4.926413021166809e-05,1.1602199379012745e-07,50.0,1980,
9.999999999999994e-05,140649,,,,,,,,,
9.999999999999994e-05,140649,,,,,,,,,
9.999999999999994e-05,140649,,,,,,,,,
,140649,0.0005935248918831348,1.4689121599076316e-05,0.0003703158290591091,0.00013050681445747614,7.77686364017427e-05,2.4454007530039235e-07,50.0,1980,
,140650,,,,,,,,1980,0.026526374742388725
9.999999999999994e-05,140699,,,,,,,,,
9.999999999999994e-05,140699,,,,,,,,,
9.999999999999994e-05,140699,,,,,,,,,
,140699,0.0009729542653076351,0.00017514961655251682,0.0005774167366325855,0.00014323394862003624,7.683486182941124e-05,3.1910198572404624e-07,50.0,1981,
,140721,,,,,,,,1981,0.02675377018749714
9.999999999999994e-05,140749,,,,,,,,,
9.999999999999994e-05,140749,,,,,,,,,
9.999999999999994e-05,140749,,,,,,,,,
,140749,0.0011102821445092559,1.7637834389461204e-05,0.0006911982200108469,0.00022915306908544153,0.0001720511936582625,2.418281894733809e-07,50.0,1982,
,140792,,,,,,,,1982,0.027118243277072906
9.999999999999994e-05,140799,,,,,,,,,
9.999999999999994e-05,140799,,,,,,,,,
9.999999999999994e-05,140799,,,,,,,,,
,140799,0.0007362905889749527,1.8428665498504415e-05,0.0005009427550248802,0.0001247018517460674,9.206041431752965e-05,1.569194978401356e-07,50.0,1983,
9.999999999999994e-05,140849,,,,,,,,,
9.999999999999994e-05,140849,,,,,,,,,
9.999999999999994e-05,140849,,,,,,,,,
,140849,0.0006367518217302859,1.7546295566717163e-05,0.00035707183997146785,0.00015943280595820397,0.00010248227772535756,2.1862635435354605e-07,50.0,1983,
,140863,,,,,,,,1983,0.027550186961889267
9.999999999999994e-05,140899,,,,,,,,,
9.999999999999994e-05,140899,,,,,,,,,
9.999999999999994e-05,140899,,,,,,,,,
,140899,0.0010648187017068267,0.0001759332953952253,0.0006122183986008167,0.0001510039292043075,0.00012547729420475662,1.858027189882705e-07,50.0,1984,
,140934,,,,,,,,1984,0.02633921056985855
9.999999999999994e-05,140949,,,,,,,,,
9.999999999999994e-05,140949,,,,,,,,,
9.999999999999994e-05,140949,,,,,,,,,
,140949,0.0016278275288641453,0.0004045611131004989,0.0008767680847086012,0.00019623662228696048,0.00015006025205366313,2.0139815148922935e-07,50.0,1985,
9.999999999999994e-05,140999,,,,,,,,,
9.999999999999994e-05,140999,,,,,,,,,
9.999999999999994e-05,140999,,,,,,,,,
,140999,0.0007707717013545334,0.00010694354568840936,0.00048560096183791757,0.0001064645402948372,7.157863728934899e-05,1.8400433532406169e-07,50.0,1985,
,141005,,,,,,,,1985,0.02706984244287014
9.999999999999994e-05,141049,,,,,,,,,
9.999999999999994e-05,141049,,,,,,,,,
9.999999999999994e-05,141049,,,,,,,,,
,141049,0.0004672180220950395,3.6384330996952485e-06,0.00034674935159273446,6.912719982210547e-05,4.7530586016364396e-05,1.7244107652913954e-07,50.0,1986,
,141076,,,,,,,,1986,0.02686762437224388
9.999999999999994e-05,141099,,,,,,,,,
9.999999999999994e-05,141099,,,,,,,,,
9.999999999999994e-05,141099,,,,,,,,,
,141099,0.0008737991447560489,7.122204988263547e-05,0.0005293869180604815,0.0001401410554535687,0.0001329083024756983,1.4077818377700169e-07,50.0,1987,
,141147,,,,,,,,1987,0.026716703549027443
9.999999999999994e-05,141149,,,,,,,,,
9.999999999999994e-05,141149,,,,,,,,,
9.999999999999994e-05,141149,,,,,,,,,
,141149,0.00039140129229053855,1.3408754966803826e-05,0.00026083432021550834,6.836293323431164e-05,4.8655496357241645e-05,1.398022533294352e-07,50.0,1988,
9.999999999999994e-05,141199,,,,,,,,,
9.999999999999994e-05,141199,,,,,,,,,
9.999999999999994e-05,141199,,,,,,,,,
,141199,0.0004977351054549217,1.6999596482492052e-05,0.00036145004560239613,6.626891263294965e-05,5.161125591257587e-05,1.405264129061834e-06,50.0,1988,
,141218,,,,,,,,1988,0.027179570868611336
9.999999999999994e-05,141249,,,,,,,,,
9.999999999999994e-05,141249,,,,,,,,,
9.999999999999994e-05,141249,,,,,,,,,
,141249,0.0005474126664921641,0.0001274472160730511,0.0002835177001543343,7.671894854865968e-05,5.6707256590016186e-05,3.0215774131647777e-06,50.0,1989,
,141289,,,,,,,,1989,0.0269081462174654
9.999999999999994e-05,141299,,,,,,,,,
9.999999999999994e-05,141299,,,,,,,,,
9.999999999999994e-05,141299,,,,,,,,,
,141299,0.0008637525606900454,1.614054781384766e-05,0.0006182767683640122,0.0001384394709020853,8.887756848707795e-05,2.0182353637210326e-06,50.0,1990,
9.999999999999994e-05,141349,,,,,,,,,
9.999999999999994e-05,141349,,,,,,,,,
9.999999999999994e-05,141349,,,,,,,,,
,141349,0.0004826675576623529,6.774030771339312e-05,0.00030419076210819185,6.9286092184484e-05,4.021557469968684e-05,1.2348311884124996e-06,50.0,1990,
,141360,,,,,,,,1990,0.02689763717353344
9.999999999999994e-05,141399,,,,,,,,,
9.999999999999994e-05,141399,,,,,,,,,
9.999999999999994e-05,141399,,,,,,,,,
,141399,0.0007769734365865588,3.354645741637796e-06,0.0006314784404821694,7.643597200512886e-05,5.9564765251707286e-05,6.139634024293628e-06,50.0,1991,
,141431,,,,,,,,1991,0.027131611481308937
9.999999999999994e-05,141449,,,,,,,,,
9.999999999999994e-05,141449,,,,,,,,,
9.999999999999994e-05,141449,,,,,,,,,
,141449,0.0009167412645183504,9.839364065555856e-05,0.0006422008154913783,9.680194489192218e-05,7.913743320386857e-05,2.074106504323936e-07,50.0,1992,
9.999999999999994e-05,141499,,,,,,,,,
9.999999999999994e-05,141499,,,,,,,,,
9.999999999999994e-05,141499,,,,,,,,,
,141499,0.0011076347436755896,0.0001775234122760594,0.0006300773820839822,0.00015594976139254868,0.00014393392484635115,1.502663309338459e-07,50.0,1992,
,141502,,,,,,,,1992,0.026437198743224144
9.999999999999994e-05,141549,,,,,,,,,
9.999999999999994e-05,141549,,,,,,,,,
9.999999999999994e-05,141549,,,,,,,,,
,141549,0.0024247141554951668,0.00034735893132165074,0.0016204077983275056,0.000267981318756938,0.00018883944721892476,1.266224955998041e-07,50.0,1993,
,141573,,,,,,,,1993,0.027176879346370697
9.999999999999994e-05,141599,,,,,,,,,
9.999999999999994e-05,141599,,,,,,,,,
9.999999999999994e-05,141599,,,,,,,,,
,141599,0.0010841739131137729,0.00010881677008001134,0.0007437064195983112,0.00012071424862369895,0.00011077449016738683,1.6197763841319102e-07,50.0,1994,
,141644,,,,,,,,1994,0.027441689744591713
9.999999999999994e-05,141649,,,,,,,,,
9.999999999999994e-05,141649,,,,,,,,,
9.999999999999994e-05,141649,,,,,,,,,
,141649,0.0009548041271045804,0.00015860632993280888,0.0005595404654741287,0.00014781688514631242,8.864192204782739e-05,1.9848476995321107e-07,50.0,1995,
9.999999999999994e-05,141699,,,,,,,,,
9.999999999999994e-05,141699,,,,,,,,,
9.999999999999994e-05,141699,,,,,,,,,
,141699,0.0009888707427307963,0.0002016311336774379,0.0004966143169440329,0.0001596518704900518,0.00013078111805953085,1.922821155631027e-07,50.0,1995,
,141715,,,,,,,,1995,0.026737162843346596
9.999999999999994e-05,141749,,,,,,,,,
9.999999999999994e-05,141749,,,,,,,,,
9.999999999999994e-05,141749,,,,,,,,,
,141749,0.0007931454456411302,7.920889402157627e-06,0.0006357943639159203,8.683778287377208e-05,6.241678056539968e-05,1.755961847038634e-07,50.0,1996,
,141786,,,,,,,,1996,0.02715122699737549
9.999999999999994e-05,141799,,,,,,,,,
9.999999999999994e-05,141799,,,,,,,,,
9.999999999999994e-05,141799,,,,,,,,,
,141799,0.0008837144123390317,6.0777119870181195e-06,0.0006296719657257199,0.00014801441284362227,9.972939733415842e-05,2.20929649685786e-07,50.0,1997,
9.999999999999994e-05,141849,,,,,,,,,
9.999999999999994e-05,141849,,,,,,,,,
9.999999999999994e-05,141849,,,,,,,,,
,141849,0.0010434659197926521,0.00016570635489188135,0.0005869936430826783,0.000172782049048692,0.00011779046326410025,1.9335794831931707e-07,50.0,1997,
,141857,,,,,,,,1997,0.026370588690042496
9.999999999999994e-05,141899,,,,,,,,,
9.999999999999994e-05,141899,,,,,,,,,
9.999999999999994e-05,141899,,,,,,,,,
,141899,0.0008977400721050799,0.00011220876331208274,0.0005374044412747025,0.00015856655954848975,8.935161167755723e-05,2.086792676436744e-07,50.0,1998,
,141928,,,,,,,,1998,0.02732478454709053
9.999999999999994e-05,141949,,,,,,,,,
9.999999999999994e-05,141949,,,,,,,,,
9.999999999999994e-05,141949,,,,,,,,,
,141949,0.0005898262606933713,1.7796855900087394e-05,0.00035321334144100547,0.00013168592704460025,8.198460272978991e-05,5.14551675223629e-06,50.0,1999,
9.999999999999994e-05,141999,,,,,,,,,
,141999,0.0006676689954474568,0.00010367747017880902,0.0004063935484737158,0.00010292739898432046,5.4323278163792565e-05,3.473169840617629e-07,50.0,1999,
,141999,,,,,,,,1999,0.026725852862000465
